MM utilization KPI,MM optimization KPI,Mill feed (Bit 0),Fineness (Bit 1),Hydraulic pressure (Bit 2),Mill gas flow (Bit 3),pressure_change,gasflow_change,feed_change,pressure_mean5,gasflow_mean5,Overload
80.0,33.33,73.33,100.0,0,0,0,0,-26.67,0.0,0.0,0
90.0,33.33,86.67,100.0,0,0,0,0,13.340000000000003,0.0,0.0,0
25.0,33.33,0.0,100.0,0,0,0,0,-86.67,0.0,0.0,0
100.0,0.0,100.0,100.0,0,0,0,0,100.0,0.0,0.0,0
100.0,0.0,100.0,100.0,0,0,0,0,0.0,0.0,0.0,0
100.0,0.0,100.0,100.0,0,0,0,0,0.0,0.0,0.0,0
100.0,0.0,100.0,100.0,0,0,0,0,0.0,0.0,0.0,0
100.0,0.0,100.0,100.0,0,0,0,0,0.0,0.0,0.0,0
100.0,0.0,100.0,100.0,0,0,0,0,0.0,0.0,0.0,0
100.0,0.0,100.0,100.0,0,0,0,0,0.0,0.0,0.0,0
100.0,0.0,100.0,100.0,0,0,0,0,0.0,0.0,0.0,0
100.0,0.0,100.0,100.0,0,0,0,0,0.0,0.0,0.0,0
100.0,0.0,100.0,100.0,0,0,0,0,0.0,0.0,0.0,0
100.0,0.0,100.0,100.0,0,0,0,0,0.0,0.0,0.0,0
100.0,33.33,100.0,100.0,0,0,0,0,0.0,0.0,0.0,1
100.0,33.33,100.0,100.0,0,0,0,0,0.0,0.0,0.0,1
100.0,33.33,100.0,100.0,0,0,0,0,0.0,0.0,0.0,1
100.0,33.33,100.0,100.0,0,0,0,0,0.0,0.0,0.0,1
100.0,33.33,100.0,100.0,0,0,0,0,0.0,0.0,0.0,1
100.0,33.33,100.0,100.0,0,0,0,0,0.0,0.0,0.0,1
100.0,33.33,100.0,100.0,0,0,0,0,0.0,0.0,0.0,1
100.0,33.33,100.0,100.0,0,0,0,0,0.0,0.0,0.0,1
100.0,33.33,100.0,100.0,0,0,0,0,0.0,0.0,0.0,1
100.0,33.33,100.0,100.0,0,0,0,0,0.0,0.0,0.0,1
100.0,33.33,100.0,100.0,0,0,0,0,0.0,0.0,0.0,1
100.0,33.33,100.0,100.0,0,0,0,0,0.0,0.0,0.0,1
100.0,33.33,100.0,100.0,0,0,0,0,0.0,0.0,0.0,1
100.0,33.33,100.0,100.0,0,0,0,0,0.0,0.0,0.0,1
100.0,33.33,100.0,100.0,0,0,0,0,0.0,0.0,0.0,1
100.0,33.33,100.0,100.0,0,0,0,0,0.0,0.0,0.0,1
100.0,33.33,100.0,100.0,0,0,0,0,0.0,0.0,0.0,1
100.0,33.33,100.0,100.0,0,0,0,0,0.0,0.0,0.0,1
100.0,33.33,100.0,100.0,0,0,0,0,0.0,0.0,0.0,1
100.0,33.33,100.0,100.0,0,0,0,0,0.0,0.0,0.0,1
100.0,33.33,100.0,100.0,0,0,0,0,0.0,0.0,0.0,1
100.0,33.33,100.0,100.0,0,0,0,0,0.0,0.0,0.0,1
100.0,33.33,100.0,100.0,0,0,0,0,0.0,0.0,0.0,1
100.0,33.33,100.0,100.0,0,0,0,0,0.0,0.0,0.0,1
100.0,33.33,100.0,100.0,0,0,0,0,0.0,0.0,0.0,1
100.0,33.33,100.0,100.0,0,0,0,0,0.0,0.0,0.0,1
25.0,0.0,0.0,100.0,0,0,0,0,-100.0,0.0,0.0,0
25.0,0.0,0.0,100.0,0,0,0,0,0.0,0.0,0.0,0
25.0,0.0,0.0,100.0,0,0,0,0,0.0,0.0,0.0,0
100.0,33.33,100.0,100.0,0,0,0,0,100.0,0.0,0.0,1
100.0,33.33,100.0,100.0,0,0,0,0,0.0,0.0,0.0,1
100.0,33.33,100.0,100.0,0,0,0,0,0.0,0.0,0.0,1
100.0,33.33,100.0,100.0,0,0,0,0,0.0,0.0,0.0,1
100.0,33.33,100.0,100.0,0,0,0,0,0.0,0.0,0.0,1
100.0,33.33,100.0,100.0,0,0,0,0,0.0,0.0,0.0,1
100.0,33.33,100.0,100.0,0,0,0,0,0.0,0.0,0.0,1
70.0,33.33,60.0,100.0,0,0,0,0,-40.0,0.0,0.0,0
43.37,33.33,24.49,100.0,0,0,0,0,-35.510000000000005,0.0,0.0,0
79.41,33.33,94.12,35.29,0,0,0,0,69.63000000000001,0.0,0.0,0
22.5,33.33,30.0,0.0,0,0,0,0,-64.12,0.0,0.0,0
73.75,33.33,98.33,0.0,0,0,0,0,68.33,0.0,0.0,0
50.0,33.33,66.67,0.0,0,0,0,0,-31.659999999999997,0.0,0.0,0
68.5,33.33,58.0,100.0,0,0,0,0,-8.670000000000002,0.0,0.0,0
96.25,33.33,95.0,100.0,0,0,0,0,37.0,0.0,0.0,1
97.08,33.33,100.0,88.33,0,0,0,0,5.0,0.0,0.0,1
100.0,33.33,100.0,100.0,0,0,0,0,0.0,0.0,0.0,1
100.0,33.33,100.0,100.0,0,0,0,0,0.0,0.0,0.0,1
100.0,33.33,100.0,100.0,0,0,0,0,0.0,0.0,0.0,1
100.0,33.33,100.0,100.0,0,0,0,0,0.0,0.0,0.0,1
100.0,33.33,100.0,100.0,0,0,0,0,0.0,0.0,0.0,1
100.0,33.33,100.0,100.0,0,0,0,0,0.0,0.0,0.0,1
100.0,33.33,100.0,100.0,0,0,0,0,0.0,0.0,0.0,1
100.0,33.33,100.0,100.0,0,0,0,0,0.0,0.0,0.0,1
100.0,33.33,100.0,100.0,0,0,0,0,0.0,0.0,0.0,1
100.0,33.33,100.0,100.0,0,0,0,0,0.0,0.0,0.0,1
100.0,33.33,100.0,100.0,0,0,0,0,0.0,0.0,0.0,1
100.0,33.33,100.0,100.0,0,0,0,0,0.0,0.0,0.0,1
100.0,33.33,100.0,100.0,0,0,0,0,0.0,0.0,0.0,1
100.0,33.33,100.0,100.0,0,0,0,0,0.0,0.0,0.0,1
100.0,33.33,100.0,100.0,0,0,0,0,0.0,0.0,0.0,1
100.0,33.33,100.0,100.0,0,0,0,0,0.0,0.0,0.0,1
100.0,33.33,100.0,100.0,0,0,0,0,0.0,0.0,0.0,1
100.0,33.33,100.0,100.0,0,0,0,0,0.0,0.0,0.0,1
100.0,33.33,100.0,100.0,0,0,0,0,0.0,0.0,0.0,1
100.0,33.33,100.0,100.0,0,0,0,0,0.0,0.0,0.0,1
100.0,33.33,100.0,100.0,0,0,0,0,0.0,0.0,0.0,1
100.0,33.33,100.0,100.0,0,0,0,0,0.0,0.0,0.0,1
100.0,33.33,100.0,100.0,0,0,0,0,0.0,0.0,0.0,1
100.0,33.33,100.0,100.0,0,0,0,0,0.0,0.0,0.0,1
100.0,33.33,100.0,100.0,0,0,0,0,0.0,0.0,0.0,1
100.0,33.33,100.0,100.0,0,0,0,0,0.0,0.0,0.0,1
100.0,33.33,100.0,100.0,0,0,0,0,0.0,0.0,0.0,1
100.0,33.33,100.0,100.0,0,0,0,0,0.0,0.0,0.0,1
100.0,33.33,100.0,100.0,0,0,0,0,0.0,0.0,0.0,1
100.0,33.33,100.0,100.0,0,0,0,0,0.0,0.0,0.0,1
100.0,33.33,100.0,100.0,0,0,0,0,0.0,0.0,0.0,1
100.0,33.33,100.0,100.0,0,0,0,0,0.0,0.0,0.0,1
100.0,33.33,100.0,100.0,0,0,0,0,0.0,0.0,0.0,1
100.0,33.33,100.0,100.0,0,0,0,0,0.0,0.0,0.0,1
100.0,33.33,100.0,100.0,0,0,0,0,0.0,0.0,0.0,1
100.0,0.0,100.0,100.0,0,0,0,0,0.0,0.0,0.0,0
100.0,0.0,100.0,100.0,0,0,0,0,0.0,0.0,0.0,0
60.0,0.0,46.67,100.0,0,0,0,0,-53.33,0.0,0.0,0
68.75,0.0,58.33,100.0,0,0,0,0,11.659999999999997,0.0,0.0,0
100.0,0.0,100.0,100.0,0,0,0,0,41.67,0.0,0.0,0
100.0,0.0,100.0,100.0,0,0,0,0,0.0,0.0,0.0,0
90.95,0.0,87.93,100.0,0,0,0,0,-12.069999999999993,0.0,0.0,0
87.74,0.0,94.34,67.92,0,0,0,0,6.409999999999997,0.0,0.0,0
98.91,0.0,100.0,95.65,0,0,0,0,5.659999999999997,0.0,0.0,0
100.0,0.0,100.0,100.0,0,0,0,0,0.0,0.0,0.0,0
58.48,0.0,44.64,100.0,0,0,0,0,-55.36,0.0,0.0,0
28.33,0.0,4.44,100.0,0,0,0,0,-40.2,0.0,0.0,0
100.0,0.0,100.0,100.0,0,0,0,0,95.56,0.0,0.0,0
100.0,0.0,100.0,100.0,0,0,0,0,0.0,0.0,0.0,0
100.0,0.0,100.0,100.0,0,0,0,0,0.0,0.0,0.0,0
100.0,33.33,100.0,100.0,0,0,0,0,0.0,0.0,0.0,1
82.5,33.33,76.67,100.0,0,0,0,0,-23.33,0.0,0.0,0
100.0,33.33,100.0,100.0,0,0,0,0,23.33,0.0,0.0,1
100.0,33.33,100.0,100.0,0,0,0,0,0.0,0.0,0.0,1
100.0,33.33,100.0,100.0,0,0,0,0,0.0,0.0,0.0,1
100.0,33.33,100.0,100.0,0,0,0,0,0.0,0.0,0.0,1
100.0,33.33,100.0,100.0,0,0,0,0,0.0,0.0,0.0,1
100.0,33.33,100.0,100.0,0,0,0,0,0.0,0.0,0.0,1
100.0,33.33,100.0,100.0,0,0,0,0,0.0,0.0,0.0,1
100.0,33.33,100.0,100.0,0,0,0,0,0.0,0.0,0.0,1
100.0,33.33,100.0,100.0,0,0,0,0,0.0,0.0,0.0,1
100.0,33.33,100.0,100.0,0,0,0,0,0.0,0.0,0.0,1
100.0,33.33,100.0,100.0,0,0,0,0,0.0,0.0,0.0,1
100.0,33.33,100.0,100.0,0,0,0,0,0.0,0.0,0.0,1
100.0,33.33,100.0,100.0,0,0,0,0,0.0,0.0,0.0,1
100.0,33.33,100.0,100.0,0,0,0,0,0.0,0.0,0.0,1
100.0,33.33,100.0,100.0,0,0,0,0,0.0,0.0,0.0,1
100.0,33.33,100.0,100.0,0,0,0,0,0.0,0.0,0.0,1
100.0,33.33,100.0,100.0,0,0,0,0,0.0,0.0,0.0,1
100.0,33.33,100.0,100.0,0,0,0,0,0.0,0.0,0.0,1
100.0,33.33,100.0,100.0,0,0,0,0,0.0,0.0,0.0,1
100.0,33.33,100.0,100.0,0,0,0,0,0.0,0.0,0.0,1
100.0,33.33,100.0,100.0,0,0,0,0,0.0,0.0,0.0,1
100.0,33.33,100.0,100.0,0,0,0,0,0.0,0.0,0.0,1
100.0,33.33,100.0,100.0,0,0,0,0,0.0,0.0,0.0,1
100.0,33.33,100.0,100.0,0,0,0,0,0.0,0.0,0.0,1
100.0,33.33,100.0,100.0,0,0,0,0,0.0,0.0,0.0,1
93.33,31.11,93.33,93.33,0,0,0,0,-6.670000000000002,0.0,0.0,1
96.25,33.33,95.0,100.0,0,0,0,0,1.6700000000000017,0.0,0.0,1
100.0,33.33,100.0,100.0,0,0,0,0,5.0,0.0,0.0,1
100.0,33.33,100.0,100.0,0,0,0,0,0.0,0.0,0.0,1
100.0,0.0,100.0,100.0,0,0,0,0,0.0,0.0,0.0,0
100.0,0.0,100.0,100.0,0,0,0,0,0.0,0.0,0.0,0
100.0,0.0,100.0,100.0,0,0,0,0,0.0,0.0,0.0,0
92.11,0.0,89.47,100.0,0,0,0,0,-10.530000000000001,0.0,0.0,0
100.0,0.0,100.0,100.0,0,0,0,0,10.530000000000001,0.0,0.0,0
66.25,0.0,55.0,100.0,0,0,0,0,-45.0,0.0,0.0,0
59.82,0.0,46.43,100.0,0,0,0,0,-8.57,0.0,0.0,0
68.75,0.0,58.33,100.0,0,0,0,0,11.899999999999999,0.0,0.0,0
78.75,0.0,71.67,100.0,0,0,0,0,13.340000000000003,0.0,0.0,0
67.5,0.0,56.67,100.0,0,0,0,0,-15.0,0.0,0.0,0
35.0,0.0,15.0,95.0,0,0,0,0,-41.67,0.0,0.0,0
100.0,0.0,100.0,100.0,0,0,0,0,85.0,0.0,0.0,0
100.0,0.0,100.0,100.0,0,0,0,0,0.0,0.0,0.0,0
100.0,0.0,100.0,100.0,0,0,0,0,0.0,0.0,0.0,0
90.63,0.0,87.5,100.0,0,0,0,0,-12.5,0.0,0.0,0
100.0,0.0,100.0,100.0,0,0,0,0,12.5,0.0,0.0,0
100.0,0.0,100.0,100.0,0,0,0,0,0.0,0.0,0.0,0
81.47,0.0,75.86,98.28,0,0,0,0,-24.14,0.0,0.0,0
100.0,0.0,100.0,100.0,0,0,0,0,24.14,0.0,0.0,0
95.0,0.0,93.33,100.0,0,0,0,0,-6.670000000000002,0.0,0.0,0
82.2,0.0,76.27,100.0,0,0,0,0,-17.060000000000002,0.0,0.0,0
82.69,0.0,76.92,100.0,0,0,0,0,0.6500000000000057,0.0,0.0,0
100.0,0.0,100.0,100.0,0,0,0,0,23.08,0.0,0.0,0
92.5,0.0,90.0,100.0,0,0,0,0,-10.0,0.0,0.0,0
65.0,33.33,53.33,100.0,0,0,0,0,-36.67,0.0,0.0,0
100.0,33.33,100.0,100.0,0,0,0,0,46.67,0.0,0.0,1
100.0,33.33,100.0,100.0,0,0,0,0,0.0,0.0,0.0,1
100.0,33.33,100.0,100.0,0,0,0,0,0.0,0.0,0.0,1
100.0,33.33,100.0,100.0,0,0,0,0,0.0,0.0,0.0,1
100.0,33.33,100.0,100.0,0,0,0,0,0.0,0.0,0.0,1
100.0,33.33,100.0,100.0,0,0,0,0,0.0,0.0,0.0,1
100.0,33.33,100.0,100.0,0,0,0,0,0.0,0.0,0.0,1
100.0,33.33,100.0,100.0,0,0,0,0,0.0,0.0,0.0,1
100.0,33.33,100.0,100.0,0,0,0,0,0.0,0.0,0.0,1
95.0,33.33,93.33,100.0,0,0,0,0,-6.670000000000002,0.0,0.0,1
100.0,33.33,100.0,100.0,0,0,0,0,6.670000000000002,0.0,0.0,1
100.0,33.33,100.0,100.0,0,0,0,0,0.0,0.0,0.0,1
100.0,33.33,100.0,100.0,0,0,0,0,0.0,0.0,0.0,1
100.0,33.33,100.0,100.0,0,0,0,0,0.0,0.0,0.0,1
100.0,33.33,100.0,100.0,0,0,0,0,0.0,0.0,0.0,1
100.0,33.33,100.0,100.0,0,0,0,0,0.0,0.0,0.0,1
100.0,33.33,100.0,100.0,0,0,0,0,0.0,0.0,0.0,1
100.0,33.33,100.0,100.0,0,0,0,0,0.0,0.0,0.0,1
100.0,33.33,100.0,100.0,0,0,0,0,0.0,0.0,0.0,1
100.0,33.33,100.0,100.0,0,0,0,0,0.0,0.0,0.0,1
100.0,33.33,100.0,100.0,0,0,0,0,0.0,0.0,0.0,1
100.0,33.33,100.0,100.0,0,0,0,0,0.0,0.0,0.0,1
100.0,33.33,100.0,100.0,0,0,0,0,0.0,0.0,0.0,1
100.0,33.33,100.0,100.0,0,0,0,0,0.0,0.0,0.0,1
82.08,33.33,100.0,28.33,0,0,0,0,0.0,0.0,0.0,0
70.0,33.33,86.67,20.0,0,0,0,0,-13.329999999999998,0.0,0.0,0
100.0,33.33,100.0,100.0,0,0,0,0,13.329999999999998,0.0,0.0,1
100.0,33.33,100.0,100.0,0,0,0,0,0.0,0.0,0.0,1
100.0,33.33,100.0,100.0,0,0,0,0,0.0,0.0,0.0,1
100.0,33.33,100.0,100.0,0,0,0,0,0.0,0.0,0.0,1
100.0,33.33,100.0,100.0,0,0,0,0,0.0,0.0,0.0,1
100.0,33.33,100.0,100.0,0,0,0,0,0.0,0.0,0.0,1
100.0,33.33,100.0,100.0,0,0,0,0,0.0,0.0,0.0,1
96.25,33.33,95.0,100.0,0,0,0,0,-5.0,0.0,0.0,1
100.0,33.33,100.0,100.0,0,0,0,0,5.0,0.0,0.0,1
93.75,33.33,91.67,100.0,0,0,0,0,-8.329999999999998,0.0,0.0,1
85.0,33.33,80.0,100.0,0,0,0,0,-11.670000000000002,0.0,0.0,0
100.0,33.33,100.0,100.0,0,0,0,0,20.0,0.0,0.0,1
100.0,33.33,100.0,100.0,0,0,0,0,0.0,0.0,0.0,1
100.0,33.33,100.0,100.0,0,0,0,0,0.0,0.0,0.0,1
100.0,33.33,100.0,100.0,0,0,0,0,0.0,0.0,0.0,1
100.0,33.33,100.0,100.0,0,0,0,0,0.0,0.0,0.0,1
100.0,33.33,100.0,100.0,0,0,0,0,0.0,0.0,0.0,1
100.0,33.33,100.0,100.0,0,0,0,0,0.0,0.0,0.0,1
100.0,33.33,100.0,100.0,0,0,0,0,0.0,0.0,0.0,1
100.0,33.33,100.0,100.0,0,0,0,0,0.0,0.0,0.0,1
100.0,33.33,100.0,100.0,0,0,0,0,0.0,0.0,0.0,1
100.0,33.33,100.0,100.0,0,0,0,0,0.0,0.0,0.0,1
100.0,33.33,100.0,100.0,0,0,0,0,0.0,0.0,0.0,1
100.0,33.33,100.0,100.0,0,0,0,0,0.0,0.0,0.0,1
100.0,33.33,100.0,100.0,0,0,0,0,0.0,0.0,0.0,1
100.0,33.33,100.0,100.0,0,0,0,0,0.0,0.0,0.0,1
100.0,33.33,100.0,100.0,0,0,0,0,0.0,0.0,0.0,1
100.0,33.33,100.0,100.0,0,0,0,0,0.0,0.0,0.0,1
100.0,33.33,100.0,100.0,0,0,0,0,0.0,0.0,0.0,1
94.92,33.33,93.22,100.0,0,0,0,0,-6.780000000000001,0.0,0.0,1
100.0,33.33,100.0,100.0,0,0,0,0,6.780000000000001,0.0,0.0,1
100.0,33.33,100.0,100.0,0,0,0,0,0.0,0.0,0.0,1
100.0,33.33,100.0,100.0,0,0,0,0,0.0,0.0,0.0,1
100.0,33.33,100.0,100.0,0,0,0,0,0.0,0.0,0.0,1
100.0,33.33,100.0,100.0,0,0,0,0,0.0,0.0,0.0,1
100.0,33.33,100.0,100.0,0,0,0,0,0.0,0.0,0.0,1
60.0,33.33,46.67,100.0,0,0,0,0,-53.33,0.0,0.0,0
90.0,33.33,86.67,100.0,0,0,0,0,40.0,0.0,0.0,0
100.0,33.33,100.0,100.0,0,0,0,0,13.329999999999998,0.0,0.0,1
79.81,33.33,73.08,100.0,0,0,0,0,-26.92,0.0,0.0,0
100.0,0.0,100.0,100.0,0,0,0,0,26.92,0.0,0.0,0
82.5,0.0,76.67,100.0,0,0,0,0,-23.33,0.0,0.0,0
77.12,0.0,69.49,100.0,0,0,0,0,-7.180000000000007,0.0,0.0,0
100.0,0.0,100.0,100.0,0,0,0,0,30.510000000000005,0.0,0.0,0
87.07,0.0,82.76,100.0,0,0,0,0,-17.239999999999995,0.0,0.0,0
84.3,0.0,79.07,100.0,0,0,0,0,-3.690000000000012,0.0,0.0,0
100.0,0.0,100.0,100.0,0,0,0,0,20.930000000000007,0.0,0.0,0
100.0,0.0,100.0,100.0,0,0,0,0,0.0,0.0,0.0,0
100.0,0.0,100.0,100.0,0,0,0,0,0.0,0.0,0.0,0
42.5,0.0,23.33,100.0,0,0,0,0,-76.67,0.0,0.0,0
25.0,0.0,0.0,100.0,0,0,0,0,-23.33,0.0,0.0,0
50.0,0.0,33.33,100.0,0,0,0,0,33.33,0.0,0.0,0
59.09,0.0,45.45,100.0,0,0,0,0,12.120000000000005,0.0,0.0,0
80.81,0.0,74.42,100.0,0,0,0,0,28.97,0.0,0.0,0
65.0,0.0,53.33,100.0,0,0,0,0,-21.090000000000003,0.0,0.0,0
57.43,0.0,43.24,100.0,0,0,0,0,-10.089999999999996,0.0,0.0,0
51.47,0.0,35.29,100.0,0,0,0,0,-7.950000000000003,0.0,0.0,0
88.75,0.0,85.0,100.0,0,0,0,0,49.71,0.0,0.0,0
100.0,0.0,100.0,100.0,0,0,0,0,15.0,0.0,0.0,0
63.75,0.0,51.67,100.0,0,0,0,0,-48.33,0.0,0.0,0
81.25,0.0,75.0,100.0,0,0,0,0,23.33,0.0,0.0,0
90.63,0.0,87.5,100.0,0,0,0,0,12.5,0.0,0.0,0
64.29,0.0,52.38,100.0,0,0,0,0,-35.12,0.0,0.0,0
30.92,33.33,7.89,100.0,0,0,0,0,-44.49,0.0,0.0,0
93.18,33.33,90.91,100.0,0,0,0,0,83.02,0.0,0.0,1
100.0,33.33,100.0,100.0,0,0,0,0,9.090000000000003,0.0,0.0,1
98.75,33.33,98.33,100.0,0,0,0,0,-1.6700000000000017,0.0,0.0,1
98.68,7.02,98.25,100.0,0,0,0,0,-0.0799999999999983,0.0,0.0,0
77.92,0.0,100.0,11.67,0,0,0,0,1.75,0.0,0.0,0
78.33,0.0,100.0,13.33,0,0,0,0,0.0,0.0,0.0,0
100.0,0.0,100.0,100.0,0,0,0,0,0.0,0.0,0.0,0
100.0,0.0,100.0,100.0,0,0,0,0,0.0,0.0,0.0,0
75.0,33.33,100.0,0.0,0,0,0,0,0.0,0.0,0.0,0
87.92,16.11,100.0,51.67,0,0,0,0,0.0,0.0,0.0,0
100.0,0.0,100.0,100.0,0,0,0,0,0.0,0.0,0.0,0
100.0,0.0,100.0,100.0,0,0,0,0,0.0,0.0,0.0,0
100.0,0.0,100.0,100.0,0,0,0,0,0.0,0.0,0.0,0
100.0,0.0,100.0,100.0,0,0,0,0,0.0,0.0,0.0,0
100.0,0.0,100.0,100.0,0,0,0,0,0.0,0.0,0.0,0
100.0,0.0,100.0,100.0,0,0,0,0,0.0,0.0,0.0,0
100.0,0.0,100.0,100.0,0,0,0,0,0.0,0.0,0.0,0
100.0,0.0,100.0,100.0,0,0,0,0,0.0,0.0,0.0,0
100.0,0.0,100.0,100.0,0,0,0,0,0.0,0.0,0.0,0
100.0,0.0,100.0,100.0,0,0,0,0,0.0,0.0,0.0,0
100.0,0.0,100.0,100.0,0,0,0,0,0.0,0.0,0.0,0
100.0,0.0,100.0,100.0,0,0,0,0,0.0,0.0,0.0,0
100.0,0.0,100.0,100.0,0,0,0,0,0.0,0.0,0.0,0
100.0,0.0,100.0,100.0,0,0,0,0,0.0,0.0,0.0,0
100.0,0.0,100.0,100.0,0,0,0,0,0.0,0.0,0.0,0
100.0,0.0,100.0,100.0,0,0,0,0,0.0,0.0,0.0,0
100.0,0.0,100.0,100.0,0,0,0,0,0.0,0.0,0.0,0
100.0,0.0,100.0,100.0,0,0,0,0,0.0,0.0,0.0,0
100.0,0.0,100.0,100.0,0,0,0,0,0.0,0.0,0.0,0
100.0,0.0,100.0,100.0,0,0,0,0,0.0,0.0,0.0,0
100.0,0.0,100.0,100.0,0,0,0,0,0.0,0.0,0.0,0
100.0,0.0,100.0,100.0,0,0,0,0,0.0,0.0,0.0,0
100.0,0.0,100.0,100.0,0,0,0,0,0.0,0.0,0.0,0
100.0,0.0,100.0,100.0,0,0,0,0,0.0,0.0,0.0,0
100.0,0.0,100.0,100.0,0,0,0,0,0.0,0.0,0.0,0
100.0,0.0,100.0,100.0,0,0,0,0,0.0,0.0,0.0,0
100.0,0.0,100.0,100.0,0,0,0,0,0.0,0.0,0.0,0
100.0,0.0,100.0,100.0,0,0,0,0,0.0,0.0,0.0,0
100.0,0.0,100.0,100.0,0,0,0,0,0.0,0.0,0.0,0
100.0,0.0,100.0,100.0,0,0,0,0,0.0,0.0,0.0,0
100.0,0.0,100.0,100.0,0,0,0,0,0.0,0.0,0.0,0
100.0,0.0,100.0,100.0,0,0,0,0,0.0,0.0,0.0,0
100.0,0.0,100.0,100.0,0,0,0,0,0.0,0.0,0.0,0
100.0,0.0,100.0,100.0,0,0,0,0,0.0,0.0,0.0,0
100.0,0.0,100.0,100.0,0,0,0,0,0.0,0.0,0.0,0
100.0,0.0,100.0,100.0,0,0,0,0,0.0,0.0,0.0,0
100.0,0.0,100.0,100.0,0,0,0,0,0.0,0.0,0.0,0
100.0,0.0,100.0,100.0,0,0,0,0,0.0,0.0,0.0,0
100.0,0.0,100.0,100.0,0,0,0,0,0.0,0.0,0.0,0
100.0,0.0,100.0,100.0,0,0,0,0,0.0,0.0,0.0,0
100.0,0.0,100.0,100.0,0,0,0,0,0.0,0.0,0.0,0
100.0,0.0,100.0,100.0,0,0,0,0,0.0,0.0,0.0,0
100.0,0.0,100.0,100.0,0,0,0,0,0.0,0.0,0.0,0
100.0,0.0,100.0,100.0,0,0,0,0,0.0,0.0,0.0,0
100.0,0.0,100.0,100.0,0,0,0,0,0.0,0.0,0.0,0
100.0,0.0,100.0,100.0,0,0,0,0,0.0,0.0,0.0,0
100.0,0.0,100.0,100.0,0,0,0,0,0.0,0.0,0.0,0
77.92,0.0,100.0,11.67,0,0,0,0,0.0,0.0,0.0,0
75.0,0.0,100.0,0.0,0,0,0,0,0.0,0.0,0.0,0
75.0,0.0,100.0,0.0,0,0,0,0,0.0,0.0,0.0,0
75.0,0.0,100.0,0.0,0,0,0,0,0.0,0.0,0.0,0
75.0,0.0,100.0,0.0,0,0,0,0,0.0,0.0,0.0,0
75.0,0.0,100.0,0.0,0,0,0,0,0.0,0.0,0.0,0
75.0,0.0,100.0,0.0,0,0,0,0,0.0,0.0,0.0,0
75.0,0.0,100.0,0.0,0,0,0,0,0.0,0.0,0.0,0
75.0,0.0,100.0,0.0,0,0,0,0,0.0,0.0,0.0,0
100.0,33.33,100.0,100.0,0,0,0,0,0.0,0.0,0.0,1
100.0,33.33,100.0,100.0,0,0,0,0,0.0,0.0,0.0,1
100.0,33.33,100.0,100.0,0,0,0,0,0.0,0.0,0.0,1
100.0,33.33,100.0,100.0,0,0,0,0,0.0,0.0,0.0,1
100.0,33.33,100.0,100.0,0,0,0,0,0.0,0.0,0.0,1
100.0,33.33,100.0,100.0,0,0,0,0,0.0,0.0,0.0,1
100.0,33.33,100.0,100.0,0,0,0,0,0.0,0.0,0.0,1
100.0,33.33,100.0,100.0,0,0,0,0,0.0,0.0,0.0,1
100.0,33.33,100.0,100.0,0,0,0,0,0.0,0.0,0.0,1
100.0,33.33,100.0,100.0,0,0,0,0,0.0,0.0,0.0,1
100.0,33.33,100.0,100.0,0,0,0,0,0.0,0.0,0.0,1
100.0,33.33,100.0,100.0,0,0,0,0,0.0,0.0,0.0,1
100.0,33.33,100.0,100.0,0,0,0,0,0.0,0.0,0.0,1
100.0,33.33,100.0,100.0,0,0,0,0,0.0,0.0,0.0,1
100.0,33.33,100.0,100.0,0,0,0,0,0.0,0.0,0.0,1
100.0,33.33,100.0,100.0,0,0,0,0,0.0,0.0,0.0,1
100.0,10.73,100.0,100.0,0,0,0,0,0.0,0.0,0.0,0
100.0,0.0,100.0,100.0,0,0,0,0,0.0,0.0,0.0,0
100.0,0.0,100.0,100.0,0,0,0,0,0.0,0.0,0.0,0
100.0,0.0,100.0,100.0,0,0,0,0,0.0,0.0,0.0,0
100.0,0.0,100.0,100.0,0,0,0,0,0.0,0.0,0.0,0
100.0,0.0,100.0,100.0,0,0,0,0,0.0,0.0,0.0,0
100.0,0.0,100.0,100.0,0,0,0,0,0.0,0.0,0.0,0
100.0,0.0,100.0,100.0,0,0,0,0,0.0,0.0,0.0,0
100.0,0.0,100.0,100.0,0,0,0,0,0.0,0.0,0.0,0
100.0,0.0,100.0,100.0,0,0,0,0,0.0,0.0,0.0,0
100.0,0.0,100.0,100.0,0,0,0,0,0.0,0.0,0.0,0
100.0,0.0,100.0,100.0,0,0,0,0,0.0,0.0,0.0,0
100.0,0.0,100.0,100.0,0,0,0,0,0.0,0.0,0.0,0
100.0,0.0,100.0,100.0,0,0,0,0,0.0,0.0,0.0,0
100.0,0.0,100.0,100.0,0,0,0,0,0.0,0.0,0.0,0
100.0,0.0,100.0,100.0,0,0,0,0,0.0,0.0,0.0,0
100.0,0.0,100.0,100.0,0,0,0,0,0.0,0.0,0.0,0
100.0,0.0,100.0,100.0,0,0,0,0,0.0,0.0,0.0,0
100.0,0.0,100.0,100.0,0,0,0,0,0.0,0.0,0.0,0
100.0,0.0,100.0,100.0,0,0,0,0,0.0,0.0,0.0,0
100.0,0.0,100.0,100.0,0,0,0,0,0.0,0.0,0.0,0
100.0,0.0,100.0,100.0,0,0,0,0,0.0,0.0,0.0,0
100.0,0.0,100.0,100.0,0,0,0,0,0.0,0.0,0.0,0
100.0,0.0,100.0,100.0,0,0,0,0,0.0,0.0,0.0,0
100.0,33.33,100.0,100.0,0,0,0,0,0.0,0.0,0.0,1
100.0,33.33,100.0,100.0,0,0,0,0,0.0,0.0,0.0,1
100.0,33.33,100.0,100.0,0,0,0,0,0.0,0.0,0.0,1
100.0,33.33,100.0,100.0,0,0,0,0,0.0,0.0,0.0,1
100.0,33.33,100.0,100.0,0,0,0,0,0.0,0.0,0.0,1
100.0,33.33,100.0,100.0,0,0,0,0,0.0,0.0,0.0,1
100.0,33.33,100.0,100.0,0,0,0,0,0.0,0.0,0.0,1
100.0,33.33,100.0,100.0,0,0,0,0,0.0,0.0,0.0,1
100.0,33.33,100.0,100.0,0,0,0,0,0.0,0.0,0.0,1
100.0,33.33,100.0,100.0,0,0,0,0,0.0,0.0,0.0,1
100.0,33.33,100.0,100.0,0,0,0,0,0.0,0.0,0.0,1
100.0,33.33,100.0,100.0,0,0,0,0,0.0,0.0,0.0,1
100.0,33.33,100.0,100.0,0,0,0,0,0.0,0.0,0.0,1
100.0,33.33,100.0,100.0,0,0,0,0,0.0,0.0,0.0,1
100.0,33.33,100.0,100.0,0,0,0,0,0.0,0.0,0.0,1
100.0,33.33,100.0,100.0,0,0,0,0,0.0,0.0,0.0,1
100.0,33.33,100.0,100.0,0,0,0,0,0.0,0.0,0.0,1
75.0,33.33,100.0,0.0,0,0,0,0,0.0,0.0,0.0,0
75.0,33.33,100.0,0.0,0,0,0,0,0.0,0.0,0.0,0
99.55,33.33,100.0,98.21,0,0,0,0,0.0,0.0,0.0,1
100.0,33.33,100.0,100.0,0,0,0,0,0.0,0.0,0.0,1
100.0,33.33,100.0,100.0,0,0,0,0,0.0,0.0,0.0,1
75.0,33.33,100.0,0.0,0,0,0,0,0.0,0.0,0.0,0
75.0,33.33,100.0,0.0,0,0,0,0,0.0,0.0,0.0,0
75.0,33.33,100.0,0.0,0,0,0,0,0.0,0.0,0.0,0
75.0,33.33,100.0,0.0,0,0,0,0,0.0,0.0,0.0,0
75.0,33.33,100.0,0.0,0,0,0,0,0.0,0.0,0.0,0
98.75,33.33,100.0,95.0,0,0,0,0,0.0,0.0,0.0,1
100.0,33.33,100.0,100.0,0,0,0,0,0.0,0.0,0.0,1
100.0,33.33,100.0,100.0,0,0,0,0,0.0,0.0,0.0,1
100.0,33.33,100.0,100.0,0,0,0,0,0.0,0.0,0.0,1
100.0,33.33,100.0,100.0,0,0,0,0,0.0,0.0,0.0,1
94.17,33.33,100.0,76.67,0,0,0,0,0.0,0.0,0.0,0
100.0,33.33,100.0,100.0,0,0,0,0,0.0,0.0,0.0,1
100.0,33.33,100.0,100.0,0,0,0,0,0.0,0.0,0.0,1
100.0,33.33,100.0,100.0,0,0,0,0,0.0,0.0,0.0,1
100.0,33.33,100.0,100.0,0,0,0,0,0.0,0.0,0.0,1
100.0,33.33,100.0,100.0,0,0,0,0,0.0,0.0,0.0,1
100.0,33.33,100.0,100.0,0,0,0,0,0.0,0.0,0.0,1
100.0,33.33,100.0,100.0,0,0,0,0,0.0,0.0,0.0,1
100.0,33.33,100.0,100.0,0,0,0,0,0.0,0.0,0.0,1
100.0,33.33,100.0,100.0,0,0,0,0,0.0,0.0,0.0,1
100.0,33.33,100.0,100.0,0,0,0,0,0.0,0.0,0.0,1
75.0,0.0,100.0,0.0,0,0,0,0,0.0,0.0,0.0,0
75.0,0.0,100.0,0.0,0,0,0,0,0.0,0.0,0.0,0
75.0,0.0,100.0,0.0,0,0,0,0,0.0,0.0,0.0,0
75.0,0.0,100.0,0.0,0,0,0,0,0.0,0.0,0.0,0
96.35,0.0,100.0,85.42,0,0,0,0,0.0,0.0,0.0,0
99.58,0.0,100.0,98.33,0,0,0,0,0.0,0.0,0.0,0
100.0,0.0,100.0,100.0,0,0,0,0,0.0,0.0,0.0,0
100.0,0.0,100.0,100.0,0,0,0,0,0.0,0.0,0.0,0
42.5,0.0,23.33,100.0,0,0,0,0,-76.67,0.0,0.0,0
25.0,0.0,0.0,100.0,0,0,0,0,-23.33,0.0,0.0,0
86.25,0.0,81.67,100.0,0,0,0,0,81.67,0.0,0.0,0
55.0,0.0,40.0,100.0,0,0,0,0,-41.67,0.0,0.0,0
74.38,0.0,72.5,80.0,0,0,0,0,32.5,0.0,0.0,0
41.07,0.0,54.76,0.0,0,0,0,0,-17.740000000000002,0.0,0.0,0
75.0,0.0,100.0,0.0,0,0,0,0,45.24,0.0,0.0,0
75.0,0.0,100.0,0.0,0,0,0,0,0.0,0.0,0.0,0
75.0,0.0,100.0,0.0,0,0,0,0,0.0,0.0,0.0,0
75.0,0.0,100.0,0.0,0,0,0,0,0.0,0.0,0.0,0
76.79,33.33,100.0,7.14,0,0,0,0,0.0,0.0,0.0,0
86.25,33.33,100.0,45.0,0,0,0,0,0.0,0.0,0.0,0
100.0,33.33,100.0,100.0,0,0,0,0,0.0,0.0,0.0,1
100.0,33.33,100.0,100.0,0,0,0,0,0.0,0.0,0.0,1
100.0,33.33,100.0,100.0,0,0,0,0,0.0,0.0,0.0,1
100.0,33.33,100.0,100.0,0,0,0,0,0.0,0.0,0.0,1
100.0,33.33,100.0,100.0,0,0,0,0,0.0,0.0,0.0,1
100.0,33.33,100.0,100.0,0,0,0,0,0.0,0.0,0.0,1
100.0,33.33,100.0,100.0,0,0,0,0,0.0,0.0,0.0,1
100.0,33.33,100.0,100.0,0,0,0,0,0.0,0.0,0.0,1
100.0,33.33,100.0,100.0,0,0,0,0,0.0,0.0,0.0,1
100.0,33.33,100.0,100.0,0,0,0,0,0.0,0.0,0.0,1
100.0,33.33,100.0,100.0,0,0,0,0,0.0,0.0,0.0,1
100.0,33.33,100.0,100.0,0,0,0,0,0.0,0.0,0.0,1
100.0,33.33,100.0,100.0,0,0,0,0,0.0,0.0,0.0,1
100.0,33.33,100.0,100.0,0,0,0,0,0.0,0.0,0.0,1
100.0,33.33,100.0,100.0,0,0,0,0,0.0,0.0,0.0,1
100.0,33.33,100.0,100.0,0,0,0,0,0.0,0.0,0.0,1
100.0,33.33,100.0,100.0,0,0,0,0,0.0,0.0,0.0,1
100.0,33.33,100.0,100.0,0,0,0,0,0.0,0.0,0.0,1
100.0,33.33,100.0,100.0,0,0,0,0,0.0,0.0,0.0,1
100.0,33.33,100.0,100.0,0,0,0,0,0.0,0.0,0.0,1
100.0,33.33,100.0,100.0,0,0,0,0,0.0,0.0,0.0,1
100.0,33.33,100.0,100.0,0,0,0,0,0.0,0.0,0.0,1
100.0,33.33,100.0,100.0,0,0,0,0,0.0,0.0,0.0,1
100.0,33.33,100.0,100.0,0,0,0,0,0.0,0.0,0.0,1
100.0,33.33,100.0,100.0,0,0,0,0,0.0,0.0,0.0,1
100.0,33.33,100.0,100.0,0,0,0,0,0.0,0.0,0.0,1
100.0,33.33,100.0,100.0,0,0,0,0,0.0,0.0,0.0,1
100.0,33.33,100.0,100.0,0,0,0,0,0.0,0.0,0.0,1
100.0,33.33,100.0,100.0,0,0,0,0,0.0,0.0,0.0,1
100.0,33.33,100.0,100.0,0,0,0,0,0.0,0.0,0.0,1
100.0,33.33,100.0,100.0,0,0,0,0,0.0,0.0,0.0,1
100.0,33.33,100.0,100.0,0,0,0,0,0.0,0.0,0.0,1
100.0,33.33,100.0,100.0,0,0,0,0,0.0,0.0,0.0,1
100.0,33.33,100.0,100.0,0,0,0,0,0.0,0.0,0.0,1
100.0,33.33,100.0,100.0,0,0,0,0,0.0,0.0,0.0,1
100.0,33.33,100.0,100.0,0,0,0,0,0.0,0.0,0.0,1
100.0,33.33,100.0,100.0,0,0,0,0,0.0,0.0,0.0,1
100.0,33.33,100.0,100.0,0,0,0,0,0.0,0.0,0.0,1
100.0,33.33,100.0,100.0,0,0,0,0,0.0,0.0,0.0,1
100.0,33.33,100.0,100.0,0,0,0,0,0.0,0.0,0.0,1
100.0,33.33,100.0,100.0,0,0,0,0,0.0,0.0,0.0,1
100.0,33.33,100.0,100.0,0,0,0,0,0.0,0.0,0.0,1
100.0,33.33,100.0,100.0,0,0,0,0,0.0,0.0,0.0,1
100.0,33.33,100.0,100.0,0,0,0,0,0.0,0.0,0.0,1
100.0,33.33,100.0,100.0,0,0,0,0,0.0,0.0,0.0,1
100.0,33.33,100.0,100.0,0,0,0,0,0.0,0.0,0.0,1
100.0,33.33,100.0,100.0,0,0,0,0,0.0,0.0,0.0,1
100.0,33.33,100.0,100.0,0,0,0,0,0.0,0.0,0.0,1
100.0,33.33,100.0,100.0,0,0,0,0,0.0,0.0,0.0,1
100.0,33.33,100.0,100.0,0,0,0,0,0.0,0.0,0.0,1
100.0,33.33,100.0,100.0,0,0,0,0,0.0,0.0,0.0,1
100.0,33.33,100.0,100.0,0,0,0,0,0.0,0.0,0.0,1
100.0,33.33,100.0,100.0,0,0,0,0,0.0,0.0,0.0,1
100.0,33.33,100.0,100.0,0,0,0,0,0.0,0.0,0.0,1
100.0,33.33,100.0,100.0,0,0,0,0,0.0,0.0,0.0,1
100.0,33.33,100.0,100.0,0,0,0,0,0.0,0.0,0.0,1
100.0,33.33,100.0,100.0,0,0,0,0,0.0,0.0,0.0,1
100.0,33.33,100.0,100.0,0,0,0,0,0.0,0.0,0.0,1
100.0,33.33,100.0,100.0,0,0,0,0,0.0,0.0,0.0,1
100.0,33.33,100.0,100.0,0,0,0,0,0.0,0.0,0.0,1
100.0,33.33,100.0,100.0,0,0,0,0,0.0,0.0,0.0,1
100.0,33.33,100.0,100.0,0,0,0,0,0.0,0.0,0.0,1
100.0,33.33,100.0,100.0,0,0,0,0,0.0,0.0,0.0,1
100.0,33.33,100.0,100.0,0,0,0,0,0.0,0.0,0.0,1
100.0,33.33,100.0,100.0,0,0,0,0,0.0,0.0,0.0,1
100.0,33.33,100.0,100.0,0,0,0,0,0.0,0.0,0.0,1
100.0,33.33,100.0,100.0,0,0,0,0,0.0,0.0,0.0,1
100.0,33.33,100.0,100.0,0,0,0,0,0.0,0.0,0.0,1
100.0,33.33,100.0,100.0,0,0,0,0,0.0,0.0,0.0,1
100.0,33.33,100.0,100.0,0,0,0,0,0.0,0.0,0.0,1
100.0,33.33,100.0,100.0,0,0,0,0,0.0,0.0,0.0,1
100.0,33.33,100.0,100.0,0,0,0,0,0.0,0.0,0.0,1
100.0,33.33,100.0,100.0,0,0,0,0,0.0,0.0,0.0,1
100.0,33.33,100.0,100.0,0,0,0,0,0.0,0.0,0.0,1
100.0,33.33,100.0,100.0,0,0,0,0,0.0,0.0,0.0,1
100.0,33.33,100.0,100.0,0,0,0,0,0.0,0.0,0.0,1
100.0,33.33,100.0,100.0,0,0,0,0,0.0,0.0,0.0,1
100.0,33.33,100.0,100.0,0,0,0,0,0.0,0.0,0.0,1
100.0,33.33,100.0,100.0,0,0,0,0,0.0,0.0,0.0,1
100.0,33.33,100.0,100.0,0,0,0,0,0.0,0.0,0.0,1
100.0,33.33,100.0,100.0,0,0,0,0,0.0,0.0,0.0,1
100.0,33.33,100.0,100.0,0,0,0,0,0.0,0.0,0.0,1
100.0,33.33,100.0,100.0,0,0,0,0,0.0,0.0,0.0,1
100.0,33.33,100.0,100.0,0,0,0,0,0.0,0.0,0.0,1
100.0,33.33,100.0,100.0,0,0,0,0,0.0,0.0,0.0,1
100.0,33.33,100.0,100.0,0,0,0,0,0.0,0.0,0.0,1
100.0,33.33,100.0,100.0,0,0,0,0,0.0,0.0,0.0,1
100.0,33.33,100.0,100.0,0,0,0,0,0.0,0.0,0.0,1
100.0,33.33,100.0,100.0,0,0,0,0,0.0,0.0,0.0,1
100.0,33.33,100.0,100.0,0,0,0,0,0.0,0.0,0.0,1
100.0,33.33,100.0,100.0,0,0,0,0,0.0,0.0,0.0,1
100.0,33.33,100.0,100.0,0,0,0,0,0.0,0.0,0.0,1
100.0,33.33,100.0,100.0,0,0,0,0,0.0,0.0,0.0,1
100.0,33.33,100.0,100.0,0,0,0,0,0.0,0.0,0.0,1
100.0,33.33,100.0,100.0,0,0,0,0,0.0,0.0,0.0,1
100.0,33.33,100.0,100.0,0,0,0,0,0.0,0.0,0.0,1
72.22,0.0,96.3,0.0,0,0,0,0,-3.700000000000003,0.0,0.0,0
75.0,0.0,100.0,0.0,0,0,0,0,3.700000000000003,0.0,0.0,0
75.0,0.0,100.0,0.0,0,0,0,0,0.0,0.0,0.0,0
75.0,0.0,100.0,0.0,0,0,0,0,0.0,0.0,0.0,0
75.0,0.0,100.0,0.0,0,0,0,0,0.0,0.0,0.0,0
75.0,0.0,100.0,0.0,0,0,0,0,0.0,0.0,0.0,0
75.0,0.0,100.0,0.0,0,0,0,0,0.0,0.0,0.0,0
75.0,0.0,100.0,0.0,0,0,0,0,0.0,0.0,0.0,0
75.0,0.0,100.0,0.0,0,0,0,0,0.0,0.0,0.0,0
75.0,0.0,100.0,0.0,0,0,0,0,0.0,0.0,0.0,0
75.0,0.0,100.0,0.0,0,0,0,0,0.0,0.0,0.0,0
75.0,0.0,100.0,0.0,0,0,0,0,0.0,0.0,0.0,0
75.0,0.0,100.0,0.0,0,0,0,0,0.0,0.0,0.0,0
93.75,0.0,100.0,75.0,0,0,0,0,0.0,0.0,0.0,0
100.0,0.0,100.0,100.0,0,0,0,0,0.0,0.0,0.0,0
100.0,0.0,100.0,100.0,0,0,0,0,0.0,0.0,0.0,0
100.0,0.0,100.0,100.0,0,0,0,0,0.0,0.0,0.0,0
73.39,0.0,96.77,3.23,0,0,0,0,-3.230000000000004,0.0,0.0,0
89.17,0.0,100.0,56.67,0,0,0,0,3.230000000000004,0.0,0.0,0
100.0,0.0,100.0,100.0,0,0,0,0,0.0,0.0,0.0,0
100.0,0.0,100.0,100.0,0,0,0,0,0.0,0.0,0.0,0
100.0,0.0,100.0,100.0,0,0,0,0,0.0,0.0,0.0,0
100.0,0.0,100.0,100.0,0,0,0,0,0.0,0.0,0.0,0
97.5,0.0,96.67,100.0,0,0,0,0,-3.3299999999999983,0.0,0.0,0
100.0,0.0,100.0,100.0,0,0,0,0,3.3299999999999983,0.0,0.0,0
100.0,0.0,100.0,100.0,0,0,0,0,0.0,0.0,0.0,0
100.0,0.0,100.0,100.0,0,0,0,0,0.0,0.0,0.0,0
100.0,0.0,100.0,100.0,0,0,0,0,0.0,0.0,0.0,0
100.0,0.0,100.0,100.0,0,0,0,0,0.0,0.0,0.0,0
100.0,0.0,100.0,100.0,0,0,0,0,0.0,0.0,0.0,0
100.0,0.0,100.0,100.0,0,0,0,0,0.0,0.0,0.0,0
100.0,33.33,100.0,100.0,0,0,0,0,0.0,0.0,0.0,1
100.0,33.33,100.0,100.0,0,0,0,0,0.0,0.0,0.0,1
100.0,33.33,100.0,100.0,0,0,0,0,0.0,0.0,0.0,1
100.0,33.33,100.0,100.0,0,0,0,0,0.0,0.0,0.0,1
100.0,33.33,100.0,100.0,0,0,0,0,0.0,0.0,0.0,1
100.0,33.33,100.0,100.0,0,0,0,0,0.0,0.0,0.0,1
100.0,33.33,100.0,100.0,0,0,0,0,0.0,0.0,0.0,1
100.0,33.33,100.0,100.0,0,0,0,0,0.0,0.0,0.0,1
100.0,33.33,100.0,100.0,0,0,0,0,0.0,0.0,0.0,1
100.0,33.33,100.0,100.0,0,0,0,0,0.0,0.0,0.0,1
100.0,33.33,100.0,100.0,0,0,0,0,0.0,0.0,0.0,1
100.0,33.33,100.0,100.0,0,0,0,0,0.0,0.0,0.0,1
100.0,18.64,100.0,100.0,0,0,0,0,0.0,0.0,0.0,0
100.0,0.0,100.0,100.0,0,0,0,0,0.0,0.0,0.0,0
100.0,0.0,100.0,100.0,0,0,0,0,0.0,0.0,0.0,0
100.0,0.0,100.0,100.0,0,0,0,0,0.0,0.0,0.0,0
100.0,0.0,100.0,100.0,0,0,0,0,0.0,0.0,0.0,0
100.0,0.0,100.0,100.0,0,0,0,0,0.0,0.0,0.0,0
100.0,33.33,100.0,100.0,0,0,0,0,0.0,0.0,0.0,1
100.0,33.33,100.0,100.0,0,0,0,0,0.0,0.0,0.0,1
100.0,33.33,100.0,100.0,0,0,0,0,0.0,0.0,0.0,1
100.0,33.33,100.0,100.0,0,0,0,0,0.0,0.0,0.0,1
100.0,33.33,100.0,100.0,0,0,0,0,0.0,0.0,0.0,1
100.0,33.33,100.0,100.0,0,0,0,0,0.0,0.0,0.0,1
100.0,33.33,100.0,100.0,0,0,0,0,0.0,0.0,0.0,1
100.0,33.33,100.0,100.0,0,0,0,0,0.0,0.0,0.0,1
100.0,33.33,100.0,100.0,0,0,0,0,0.0,0.0,0.0,1
100.0,33.33,100.0,100.0,0,0,0,0,0.0,0.0,0.0,1
100.0,33.33,100.0,100.0,0,0,0,0,0.0,0.0,0.0,1
100.0,33.33,100.0,100.0,0,0,0,0,0.0,0.0,0.0,1
100.0,33.33,100.0,100.0,0,0,0,0,0.0,0.0,0.0,1
100.0,33.33,100.0,100.0,0,0,0,0,0.0,0.0,0.0,1
100.0,33.33,100.0,100.0,0,0,0,0,0.0,0.0,0.0,1
97.22,32.41,97.22,97.22,0,0,0,0,-2.780000000000001,0.0,0.0,1
100.0,33.33,100.0,100.0,0,0,0,0,2.780000000000001,0.0,0.0,1
100.0,33.33,100.0,100.0,0,0,0,0,0.0,0.0,0.0,1
100.0,33.33,100.0,100.0,0,0,0,0,0.0,0.0,0.0,1
100.0,33.33,100.0,100.0,0,0,0,0,0.0,0.0,0.0,1
100.0,33.33,100.0,100.0,0,0,0,0,0.0,0.0,0.0,1
100.0,0.0,100.0,100.0,0,0,0,0,0.0,0.0,0.0,0
100.0,0.0,100.0,100.0,0,0,0,0,0.0,0.0,0.0,0
100.0,0.0,100.0,100.0,0,0,0,0,0.0,0.0,0.0,0
100.0,0.0,100.0,100.0,0,0,0,0,0.0,0.0,0.0,0
100.0,0.0,100.0,100.0,0,0,0,0,0.0,0.0,0.0,0
100.0,0.0,100.0,100.0,0,0,0,0,0.0,0.0,0.0,0
100.0,0.0,100.0,100.0,0,0,0,0,0.0,0.0,0.0,0
100.0,0.0,100.0,100.0,0,0,0,0,0.0,0.0,0.0,0
100.0,0.0,100.0,100.0,0,0,0,0,0.0,0.0,0.0,0
100.0,0.0,100.0,100.0,0,0,0,0,0.0,0.0,0.0,0
100.0,0.0,100.0,100.0,0,0,0,0,0.0,0.0,0.0,0
100.0,0.0,100.0,100.0,0,0,0,0,0.0,0.0,0.0,0
100.0,0.0,100.0,100.0,0,0,0,0,0.0,0.0,0.0,0
100.0,0.0,100.0,100.0,0,0,0,0,0.0,0.0,0.0,0
100.0,0.0,100.0,100.0,0,0,0,0,0.0,0.0,0.0,0
100.0,0.0,100.0,100.0,0,0,0,0,0.0,0.0,0.0,0
100.0,0.0,100.0,100.0,0,0,0,0,0.0,0.0,0.0,0
100.0,0.0,100.0,100.0,0,0,0,0,0.0,0.0,0.0,0
100.0,0.0,100.0,100.0,0,0,0,0,0.0,0.0,0.0,0
100.0,0.0,100.0,100.0,0,0,0,0,0.0,0.0,0.0,0
100.0,0.0,100.0,100.0,0,0,0,0,0.0,0.0,0.0,0
100.0,0.0,100.0,100.0,0,0,0,0,0.0,0.0,0.0,0
100.0,0.0,100.0,100.0,0,0,0,0,0.0,0.0,0.0,0
100.0,0.0,100.0,100.0,0,0,0,0,0.0,0.0,0.0,0
100.0,0.0,100.0,100.0,0,0,0,0,0.0,0.0,0.0,0
100.0,0.0,100.0,100.0,0,0,0,0,0.0,0.0,0.0,0
100.0,0.0,100.0,100.0,0,0,0,0,0.0,0.0,0.0,0
100.0,33.33,100.0,100.0,0,0,0,0,0.0,0.0,0.0,1
100.0,33.33,100.0,100.0,0,0,0,0,0.0,0.0,0.0,1
100.0,33.33,100.0,100.0,0,0,0,0,0.0,0.0,0.0,1
100.0,33.33,100.0,100.0,0,0,0,0,0.0,0.0,0.0,1
100.0,33.33,100.0,100.0,0,0,0,0,0.0,0.0,0.0,1
100.0,33.33,100.0,100.0,0,0,0,0,0.0,0.0,0.0,1
100.0,33.33,100.0,100.0,0,0,0,0,0.0,0.0,0.0,1
100.0,33.33,100.0,100.0,0,0,0,0,0.0,0.0,0.0,1
100.0,33.33,100.0,100.0,0,0,0,0,0.0,0.0,0.0,1
100.0,33.33,100.0,100.0,0,0,0,0,0.0,0.0,0.0,1
100.0,33.33,100.0,100.0,0,0,0,0,0.0,0.0,0.0,1
100.0,33.33,100.0,100.0,0,0,0,0,0.0,0.0,0.0,1
100.0,33.33,100.0,100.0,0,0,0,0,0.0,0.0,0.0,1
100.0,33.33,100.0,100.0,0,0,0,0,0.0,0.0,0.0,1
100.0,6.78,100.0,100.0,0,0,0,0,0.0,0.0,0.0,0
100.0,23.89,100.0,100.0,0,0,0,0,0.0,0.0,0.0,0
100.0,33.33,100.0,100.0,0,0,0,0,0.0,0.0,0.0,1
100.0,33.33,100.0,100.0,0,0,0,0,0.0,0.0,0.0,1
100.0,33.33,100.0,100.0,0,0,0,0,0.0,0.0,0.0,1
100.0,33.33,100.0,100.0,0,0,0,0,0.0,0.0,0.0,1
100.0,33.33,100.0,100.0,0,0,0,0,0.0,0.0,0.0,1
100.0,33.33,100.0,100.0,0,0,0,0,0.0,0.0,0.0,1
100.0,33.33,100.0,100.0,0,0,0,0,0.0,0.0,0.0,1
100.0,33.33,100.0,100.0,0,0,0,0,0.0,0.0,0.0,1
100.0,33.33,100.0,100.0,0,0,0,0,0.0,0.0,0.0,1
100.0,33.33,100.0,100.0,0,0,0,0,0.0,0.0,0.0,1
100.0,33.33,100.0,100.0,0,0,0,0,0.0,0.0,0.0,1
100.0,33.33,100.0,100.0,0,0,0,0,0.0,0.0,0.0,1
100.0,33.33,100.0,100.0,0,0,0,0,0.0,0.0,0.0,1
100.0,33.33,100.0,100.0,0,0,0,0,0.0,0.0,0.0,1
100.0,33.33,100.0,100.0,0,0,0,0,0.0,0.0,0.0,1
100.0,33.33,100.0,100.0,0,0,0,0,0.0,0.0,0.0,1
100.0,33.33,100.0,100.0,0,0,0,0,0.0,0.0,0.0,1
100.0,33.33,100.0,100.0,0,0,0,0,0.0,0.0,0.0,1
100.0,33.33,100.0,100.0,0,0,0,0,0.0,0.0,0.0,1
100.0,33.33,100.0,100.0,0,0,0,0,0.0,0.0,0.0,1
100.0,33.33,100.0,100.0,0,0,0,0,0.0,0.0,0.0,1
100.0,33.33,100.0,100.0,0,0,0,0,0.0,0.0,0.0,1
100.0,33.33,100.0,100.0,0,0,0,0,0.0,0.0,0.0,1
100.0,33.33,100.0,100.0,0,0,0,0,0.0,0.0,0.0,1
100.0,33.33,100.0,100.0,0,0,0,0,0.0,0.0,0.0,1
100.0,33.33,100.0,100.0,0,0,0,0,0.0,0.0,0.0,1
100.0,33.33,100.0,100.0,0,0,0,0,0.0,0.0,0.0,1
100.0,33.33,100.0,100.0,0,0,0,0,0.0,0.0,0.0,1
100.0,33.33,100.0,100.0,0,0,0,0,0.0,0.0,0.0,1
100.0,33.33,100.0,100.0,0,0,0,0,0.0,0.0,0.0,1
100.0,33.33,100.0,100.0,0,0,0,0,0.0,0.0,0.0,1
100.0,33.33,100.0,100.0,0,0,0,0,0.0,0.0,0.0,1
100.0,33.33,100.0,100.0,0,0,0,0,0.0,0.0,0.0,1
100.0,33.33,100.0,100.0,0,0,0,0,0.0,0.0,0.0,1
100.0,33.33,100.0,100.0,0,0,0,0,0.0,0.0,0.0,1
100.0,33.33,100.0,100.0,0,0,0,0,0.0,0.0,0.0,1
100.0,33.33,100.0,100.0,0,0,0,0,0.0,0.0,0.0,1
100.0,33.33,100.0,100.0,0,0,0,0,0.0,0.0,0.0,1
100.0,33.33,100.0,100.0,0,0,0,0,0.0,0.0,0.0,1
100.0,33.33,100.0,100.0,0,0,0,0,0.0,0.0,0.0,1
100.0,33.33,100.0,100.0,0,0,0,0,0.0,0.0,0.0,1
100.0,33.33,100.0,100.0,0,0,0,0,0.0,0.0,0.0,1
100.0,33.33,100.0,100.0,0,0,0,0,0.0,0.0,0.0,1
100.0,33.33,100.0,100.0,0,0,0,0,0.0,0.0,0.0,1
100.0,33.33,100.0,100.0,0,0,0,0,0.0,0.0,0.0,1
100.0,33.33,100.0,100.0,0,0,0,0,0.0,0.0,0.0,1
100.0,33.33,100.0,100.0,0,0,0,0,0.0,0.0,0.0,1
100.0,33.33,100.0,100.0,0,0,0,0,0.0,0.0,0.0,1
100.0,33.33,100.0,100.0,0,0,0,0,0.0,0.0,0.0,1
100.0,33.33,100.0,100.0,0,0,0,0,0.0,0.0,0.0,1
100.0,33.33,100.0,100.0,0,0,0,0,0.0,0.0,0.0,1
100.0,33.33,100.0,100.0,0,0,0,0,0.0,0.0,0.0,1
0.0,0.0,0.0,0.0,0,0,0,0,-100.0,0.0,0.0,0
100.0,0.0,100.0,100.0,0,0,0,0,100.0,0.0,0.0,0
100.0,0.0,100.0,100.0,0,0,0,0,0.0,0.0,0.0,0
100.0,0.0,100.0,100.0,0,0,0,0,0.0,0.0,0.0,0
100.0,0.0,100.0,100.0,0,0,0,0,0.0,0.0,0.0,0
86.25,0.0,100.0,45.0,0,0,0,0,0.0,0.0,0.0,0
75.0,0.0,100.0,0.0,0,0,0,0,0.0,0.0,0.0,0
75.0,0.0,100.0,0.0,0,0,0,0,0.0,0.0,0.0,0
75.0,0.0,100.0,0.0,0,0,0,0,0.0,0.0,0.0,0
75.0,0.0,100.0,0.0,0,0,0,0,0.0,0.0,0.0,0
86.25,0.0,100.0,45.0,0,0,0,0,0.0,0.0,0.0,0
92.92,0.0,100.0,71.67,0,0,0,0,0.0,0.0,0.0,0
75.0,0.0,100.0,0.0,0,0,0,0,0.0,0.0,0.0,0
75.0,0.0,100.0,0.0,0,0,0,0,0.0,0.0,0.0,0
37.5,0.0,50.0,0.0,0,0,0,0,-50.0,0.0,0.0,0
75.0,0.0,100.0,0.0,0,0,0,0,50.0,0.0,0.0,0
75.0,0.0,100.0,0.0,0,0,0,0,0.0,0.0,0.0,0
75.0,0.0,100.0,0.0,0,0,0,0,0.0,0.0,0.0,0
75.0,0.0,100.0,0.0,0,0,0,0,0.0,0.0,0.0,0
75.0,0.0,100.0,0.0,0,0,0,0,0.0,0.0,0.0,0
75.0,0.0,100.0,0.0,0,0,0,0,0.0,0.0,0.0,0
75.0,0.0,100.0,0.0,0,0,0,0,0.0,0.0,0.0,0
100.0,33.33,100.0,100.0,0,0,0,0,0.0,0.0,0.0,1
100.0,33.33,100.0,100.0,0,0,0,0,0.0,0.0,0.0,1
100.0,33.33,100.0,100.0,0,0,0,0,0.0,0.0,0.0,1
100.0,33.33,100.0,100.0,0,0,0,0,0.0,0.0,0.0,1
100.0,33.33,100.0,100.0,0,0,0,0,0.0,0.0,0.0,1
100.0,33.33,100.0,100.0,0,0,0,0,0.0,0.0,0.0,1
100.0,33.33,100.0,100.0,0,0,0,0,0.0,0.0,0.0,1
100.0,33.33,100.0,100.0,0,0,0,0,0.0,0.0,0.0,1
100.0,33.33,100.0,100.0,0,0,0,0,0.0,0.0,0.0,1
100.0,33.33,100.0,100.0,0,0,0,0,0.0,0.0,0.0,1
100.0,33.33,100.0,100.0,0,0,0,0,0.0,0.0,0.0,1
100.0,33.33,100.0,100.0,0,0,0,0,0.0,0.0,0.0,1
100.0,33.33,100.0,100.0,0,0,0,0,0.0,0.0,0.0,1
100.0,33.33,100.0,100.0,0,0,0,0,0.0,0.0,0.0,1
100.0,33.33,100.0,100.0,0,0,0,0,0.0,0.0,0.0,1
100.0,33.33,100.0,100.0,0,0,0,0,0.0,0.0,0.0,1
100.0,33.33,100.0,100.0,0,0,0,0,0.0,0.0,0.0,1
100.0,33.33,100.0,100.0,0,0,0,0,0.0,0.0,0.0,1
100.0,33.33,100.0,100.0,0,0,0,0,0.0,0.0,0.0,1
100.0,33.33,100.0,100.0,0,0,0,0,0.0,0.0,0.0,1
100.0,33.33,100.0,100.0,0,0,0,0,0.0,0.0,0.0,1
100.0,33.33,100.0,100.0,0,0,0,0,0.0,0.0,0.0,1
100.0,33.33,100.0,100.0,0,0,0,0,0.0,0.0,0.0,1
100.0,33.33,100.0,100.0,0,0,0,0,0.0,0.0,0.0,1
100.0,33.33,100.0,100.0,0,0,0,0,0.0,0.0,0.0,1
100.0,0.0,100.0,100.0,0,0,0,0,0.0,0.0,0.0,0
100.0,0.0,100.0,100.0,0,0,0,0,0.0,0.0,0.0,0
100.0,0.0,100.0,100.0,0,0,0,0,0.0,0.0,0.0,0
100.0,0.0,100.0,100.0,0,0,0,0,0.0,0.0,0.0,0
100.0,0.0,100.0,100.0,0,0,0,0,0.0,0.0,0.0,0
100.0,0.0,100.0,100.0,0,0,0,0,0.0,0.0,0.0,0
100.0,0.0,100.0,100.0,0,0,0,0,0.0,0.0,0.0,0
100.0,0.0,100.0,100.0,0,0,0,0,0.0,0.0,0.0,0
100.0,0.0,100.0,100.0,0,0,0,0,0.0,0.0,0.0,0
100.0,0.0,100.0,100.0,0,0,0,0,0.0,0.0,0.0,0
100.0,0.0,100.0,100.0,0,0,0,0,0.0,0.0,0.0,0
100.0,0.0,100.0,100.0,0,0,0,0,0.0,0.0,0.0,0
100.0,0.0,100.0,100.0,0,0,0,0,0.0,0.0,0.0,0
100.0,0.0,100.0,100.0,0,0,0,0,0.0,0.0,0.0,0
100.0,0.0,100.0,100.0,0,0,0,0,0.0,0.0,0.0,0
100.0,0.0,100.0,100.0,0,0,0,0,0.0,0.0,0.0,0
100.0,0.0,100.0,100.0,0,0,0,0,0.0,0.0,0.0,0
100.0,0.0,100.0,100.0,0,0,0,0,0.0,0.0,0.0,0
100.0,0.0,100.0,100.0,0,0,0,0,0.0,0.0,0.0,0
100.0,0.0,100.0,100.0,0,0,0,0,0.0,0.0,0.0,0
100.0,0.0,100.0,100.0,0,0,0,0,0.0,0.0,0.0,0
100.0,0.0,100.0,100.0,0,0,0,0,0.0,0.0,0.0,0
100.0,0.0,100.0,100.0,0,0,0,0,0.0,0.0,0.0,0
100.0,0.0,100.0,100.0,0,0,0,0,0.0,0.0,0.0,0
100.0,0.0,100.0,100.0,0,0,0,0,0.0,0.0,0.0,0
100.0,0.0,100.0,100.0,0,0,0,0,0.0,0.0,0.0,0
100.0,0.0,100.0,100.0,0,0,0,0,0.0,0.0,0.0,0
100.0,0.0,100.0,100.0,0,0,0,0,0.0,0.0,0.0,0
100.0,0.0,100.0,100.0,0,0,0,0,0.0,0.0,0.0,0
100.0,0.0,100.0,100.0,0,0,0,0,0.0,0.0,0.0,0
100.0,0.0,100.0,100.0,0,0,0,0,0.0,0.0,0.0,0
100.0,0.0,100.0,100.0,0,0,0,0,0.0,0.0,0.0,0
100.0,0.0,100.0,100.0,0,0,0,0,0.0,0.0,0.0,0
100.0,33.33,100.0,100.0,0,0,0,0,0.0,0.0,0.0,1
100.0,33.33,100.0,100.0,0,0,0,0,0.0,0.0,0.0,1
100.0,33.33,100.0,100.0,0,0,0,0,0.0,0.0,0.0,1
100.0,33.33,100.0,100.0,0,0,0,0,0.0,0.0,0.0,1
100.0,33.33,100.0,100.0,0,0,0,0,0.0,0.0,0.0,1
100.0,33.33,100.0,100.0,0,0,0,0,0.0,0.0,0.0,1
100.0,33.33,100.0,100.0,0,0,0,0,0.0,0.0,0.0,1
100.0,33.33,100.0,100.0,0,0,0,0,0.0,0.0,0.0,1
100.0,33.33,100.0,100.0,0,0,0,0,0.0,0.0,0.0,1
100.0,33.33,100.0,100.0,0,0,0,0,0.0,0.0,0.0,1
100.0,33.33,100.0,100.0,0,0,0,0,0.0,0.0,0.0,1
100.0,33.33,100.0,100.0,0,0,0,0,0.0,0.0,0.0,1
100.0,33.33,100.0,100.0,0,0,0,0,0.0,0.0,0.0,1
100.0,33.33,100.0,100.0,0,0,0,0,0.0,0.0,0.0,1
100.0,33.33,100.0,100.0,0,0,0,0,0.0,0.0,0.0,1
100.0,33.33,100.0,100.0,0,0,0,0,0.0,0.0,0.0,1
100.0,33.33,100.0,100.0,0,0,0,0,0.0,0.0,0.0,1
100.0,33.33,100.0,100.0,0,0,0,0,0.0,0.0,0.0,1
100.0,33.33,100.0,100.0,0,0,0,0,0.0,0.0,0.0,1
100.0,33.33,100.0,100.0,0,0,0,0,0.0,0.0,0.0,1
100.0,33.33,100.0,100.0,0,0,0,0,0.0,0.0,0.0,1
100.0,33.33,100.0,100.0,0,0,0,0,0.0,0.0,0.0,1
100.0,33.33,100.0,100.0,0,0,0,0,0.0,0.0,0.0,1
100.0,33.33,100.0,100.0,0,0,0,0,0.0,0.0,0.0,1
100.0,33.33,100.0,100.0,0,0,0,0,0.0,0.0,0.0,1
100.0,33.33,100.0,100.0,0,0,0,0,0.0,0.0,0.0,1
100.0,33.33,100.0,100.0,0,0,0,0,0.0,0.0,0.0,1
100.0,33.33,100.0,100.0,0,0,0,0,0.0,0.0,0.0,1
100.0,33.33,100.0,100.0,0,0,0,0,0.0,0.0,0.0,1
100.0,33.33,100.0,100.0,0,0,0,0,0.0,0.0,0.0,1
100.0,33.33,100.0,100.0,0,0,0,0,0.0,0.0,0.0,1
100.0,33.33,100.0,100.0,0,0,0,0,0.0,0.0,0.0,1
100.0,33.33,100.0,100.0,0,0,0,0,0.0,0.0,0.0,1
100.0,33.33,100.0,100.0,0,0,0,0,0.0,0.0,0.0,1
100.0,33.33,100.0,100.0,0,0,0,0,0.0,0.0,0.0,1
100.0,33.33,100.0,100.0,0,0,0,0,0.0,0.0,0.0,1
100.0,33.33,100.0,100.0,0,0,0,0,0.0,0.0,0.0,1
100.0,33.33,100.0,100.0,0,0,0,0,0.0,0.0,0.0,1
96.55,33.33,100.0,86.21,0,0,0,0,0.0,0.0,0.0,1
75.0,33.33,100.0,0.0,0,0,0,0,0.0,0.0,0.0,0
75.0,33.33,100.0,0.0,0,0,0,0,0.0,0.0,0.0,0
75.0,33.33,100.0,0.0,0,0,0,0,0.0,0.0,0.0,0
75.0,33.33,100.0,0.0,0,0,0,0,0.0,0.0,0.0,0
75.0,33.33,100.0,0.0,0,0,0,0,0.0,0.0,0.0,0
75.0,33.33,100.0,0.0,0,0,0,0,0.0,0.0,0.0,0
75.0,33.33,100.0,0.0,0,0,0,0,0.0,0.0,0.0,0
75.0,0.0,100.0,0.0,0,0,0,0,0.0,0.0,0.0,0
75.0,0.0,100.0,0.0,0,0,0,0,0.0,0.0,0.0,0
75.0,0.0,100.0,0.0,0,0,0,0,0.0,0.0,0.0,0
75.0,0.0,100.0,0.0,0,0,0,0,0.0,0.0,0.0,0
70.91,0.0,94.55,0.0,0,0,0,0,-5.450000000000003,0.0,0.0,0
75.0,0.0,100.0,0.0,0,0,0,0,5.450000000000003,0.0,0.0,0
75.0,0.0,100.0,0.0,0,0,0,0,0.0,0.0,0.0,0
75.0,0.0,100.0,0.0,0,0,0,0,0.0,0.0,0.0,0
75.0,0.0,100.0,0.0,0,0,0,0,0.0,0.0,0.0,0
75.0,0.0,100.0,0.0,0,0,0,0,0.0,0.0,0.0,0
98.33,0.0,100.0,93.33,0,0,0,0,0.0,0.0,0.0,0
100.0,0.0,100.0,100.0,0,0,0,0,0.0,0.0,0.0,0
100.0,0.0,100.0,100.0,0,0,0,0,0.0,0.0,0.0,0
100.0,0.0,100.0,100.0,0,0,0,0,0.0,0.0,0.0,0
100.0,0.0,100.0,100.0,0,0,0,0,0.0,0.0,0.0,0
100.0,0.0,100.0,100.0,0,0,0,0,0.0,0.0,0.0,0
100.0,0.0,100.0,100.0,0,0,0,0,0.0,0.0,0.0,0
100.0,0.0,100.0,100.0,0,0,0,0,0.0,0.0,0.0,0
75.0,33.33,100.0,0.0,0,0,0,0,0.0,0.0,0.0,0
75.0,33.33,100.0,0.0,0,0,0,0,0.0,0.0,0.0,0
93.75,33.33,100.0,75.0,0,0,0,0,0.0,0.0,0.0,0
100.0,33.33,100.0,100.0,0,0,0,0,0.0,0.0,0.0,1
100.0,33.33,100.0,100.0,0,0,0,0,0.0,0.0,0.0,1
100.0,33.33,100.0,100.0,0,0,0,0,0.0,0.0,0.0,1
100.0,33.33,100.0,100.0,0,0,0,0,0.0,0.0,0.0,1
100.0,33.33,100.0,100.0,0,0,0,0,0.0,0.0,0.0,1
100.0,33.33,100.0,100.0,0,0,0,0,0.0,0.0,0.0,1
100.0,33.33,100.0,100.0,0,0,0,0,0.0,0.0,0.0,1
75.98,33.33,100.0,3.92,0,0,0,0,0.0,0.0,0.0,0
93.33,33.33,100.0,73.33,0,0,0,0,0.0,0.0,0.0,0
100.0,33.33,100.0,100.0,0,0,0,0,0.0,0.0,0.0,1
100.0,33.33,100.0,100.0,0,0,0,0,0.0,0.0,0.0,1
100.0,33.33,100.0,100.0,0,0,0,0,0.0,0.0,0.0,1
100.0,33.33,100.0,100.0,0,0,0,0,0.0,0.0,0.0,1
100.0,33.33,100.0,100.0,0,0,0,0,0.0,0.0,0.0,1
100.0,33.33,100.0,100.0,0,0,0,0,0.0,0.0,0.0,1
100.0,33.33,100.0,100.0,0,0,0,0,0.0,0.0,0.0,1
100.0,33.33,100.0,100.0,0,0,0,0,0.0,0.0,0.0,1
100.0,33.33,100.0,100.0,0,0,0,0,0.0,0.0,0.0,1
100.0,33.33,100.0,100.0,0,0,0,0,0.0,0.0,0.0,1
100.0,33.33,100.0,100.0,0,0,0,0,0.0,0.0,0.0,1
100.0,33.33,100.0,100.0,0,0,0,0,0.0,0.0,0.0,1
100.0,33.33,100.0,100.0,0,0,0,0,0.0,0.0,0.0,1
100.0,33.33,100.0,100.0,0,0,0,0,0.0,0.0,0.0,1
100.0,33.33,100.0,100.0,0,0,0,0,0.0,0.0,0.0,1
100.0,33.33,100.0,100.0,0,0,0,0,0.0,0.0,0.0,1
100.0,33.33,100.0,100.0,0,0,0,0,0.0,0.0,0.0,1
100.0,33.33,100.0,100.0,0,0,0,0,0.0,0.0,0.0,1
100.0,33.33,100.0,100.0,0,0,0,0,0.0,0.0,0.0,1
100.0,33.33,100.0,100.0,0,0,0,0,0.0,0.0,0.0,1
100.0,33.33,100.0,100.0,0,0,0,0,0.0,0.0,0.0,1
100.0,33.33,100.0,100.0,0,0,0,0,0.0,0.0,0.0,1
100.0,33.33,100.0,100.0,0,0,0,0,0.0,0.0,0.0,1
100.0,33.33,100.0,100.0,0,0,0,0,0.0,0.0,0.0,1
100.0,33.33,100.0,100.0,0,0,0,0,0.0,0.0,0.0,1
100.0,33.33,100.0,100.0,0,0,0,0,0.0,0.0,0.0,1
100.0,33.33,100.0,100.0,0,0,0,0,0.0,0.0,0.0,1
100.0,33.33,100.0,100.0,0,0,0,0,0.0,0.0,0.0,1
100.0,33.33,100.0,100.0,0,0,0,0,0.0,0.0,0.0,1
100.0,33.33,100.0,100.0,0,0,0,0,0.0,0.0,0.0,1
100.0,0.0,100.0,100.0,0,0,0,0,0.0,0.0,0.0,0
100.0,0.0,100.0,100.0,0,0,0,0,0.0,0.0,0.0,0
100.0,0.0,100.0,100.0,0,0,0,0,0.0,0.0,0.0,0
100.0,0.0,100.0,100.0,0,0,0,0,0.0,0.0,0.0,0
100.0,0.0,100.0,100.0,0,0,0,0,0.0,0.0,0.0,0
100.0,0.0,100.0,100.0,0,0,0,0,0.0,0.0,0.0,0
100.0,0.0,100.0,100.0,0,0,0,0,0.0,0.0,0.0,0
100.0,0.0,100.0,100.0,0,0,0,0,0.0,0.0,0.0,0
100.0,0.0,100.0,100.0,0,0,0,0,0.0,0.0,0.0,0
100.0,0.0,100.0,100.0,0,0,0,0,0.0,0.0,0.0,0
100.0,0.0,100.0,100.0,0,0,0,0,0.0,0.0,0.0,0
100.0,0.0,100.0,100.0,0,0,0,0,0.0,0.0,0.0,0
100.0,0.0,100.0,100.0,0,0,0,0,0.0,0.0,0.0,0
100.0,0.0,100.0,100.0,0,0,0,0,0.0,0.0,0.0,0
100.0,0.0,100.0,100.0,0,0,0,0,0.0,0.0,0.0,0
100.0,0.0,100.0,100.0,0,0,0,0,0.0,0.0,0.0,0
100.0,0.0,100.0,100.0,0,0,0,0,0.0,0.0,0.0,0
100.0,0.0,100.0,100.0,0,0,0,0,0.0,0.0,0.0,0
100.0,0.0,100.0,100.0,0,0,0,0,0.0,0.0,0.0,0
100.0,0.0,100.0,100.0,0,0,0,0,0.0,0.0,0.0,0
100.0,0.0,100.0,100.0,0,0,0,0,0.0,0.0,0.0,0
100.0,4.07,100.0,100.0,0,0,0,0,0.0,0.0,0.0,0
100.0,33.33,100.0,100.0,0,0,0,0,0.0,0.0,0.0,1
100.0,33.33,100.0,100.0,0,0,0,0,0.0,0.0,0.0,1
100.0,33.33,100.0,100.0,0,0,0,0,0.0,0.0,0.0,1
100.0,33.33,100.0,100.0,0,0,0,0,0.0,0.0,0.0,1
100.0,33.33,100.0,100.0,0,0,0,0,0.0,0.0,0.0,1
51.25,33.33,35.0,100.0,0,0,0,0,-65.0,0.0,0.0,0
62.5,33.33,50.0,100.0,0,0,0,0,15.0,0.0,0.0,0
100.0,33.33,100.0,100.0,0,0,0,0,50.0,0.0,0.0,1
100.0,33.33,100.0,100.0,0,0,0,0,0.0,0.0,0.0,1
100.0,33.33,100.0,100.0,0,0,0,0,0.0,0.0,0.0,1
100.0,33.33,100.0,100.0,0,0,0,0,0.0,0.0,0.0,1
100.0,33.33,100.0,100.0,0,0,0,0,0.0,0.0,0.0,1
100.0,33.33,100.0,100.0,0,0,0,0,0.0,0.0,0.0,1
100.0,33.33,100.0,100.0,0,0,0,0,0.0,0.0,0.0,1
100.0,33.33,100.0,100.0,0,0,0,0,0.0,0.0,0.0,1
100.0,33.33,100.0,100.0,0,0,0,0,0.0,0.0,0.0,1
100.0,33.33,100.0,100.0,0,0,0,0,0.0,0.0,0.0,1
100.0,33.33,100.0,100.0,0,0,0,0,0.0,0.0,0.0,1
100.0,33.33,100.0,100.0,0,0,0,0,0.0,0.0,0.0,1
100.0,33.33,100.0,100.0,0,0,0,0,0.0,0.0,0.0,1
100.0,33.33,100.0,100.0,0,0,0,0,0.0,0.0,0.0,1
100.0,33.33,100.0,100.0,0,0,0,0,0.0,0.0,0.0,1
100.0,33.33,100.0,100.0,0,0,0,0,0.0,0.0,0.0,1
100.0,33.33,100.0,100.0,0,0,0,0,0.0,0.0,0.0,1
100.0,33.33,100.0,100.0,0,0,0,0,0.0,0.0,0.0,1
100.0,33.33,100.0,100.0,0,0,0,0,0.0,0.0,0.0,1
100.0,33.33,100.0,100.0,0,0,0,0,0.0,0.0,0.0,1
100.0,33.33,100.0,100.0,0,0,0,0,0.0,0.0,0.0,1
100.0,33.33,100.0,100.0,0,0,0,0,0.0,0.0,0.0,1
100.0,33.33,100.0,100.0,0,0,0,0,0.0,0.0,0.0,1
100.0,33.33,100.0,100.0,0,0,0,0,0.0,0.0,0.0,1
100.0,33.33,100.0,100.0,0,0,0,0,0.0,0.0,0.0,1
100.0,33.33,100.0,100.0,0,0,0,0,0.0,0.0,0.0,1
100.0,33.33,100.0,100.0,0,0,0,0,0.0,0.0,0.0,1
100.0,33.33,100.0,100.0,0,0,0,0,0.0,0.0,0.0,1
100.0,33.33,100.0,100.0,0,0,0,0,0.0,0.0,0.0,1
100.0,33.33,100.0,100.0,0,0,0,0,0.0,0.0,0.0,1
100.0,33.33,100.0,100.0,0,0,0,0,0.0,0.0,0.0,1
100.0,33.33,100.0,100.0,0,0,0,0,0.0,0.0,0.0,1
100.0,33.33,100.0,100.0,0,0,0,0,0.0,0.0,0.0,1
100.0,33.33,100.0,100.0,0,0,0,0,0.0,0.0,0.0,1
100.0,33.33,100.0,100.0,0,0,0,0,0.0,0.0,0.0,1
100.0,33.33,100.0,100.0,0,0,0,0,0.0,0.0,0.0,1
100.0,33.33,100.0,100.0,0,0,0,0,0.0,0.0,0.0,1
100.0,33.33,100.0,100.0,0,0,0,0,0.0,0.0,0.0,1
100.0,33.33,100.0,100.0,0,0,0,0,0.0,0.0,0.0,1
100.0,33.33,100.0,100.0,0,0,0,0,0.0,0.0,0.0,1
100.0,33.33,100.0,100.0,0,0,0,0,0.0,0.0,0.0,1
100.0,33.33,100.0,100.0,0,0,0,0,0.0,0.0,0.0,1
100.0,33.33,100.0,100.0,0,0,0,0,0.0,0.0,0.0,1
100.0,33.33,100.0,100.0,0,0,0,0,0.0,0.0,0.0,1
100.0,33.33,100.0,100.0,0,0,0,0,0.0,0.0,0.0,1
100.0,33.33,100.0,100.0,0,0,0,0,0.0,0.0,0.0,1
100.0,33.33,100.0,100.0,0,0,0,0,0.0,0.0,0.0,1
100.0,0.0,100.0,100.0,0,0,0,0,0.0,0.0,0.0,0
100.0,0.0,100.0,100.0,0,0,0,0,0.0,0.0,0.0,0
100.0,0.0,100.0,100.0,0,0,0,0,0.0,0.0,0.0,0
100.0,0.0,100.0,100.0,0,0,0,0,0.0,0.0,0.0,0
100.0,0.0,100.0,100.0,0,0,0,0,0.0,0.0,0.0,0
100.0,0.0,100.0,100.0,0,0,0,0,0.0,0.0,0.0,0
100.0,0.0,100.0,100.0,0,0,0,0,0.0,0.0,0.0,0
100.0,0.0,100.0,100.0,0,0,0,0,0.0,0.0,0.0,0
100.0,0.0,100.0,100.0,0,0,0,0,0.0,0.0,0.0,0
100.0,0.0,100.0,100.0,0,0,0,0,0.0,0.0,0.0,0
100.0,0.0,100.0,100.0,0,0,0,0,0.0,0.0,0.0,0
95.0,0.0,93.33,100.0,0,0,0,0,-6.670000000000002,0.0,0.0,0
100.0,0.0,100.0,100.0,0,0,0,0,6.670000000000002,0.0,0.0,0
100.0,0.0,100.0,100.0,0,0,0,0,0.0,0.0,0.0,0
100.0,0.0,100.0,100.0,0,0,0,0,0.0,0.0,0.0,0
96.25,0.0,95.0,100.0,0,0,0,0,-5.0,0.0,0.0,0
100.0,0.0,100.0,100.0,0,0,0,0,5.0,0.0,0.0,0
100.0,0.0,100.0,100.0,0,0,0,0,0.0,0.0,0.0,0
100.0,0.0,100.0,100.0,0,0,0,0,0.0,0.0,0.0,0
100.0,0.0,100.0,100.0,0,0,0,0,0.0,0.0,0.0,0
100.0,0.0,100.0,100.0,0,0,0,0,0.0,0.0,0.0,0
100.0,0.0,100.0,100.0,0,0,0,0,0.0,0.0,0.0,0
100.0,0.0,100.0,100.0,0,0,0,0,0.0,0.0,0.0,0
100.0,0.0,100.0,100.0,0,0,0,0,0.0,0.0,0.0,0
100.0,0.0,100.0,100.0,0,0,0,0,0.0,0.0,0.0,0
100.0,0.0,100.0,100.0,0,0,0,0,0.0,0.0,0.0,0
100.0,0.0,100.0,100.0,0,0,0,0,0.0,0.0,0.0,0
100.0,0.0,100.0,100.0,0,0,0,0,0.0,0.0,0.0,0
100.0,0.0,100.0,100.0,0,0,0,0,0.0,0.0,0.0,0
100.0,0.0,100.0,100.0,0,0,0,0,0.0,0.0,0.0,0
100.0,0.0,100.0,100.0,0,0,0,0,0.0,0.0,0.0,0
100.0,0.0,100.0,100.0,0,0,0,0,0.0,0.0,0.0,0
100.0,33.33,100.0,100.0,0,0,0,0,0.0,0.0,0.0,1
100.0,33.33,100.0,100.0,0,0,0,0,0.0,0.0,0.0,1
100.0,33.33,100.0,100.0,0,0,0,0,0.0,0.0,0.0,1
100.0,33.33,100.0,100.0,0,0,0,0,0.0,0.0,0.0,1
100.0,33.33,100.0,100.0,0,0,0,0,0.0,0.0,0.0,1
100.0,33.33,100.0,100.0,0,0,0,0,0.0,0.0,0.0,1
100.0,33.33,100.0,100.0,0,0,0,0,0.0,0.0,0.0,1
100.0,33.33,100.0,100.0,0,0,0,0,0.0,0.0,0.0,1
100.0,33.33,100.0,100.0,0,0,0,0,0.0,0.0,0.0,1
100.0,33.33,100.0,100.0,0,0,0,0,0.0,0.0,0.0,1
100.0,33.33,100.0,100.0,0,0,0,0,0.0,0.0,0.0,1
100.0,33.33,100.0,100.0,0,0,0,0,0.0,0.0,0.0,1
63.75,33.33,51.67,100.0,0,0,0,0,-48.33,0.0,0.0,0
100.0,33.33,100.0,100.0,0,0,0,0,48.33,0.0,0.0,1
100.0,33.33,100.0,100.0,0,0,0,0,0.0,0.0,0.0,1
100.0,33.33,100.0,100.0,0,0,0,0,0.0,0.0,0.0,1
100.0,33.33,100.0,100.0,0,0,0,0,0.0,0.0,0.0,1
100.0,33.33,100.0,100.0,0,0,0,0,0.0,0.0,0.0,1
100.0,33.33,100.0,100.0,0,0,0,0,0.0,0.0,0.0,1
100.0,33.33,100.0,100.0,0,0,0,0,0.0,0.0,0.0,1
87.92,33.33,100.0,51.67,0,0,0,0,0.0,0.0,0.0,0
75.0,33.33,100.0,0.0,0,0,0,0,0.0,0.0,0.0,0
75.0,33.33,100.0,0.0,0,0,0,0,0.0,0.0,0.0,0
75.0,33.33,100.0,0.0,0,0,0,0,0.0,0.0,0.0,0
75.0,33.33,100.0,0.0,0,0,0,0,0.0,0.0,0.0,0
75.0,33.33,100.0,0.0,0,0,0,0,0.0,0.0,0.0,0
76.67,33.33,100.0,6.67,0,0,0,0,0.0,0.0,0.0,0
100.0,33.33,100.0,100.0,0,0,0,0,0.0,0.0,0.0,1
100.0,33.33,100.0,100.0,0,0,0,0,0.0,0.0,0.0,1
100.0,33.33,100.0,100.0,0,0,0,0,0.0,0.0,0.0,1
100.0,33.33,100.0,100.0,0,0,0,0,0.0,0.0,0.0,1
100.0,33.33,100.0,100.0,0,0,0,0,0.0,0.0,0.0,1
100.0,33.33,100.0,100.0,0,0,0,0,0.0,0.0,0.0,1
100.0,33.33,100.0,100.0,0,0,0,0,0.0,0.0,0.0,1
100.0,33.33,100.0,100.0,0,0,0,0,0.0,0.0,0.0,1
100.0,33.33,100.0,100.0,0,0,0,0,0.0,0.0,0.0,1
100.0,33.33,100.0,100.0,0,0,0,0,0.0,0.0,0.0,1
100.0,33.33,100.0,100.0,0,0,0,0,0.0,0.0,0.0,1
100.0,33.33,100.0,100.0,0,0,0,0,0.0,0.0,0.0,1
100.0,33.33,100.0,100.0,0,0,0,0,0.0,0.0,0.0,1
100.0,33.33,100.0,100.0,0,0,0,0,0.0,0.0,0.0,1
100.0,33.33,100.0,100.0,0,0,0,0,0.0,0.0,0.0,1
100.0,33.33,100.0,100.0,0,0,0,0,0.0,0.0,0.0,1
100.0,33.33,100.0,100.0,0,0,0,0,0.0,0.0,0.0,1
100.0,33.33,100.0,100.0,0,0,0,0,0.0,0.0,0.0,1
100.0,33.33,100.0,100.0,0,0,0,0,0.0,0.0,0.0,1
100.0,33.33,100.0,100.0,0,0,0,0,0.0,0.0,0.0,1
100.0,33.33,100.0,100.0,0,0,0,0,0.0,0.0,0.0,1
100.0,33.33,100.0,100.0,0,0,0,0,0.0,0.0,0.0,1
100.0,33.33,100.0,100.0,0,0,0,0,0.0,0.0,0.0,1
100.0,33.33,100.0,100.0,0,0,0,0,0.0,0.0,0.0,1
100.0,33.33,100.0,100.0,0,0,0,0,0.0,0.0,0.0,1
100.0,33.33,100.0,100.0,0,0,0,0,0.0,0.0,0.0,1
100.0,33.33,100.0,100.0,0,0,0,0,0.0,0.0,0.0,1
100.0,33.33,100.0,100.0,0,0,0,0,0.0,0.0,0.0,1
100.0,0.0,100.0,100.0,0,0,0,0,0.0,0.0,0.0,0
75.0,0.0,100.0,0.0,0,0,0,0,0.0,0.0,0.0,0
75.0,0.0,100.0,0.0,0,0,0,0,0.0,0.0,0.0,0
75.0,0.0,100.0,0.0,0,0,0,0,0.0,0.0,0.0,0
100.0,33.33,100.0,100.0,0,0,0,0,0.0,0.0,0.0,1
100.0,33.33,100.0,100.0,0,0,0,0,0.0,0.0,0.0,1
100.0,33.33,100.0,100.0,0,0,0,0,0.0,0.0,0.0,1
100.0,33.33,100.0,100.0,0,0,0,0,0.0,0.0,0.0,1
100.0,33.33,100.0,100.0,0,0,0,0,0.0,0.0,0.0,1
100.0,33.33,100.0,100.0,0,0,0,0,0.0,0.0,0.0,1
100.0,33.33,100.0,100.0,0,0,0,0,0.0,0.0,0.0,1
100.0,33.33,100.0,100.0,0,0,0,0,0.0,0.0,0.0,1
100.0,33.33,100.0,100.0,0,0,0,0,0.0,0.0,0.0,1
100.0,33.33,100.0,100.0,0,0,0,0,0.0,0.0,0.0,1
100.0,33.33,100.0,100.0,0,0,0,0,0.0,0.0,0.0,1
100.0,33.33,100.0,100.0,0,0,0,0,0.0,0.0,0.0,1
100.0,33.33,100.0,100.0,0,0,0,0,0.0,0.0,0.0,1
100.0,33.33,100.0,100.0,0,0,0,0,0.0,0.0,0.0,1
100.0,33.33,100.0,100.0,0,0,0,0,0.0,0.0,0.0,1
100.0,33.33,100.0,100.0,0,0,0,0,0.0,0.0,0.0,1
100.0,33.33,100.0,100.0,0,0,0,0,0.0,0.0,0.0,1
100.0,33.33,100.0,100.0,0,0,0,0,0.0,0.0,0.0,1
100.0,33.33,100.0,100.0,0,0,0,0,0.0,0.0,0.0,1
100.0,33.33,100.0,100.0,0,0,0,0,0.0,0.0,0.0,1
100.0,33.33,100.0,100.0,0,0,0,0,0.0,0.0,0.0,1
100.0,33.33,100.0,100.0,0,0,0,0,0.0,0.0,0.0,1
100.0,33.33,100.0,100.0,0,0,0,0,0.0,0.0,0.0,1
75.0,33.33,100.0,0.0,0,0,0,0,0.0,0.0,0.0,0
100.0,0.0,100.0,100.0,0,0,0,0,0.0,0.0,0.0,0
100.0,0.0,100.0,100.0,0,0,0,0,0.0,0.0,0.0,0
100.0,0.0,100.0,100.0,0,0,0,0,0.0,0.0,0.0,0
100.0,0.0,100.0,100.0,0,0,0,0,0.0,0.0,0.0,0
100.0,0.0,100.0,100.0,0,0,0,0,0.0,0.0,0.0,0
100.0,0.0,100.0,100.0,0,0,0,0,0.0,0.0,0.0,0
100.0,0.0,100.0,100.0,0,0,0,0,0.0,0.0,0.0,0
100.0,0.0,100.0,100.0,0,0,0,0,0.0,0.0,0.0,0
100.0,0.0,100.0,100.0,0,0,0,0,0.0,0.0,0.0,0
100.0,0.0,100.0,100.0,0,0,0,0,0.0,0.0,0.0,0
75.42,0.0,100.0,1.67,0,0,0,0,0.0,0.0,0.0,0
75.0,0.0,100.0,0.0,0,0,0,0,0.0,0.0,0.0,0
94.12,31.37,94.12,94.12,0,0,0,0,-5.8799999999999955,0.0,0.0,1
100.0,33.33,100.0,100.0,0,0,0,0,5.8799999999999955,0.0,0.0,1
100.0,33.33,100.0,100.0,0,0,0,0,0.0,0.0,0.0,1
100.0,33.33,100.0,100.0,0,0,0,0,0.0,0.0,0.0,1
100.0,33.33,100.0,100.0,0,0,0,0,0.0,0.0,0.0,1
100.0,33.33,100.0,100.0,0,0,0,0,0.0,0.0,0.0,1
100.0,33.33,100.0,100.0,0,0,0,0,0.0,0.0,0.0,1
100.0,33.33,100.0,100.0,0,0,0,0,0.0,0.0,0.0,1
100.0,33.33,100.0,100.0,0,0,0,0,0.0,0.0,0.0,1
100.0,33.33,100.0,100.0,0,0,0,0,0.0,0.0,0.0,1
75.0,33.33,100.0,0.0,0,0,0,0,0.0,0.0,0.0,0
76.67,33.33,100.0,6.67,0,0,0,0,0.0,0.0,0.0,0
100.0,33.33,100.0,100.0,0,0,0,0,0.0,0.0,0.0,1
100.0,33.33,100.0,100.0,0,0,0,0,0.0,0.0,0.0,1
100.0,33.33,100.0,100.0,0,0,0,0,0.0,0.0,0.0,1
100.0,33.33,100.0,100.0,0,0,0,0,0.0,0.0,0.0,1
100.0,33.33,100.0,100.0,0,0,0,0,0.0,0.0,0.0,1
100.0,33.33,100.0,100.0,0,0,0,0,0.0,0.0,0.0,1
100.0,33.33,100.0,100.0,0,0,0,0,0.0,0.0,0.0,1
100.0,33.33,100.0,100.0,0,0,0,0,0.0,0.0,0.0,1
100.0,33.33,100.0,100.0,0,0,0,0,0.0,0.0,0.0,1
100.0,33.33,100.0,100.0,0,0,0,0,0.0,0.0,0.0,1
100.0,33.33,100.0,100.0,0,0,0,0,0.0,0.0,0.0,1
100.0,33.33,100.0,100.0,0,0,0,0,0.0,0.0,0.0,1
100.0,33.33,100.0,100.0,0,0,0,0,0.0,0.0,0.0,1
100.0,33.33,100.0,100.0,0,0,0,0,0.0,0.0,0.0,1
90.68,0.0,100.0,62.71,0,0,0,0,0.0,0.0,0.0,0
100.0,0.0,100.0,100.0,0,0,0,0,0.0,0.0,0.0,0
100.0,0.0,100.0,100.0,0,0,0,0,0.0,0.0,0.0,0
100.0,0.0,100.0,100.0,0,0,0,0,0.0,0.0,0.0,0
100.0,0.0,100.0,100.0,0,0,0,0,0.0,0.0,0.0,0
100.0,0.0,100.0,100.0,0,0,0,0,0.0,0.0,0.0,0
100.0,32.22,100.0,100.0,0,0,0,0,0.0,0.0,0.0,1
100.0,33.33,100.0,100.0,0,0,0,0,0.0,0.0,0.0,1
100.0,33.33,100.0,100.0,0,0,0,0,0.0,0.0,0.0,1
100.0,33.33,100.0,100.0,0,0,0,0,0.0,0.0,0.0,1
100.0,33.33,100.0,100.0,0,0,0,0,0.0,0.0,0.0,1
100.0,33.33,100.0,100.0,0,0,0,0,0.0,0.0,0.0,1
100.0,33.33,100.0,100.0,0,0,0,0,0.0,0.0,0.0,1
100.0,33.33,100.0,100.0,0,0,0,0,0.0,0.0,0.0,1
100.0,33.33,100.0,100.0,0,0,0,0,0.0,0.0,0.0,1
100.0,33.33,100.0,100.0,0,0,0,0,0.0,0.0,0.0,1
100.0,33.33,100.0,100.0,0,0,0,0,0.0,0.0,0.0,1
100.0,32.43,100.0,100.0,0,0,0,0,0.0,0.0,0.0,1
100.0,33.33,100.0,100.0,0,0,0,0,0.0,0.0,0.0,1
100.0,33.33,100.0,100.0,0,0,0,0,0.0,0.0,0.0,1
100.0,33.33,100.0,100.0,0,0,0,0,0.0,0.0,0.0,1
100.0,33.33,100.0,100.0,0,0,0,0,0.0,0.0,0.0,1
100.0,33.33,100.0,100.0,0,0,0,0,0.0,0.0,0.0,1
100.0,33.33,100.0,100.0,0,0,0,0,0.0,0.0,0.0,1
100.0,33.33,100.0,100.0,0,0,0,0,0.0,0.0,0.0,1
100.0,33.33,100.0,100.0,0,0,0,0,0.0,0.0,0.0,1
100.0,33.33,100.0,100.0,0,0,0,0,0.0,0.0,0.0,1
100.0,33.33,100.0,100.0,0,0,0,0,0.0,0.0,0.0,1
100.0,33.33,100.0,100.0,0,0,0,0,0.0,0.0,0.0,1
100.0,33.33,100.0,100.0,0,0,0,0,0.0,0.0,0.0,1
100.0,33.33,100.0,100.0,0,0,0,0,0.0,0.0,0.0,1
100.0,33.33,100.0,100.0,0,0,0,0,0.0,0.0,0.0,1
100.0,33.33,100.0,100.0,0,0,0,0,0.0,0.0,0.0,1
100.0,33.33,100.0,100.0,0,0,0,0,0.0,0.0,0.0,1
100.0,33.33,100.0,100.0,0,0,0,0,0.0,0.0,0.0,1
100.0,33.33,100.0,100.0,0,0,0,0,0.0,0.0,0.0,1
100.0,33.33,100.0,100.0,0,0,0,0,0.0,0.0,0.0,1
100.0,33.33,100.0,100.0,0,0,0,0,0.0,0.0,0.0,1
100.0,33.33,100.0,100.0,0,0,0,0,0.0,0.0,0.0,1
70.0,33.33,60.0,100.0,0,0,0,0,-40.0,0.0,0.0,0
25.0,33.33,0.0,100.0,0,0,0,0,-60.0,0.0,0.0,0
25.0,33.33,0.0,100.0,0,0,0,0,0.0,0.0,0.0,0
25.0,33.33,0.0,100.0,0,0,0,0,0.0,0.0,0.0,0
93.75,33.33,91.67,100.0,0,0,0,0,91.67,0.0,0.0,1
100.0,33.33,100.0,100.0,0,0,0,0,8.329999999999998,0.0,0.0,1
100.0,0.0,100.0,100.0,0,0,0,0,0.0,0.0,0.0,0
95.83,0.0,100.0,83.33,0,0,0,0,0.0,0.0,0.0,0
75.0,0.0,100.0,0.0,0,0,0,0,0.0,0.0,0.0,0
75.0,0.0,100.0,0.0,0,0,0,0,0.0,0.0,0.0,0
75.0,0.0,100.0,0.0,0,0,0,0,0.0,0.0,0.0,0
75.0,0.0,100.0,0.0,0,0,0,0,0.0,0.0,0.0,0
75.0,0.0,100.0,0.0,0,0,0,0,0.0,0.0,0.0,0
75.0,0.0,100.0,0.0,0,0,0,0,0.0,0.0,0.0,0
75.0,0.0,100.0,0.0,0,0,0,0,0.0,0.0,0.0,0
75.0,0.0,100.0,0.0,0,0,0,0,0.0,0.0,0.0,0
75.0,0.0,100.0,0.0,0,0,0,0,0.0,0.0,0.0,0
100.0,0.0,100.0,100.0,0,0,0,0,0.0,0.0,0.0,0
100.0,0.0,100.0,100.0,0,0,0,0,0.0,0.0,0.0,0
100.0,0.0,100.0,100.0,0,0,0,0,0.0,0.0,0.0,0
100.0,0.0,100.0,100.0,0,0,0,0,0.0,0.0,0.0,0
100.0,0.0,100.0,100.0,0,0,0,0,0.0,0.0,0.0,0
100.0,0.0,100.0,100.0,0,0,0,0,0.0,0.0,0.0,0
100.0,0.0,100.0,100.0,0,0,0,0,0.0,0.0,0.0,0
100.0,0.0,100.0,100.0,0,0,0,0,0.0,0.0,0.0,0
100.0,0.0,100.0,100.0,0,0,0,0,0.0,0.0,0.0,0
100.0,0.0,100.0,100.0,0,0,0,0,0.0,0.0,0.0,0
100.0,0.0,100.0,100.0,0,0,0,0,0.0,0.0,0.0,0
100.0,0.0,100.0,100.0,0,0,0,0,0.0,0.0,0.0,0
100.0,0.0,100.0,100.0,0,0,0,0,0.0,0.0,0.0,0
100.0,0.0,100.0,100.0,0,0,0,0,0.0,0.0,0.0,0
100.0,0.0,100.0,100.0,0,0,0,0,0.0,0.0,0.0,0
100.0,0.0,100.0,100.0,0,0,0,0,0.0,0.0,0.0,0
100.0,0.0,100.0,100.0,0,0,0,0,0.0,0.0,0.0,0
97.92,0.0,100.0,100.0,0,0,0,0,0.0,0.0,0.0,0
100.0,0.0,100.0,100.0,0,0,0,0,0.0,0.0,0.0,0
100.0,0.0,100.0,100.0,0,0,0,0,0.0,0.0,0.0,0
100.0,0.0,100.0,100.0,0,0,0,0,0.0,0.0,0.0,0
100.0,0.0,100.0,100.0,0,0,0,0,0.0,0.0,0.0,0
100.0,0.0,100.0,100.0,0,0,0,0,0.0,0.0,0.0,0
100.0,0.0,100.0,100.0,0,0,0,0,0.0,0.0,0.0,0
100.0,0.0,100.0,100.0,0,0,0,0,0.0,0.0,0.0,0
100.0,0.0,100.0,100.0,0,0,0,0,0.0,0.0,0.0,0
100.0,0.0,100.0,100.0,0,0,0,0,0.0,0.0,0.0,0
73.5,32.67,98.0,0.0,0,0,0,0,-2.0,0.0,0.0,0
75.0,33.33,100.0,0.0,0,0,0,0,2.0,0.0,0.0,0
89.58,33.33,100.0,58.33,0,0,0,0,0.0,0.0,0.0,0
100.0,33.33,100.0,100.0,0,0,0,0,0.0,0.0,0.0,1
100.0,33.33,100.0,100.0,0,0,0,0,0.0,0.0,0.0,1
100.0,33.33,100.0,100.0,0,0,0,0,0.0,0.0,0.0,1
100.0,33.33,100.0,100.0,0,0,0,0,0.0,0.0,0.0,1
100.0,33.33,100.0,100.0,0,0,0,0,0.0,0.0,0.0,1
100.0,33.33,100.0,100.0,0,0,0,0,0.0,0.0,0.0,1
100.0,33.33,100.0,100.0,0,0,0,0,0.0,0.0,0.0,1
100.0,33.33,100.0,100.0,0,0,0,0,0.0,0.0,0.0,1
100.0,33.33,100.0,100.0,0,0,0,0,0.0,0.0,0.0,1
100.0,33.33,100.0,100.0,0,0,0,0,0.0,0.0,0.0,1
100.0,33.33,100.0,100.0,0,0,0,0,0.0,0.0,0.0,1
100.0,33.33,100.0,100.0,0,0,0,0,0.0,0.0,0.0,1
100.0,33.33,100.0,100.0,0,0,0,0,0.0,0.0,0.0,1
100.0,33.33,100.0,100.0,0,0,0,0,0.0,0.0,0.0,1
100.0,33.33,100.0,100.0,0,0,0,0,0.0,0.0,0.0,1
100.0,33.33,100.0,100.0,0,0,0,0,0.0,0.0,0.0,1
100.0,33.33,100.0,100.0,0,0,0,0,0.0,0.0,0.0,1
100.0,33.33,100.0,100.0,0,0,0,0,0.0,0.0,0.0,1
100.0,33.33,100.0,100.0,0,0,0,0,0.0,0.0,0.0,1
100.0,33.33,100.0,100.0,0,0,0,0,0.0,0.0,0.0,1
100.0,33.33,100.0,100.0,0,0,0,0,0.0,0.0,0.0,1
100.0,33.33,100.0,100.0,0,0,0,0,0.0,0.0,0.0,1
100.0,33.33,100.0,100.0,0,0,0,0,0.0,0.0,0.0,1
100.0,33.33,100.0,100.0,0,0,0,0,0.0,0.0,0.0,1
100.0,33.33,100.0,100.0,0,0,0,0,0.0,0.0,0.0,1
100.0,33.33,100.0,100.0,0,0,0,0,0.0,0.0,0.0,1
100.0,33.33,100.0,100.0,0,0,0,0,0.0,0.0,0.0,1
100.0,33.33,100.0,100.0,0,0,0,0,0.0,0.0,0.0,1
100.0,33.33,100.0,100.0,0,0,0,0,0.0,0.0,0.0,1
100.0,33.33,100.0,100.0,0,0,0,0,0.0,0.0,0.0,1
100.0,33.33,100.0,100.0,0,0,0,0,0.0,0.0,0.0,1
100.0,33.33,100.0,100.0,0,0,0,0,0.0,0.0,0.0,1
100.0,33.33,100.0,100.0,0,0,0,0,0.0,0.0,0.0,1
100.0,33.33,100.0,100.0,0,0,0,0,0.0,0.0,0.0,1
100.0,33.33,100.0,100.0,0,0,0,0,0.0,0.0,0.0,1
100.0,33.33,100.0,100.0,0,0,0,0,0.0,0.0,0.0,1
100.0,33.33,100.0,100.0,0,0,0,0,0.0,0.0,0.0,1
100.0,33.33,100.0,100.0,0,0,0,0,0.0,0.0,0.0,1
100.0,33.33,100.0,100.0,0,0,0,0,0.0,0.0,0.0,1
100.0,33.33,100.0,100.0,0,0,0,0,0.0,0.0,0.0,1
100.0,33.33,100.0,100.0,0,0,0,0,0.0,0.0,0.0,1
100.0,33.33,100.0,100.0,0,0,0,0,0.0,0.0,0.0,1
100.0,33.33,100.0,100.0,0,0,0,0,0.0,0.0,0.0,1
100.0,33.33,100.0,100.0,0,0,0,0,0.0,0.0,0.0,1
100.0,33.33,100.0,100.0,0,0,0,0,0.0,0.0,0.0,1
100.0,33.33,100.0,100.0,0,0,0,0,0.0,0.0,0.0,1
100.0,0.0,100.0,100.0,0,0,0,0,0.0,0.0,0.0,0
100.0,0.0,100.0,100.0,0,0,0,0,0.0,0.0,0.0,0
100.0,0.0,100.0,100.0,0,0,0,0,0.0,0.0,0.0,0
100.0,0.0,100.0,100.0,0,0,0,0,0.0,0.0,0.0,0
100.0,0.0,100.0,100.0,0,0,0,0,0.0,0.0,0.0,0
100.0,0.0,100.0,100.0,0,0,0,0,0.0,0.0,0.0,0
100.0,0.0,100.0,100.0,0,0,0,0,0.0,0.0,0.0,0
100.0,0.0,100.0,100.0,0,0,0,0,0.0,0.0,0.0,0
100.0,0.0,100.0,100.0,0,0,0,0,0.0,0.0,0.0,0
100.0,0.0,100.0,100.0,0,0,0,0,0.0,0.0,0.0,0
100.0,0.0,100.0,100.0,0,0,0,0,0.0,0.0,0.0,0
100.0,0.0,100.0,100.0,0,0,0,0,0.0,0.0,0.0,0
100.0,0.0,100.0,100.0,0,0,0,0,0.0,0.0,0.0,0
100.0,0.0,100.0,100.0,0,0,0,0,0.0,0.0,0.0,0
100.0,0.0,100.0,100.0,0,0,0,0,0.0,0.0,0.0,0
100.0,0.0,100.0,100.0,0,0,0,0,0.0,0.0,0.0,0
100.0,0.0,100.0,100.0,0,0,0,0,0.0,0.0,0.0,0
100.0,0.0,100.0,100.0,0,0,0,0,0.0,0.0,0.0,0
100.0,0.0,100.0,100.0,0,0,0,0,0.0,0.0,0.0,0
100.0,0.0,100.0,100.0,0,0,0,0,0.0,0.0,0.0,0
100.0,0.0,100.0,100.0,0,0,0,0,0.0,0.0,0.0,0
100.0,0.0,100.0,100.0,0,0,0,0,0.0,0.0,0.0,0
100.0,33.33,100.0,100.0,0,0,0,0,0.0,0.0,0.0,1
100.0,33.33,100.0,100.0,0,0,0,0,0.0,0.0,0.0,1
100.0,33.33,100.0,100.0,0,0,0,0,0.0,0.0,0.0,1
100.0,33.33,100.0,100.0,0,0,0,0,0.0,0.0,0.0,1
100.0,33.33,100.0,100.0,0,0,0,0,0.0,0.0,0.0,1
100.0,33.33,100.0,100.0,0,0,0,0,0.0,0.0,0.0,1
100.0,33.33,100.0,100.0,0,0,0,0,0.0,0.0,0.0,1
100.0,33.33,100.0,100.0,0,0,0,0,0.0,0.0,0.0,1
100.0,33.33,100.0,100.0,0,0,0,0,0.0,0.0,0.0,1
100.0,33.33,100.0,100.0,0,0,0,0,0.0,0.0,0.0,1
100.0,33.33,100.0,100.0,0,0,0,0,0.0,0.0,0.0,1
100.0,33.33,100.0,100.0,0,0,0,0,0.0,0.0,0.0,1
100.0,33.33,100.0,100.0,0,0,0,0,0.0,0.0,0.0,1
100.0,33.33,100.0,100.0,0,0,0,0,0.0,0.0,0.0,1
100.0,33.33,100.0,100.0,0,0,0,0,0.0,0.0,0.0,1
100.0,33.33,100.0,100.0,0,0,0,0,0.0,0.0,0.0,1
100.0,33.33,100.0,100.0,0,0,0,0,0.0,0.0,0.0,1
100.0,33.33,100.0,100.0,0,0,0,0,0.0,0.0,0.0,1
100.0,33.33,100.0,100.0,0,0,0,0,0.0,0.0,0.0,1
100.0,33.33,100.0,100.0,0,0,0,0,0.0,0.0,0.0,1
100.0,33.33,100.0,100.0,0,0,0,0,0.0,0.0,0.0,1
100.0,33.33,100.0,100.0,0,0,0,0,0.0,0.0,0.0,1
100.0,33.33,100.0,100.0,0,0,0,0,0.0,0.0,0.0,1
100.0,33.33,100.0,100.0,0,0,0,0,0.0,0.0,0.0,1
100.0,33.33,100.0,100.0,0,0,0,0,0.0,0.0,0.0,1
100.0,33.33,100.0,100.0,0,0,0,0,0.0,0.0,0.0,1
100.0,33.33,100.0,100.0,0,0,0,0,0.0,0.0,0.0,1
100.0,33.33,100.0,100.0,0,0,0,0,0.0,0.0,0.0,1
100.0,33.33,100.0,100.0,0,0,0,0,0.0,0.0,0.0,1
100.0,33.33,100.0,100.0,0,0,0,0,0.0,0.0,0.0,1
100.0,33.33,100.0,100.0,0,0,0,0,0.0,0.0,0.0,1
100.0,33.33,100.0,100.0,0,0,0,0,0.0,0.0,0.0,1
100.0,33.33,100.0,100.0,0,0,0,0,0.0,0.0,0.0,1
100.0,33.33,100.0,100.0,0,0,0,0,0.0,0.0,0.0,1
100.0,33.33,100.0,100.0,0,0,0,0,0.0,0.0,0.0,1
100.0,33.33,100.0,100.0,0,0,0,0,0.0,0.0,0.0,1
100.0,33.33,100.0,100.0,0,0,0,0,0.0,0.0,0.0,1
100.0,33.33,100.0,100.0,0,0,0,0,0.0,0.0,0.0,1
100.0,33.33,100.0,100.0,0,0,0,0,0.0,0.0,0.0,1
100.0,33.33,100.0,100.0,0,0,0,0,0.0,0.0,0.0,1
100.0,33.33,100.0,100.0,0,0,0,0,0.0,0.0,0.0,1
100.0,33.33,100.0,100.0,0,0,0,0,0.0,0.0,0.0,1
100.0,33.33,100.0,100.0,0,0,0,0,0.0,0.0,0.0,1
100.0,33.33,100.0,100.0,0,0,0,0,0.0,0.0,0.0,1
100.0,33.33,100.0,100.0,0,0,0,0,0.0,0.0,0.0,1
100.0,33.33,100.0,100.0,0,0,0,0,0.0,0.0,0.0,1
100.0,33.33,100.0,100.0,0,0,0,0,0.0,0.0,0.0,1
100.0,33.33,100.0,100.0,0,0,0,0,0.0,0.0,0.0,1
100.0,33.33,100.0,100.0,0,0,0,0,0.0,0.0,0.0,1
100.0,33.33,100.0,100.0,0,0,0,0,0.0,0.0,0.0,1
100.0,33.33,100.0,100.0,0,0,0,0,0.0,0.0,0.0,1
100.0,33.33,100.0,100.0,0,0,0,0,0.0,0.0,0.0,1
100.0,33.33,100.0,100.0,0,0,0,0,0.0,0.0,0.0,1
100.0,33.33,100.0,100.0,0,0,0,0,0.0,0.0,0.0,1
100.0,33.33,100.0,100.0,0,0,0,0,0.0,0.0,0.0,1
100.0,33.33,100.0,100.0,0,0,0,0,0.0,0.0,0.0,1
100.0,33.33,100.0,100.0,0,0,0,0,0.0,0.0,0.0,1
100.0,33.33,100.0,100.0,0,0,0,0,0.0,0.0,0.0,1
100.0,33.33,100.0,100.0,0,0,0,0,0.0,0.0,0.0,1
100.0,33.33,100.0,100.0,0,0,0,0,0.0,0.0,0.0,1
100.0,33.33,100.0,100.0,0,0,0,0,0.0,0.0,0.0,1
100.0,33.33,100.0,100.0,0,0,0,0,0.0,0.0,0.0,1
100.0,33.33,100.0,100.0,0,0,0,0,0.0,0.0,0.0,1
100.0,33.33,100.0,100.0,0,0,0,0,0.0,0.0,0.0,1
100.0,33.33,100.0,100.0,0,0,0,0,0.0,0.0,0.0,1
100.0,33.33,100.0,100.0,0,0,0,0,0.0,0.0,0.0,1
100.0,33.33,100.0,100.0,0,0,0,0,0.0,0.0,0.0,1
100.0,33.33,100.0,100.0,0,0,0,0,0.0,0.0,0.0,1
100.0,33.33,100.0,100.0,0,0,0,0,0.0,0.0,0.0,1
100.0,33.33,100.0,100.0,0,0,0,0,0.0,0.0,0.0,1
100.0,33.33,100.0,100.0,0,0,0,0,0.0,0.0,0.0,1
100.0,33.33,100.0,100.0,0,0,0,0,0.0,0.0,0.0,1
100.0,33.33,100.0,100.0,0,0,0,0,0.0,0.0,0.0,1
100.0,33.33,100.0,100.0,0,0,0,0,0.0,0.0,0.0,1
100.0,33.33,100.0,100.0,0,0,0,0,0.0,0.0,0.0,1
100.0,33.33,100.0,100.0,0,0,0,0,0.0,0.0,0.0,1
100.0,33.33,100.0,100.0,0,0,0,0,0.0,0.0,0.0,1
100.0,33.33,100.0,100.0,0,0,0,0,0.0,0.0,0.0,1
100.0,33.33,100.0,100.0,0,0,0,0,0.0,0.0,0.0,1
100.0,33.33,100.0,100.0,0,0,0,0,0.0,0.0,0.0,1
100.0,33.33,100.0,100.0,0,0,0,0,0.0,0.0,0.0,1
91.67,33.33,100.0,66.67,0,0,0,0,0.0,0.0,0.0,0
100.0,33.33,100.0,100.0,0,0,0,0,0.0,0.0,0.0,1
100.0,33.33,100.0,100.0,0,0,0,0,0.0,0.0,0.0,1
100.0,33.33,100.0,100.0,0,0,0,0,0.0,0.0,0.0,1
100.0,33.33,100.0,100.0,0,0,0,0,0.0,0.0,0.0,1
100.0,0.0,100.0,100.0,0,0,0,0,0.0,0.0,0.0,0
100.0,0.0,100.0,100.0,0,0,0,0,0.0,0.0,0.0,0
100.0,0.0,100.0,100.0,0,0,0,0,0.0,0.0,0.0,0
100.0,0.0,100.0,100.0,0,0,0,0,0.0,0.0,0.0,0
100.0,0.0,100.0,100.0,0,0,0,0,0.0,0.0,0.0,0
100.0,0.0,100.0,100.0,0,0,0,0,0.0,0.0,0.0,0
100.0,0.0,100.0,100.0,0,0,0,0,0.0,0.0,0.0,0
100.0,0.0,100.0,100.0,0,0,0,0,0.0,0.0,0.0,0
100.0,0.0,100.0,100.0,0,0,0,0,0.0,0.0,0.0,0
100.0,0.0,100.0,100.0,0,0,0,0,0.0,0.0,0.0,0
100.0,0.0,100.0,100.0,0,0,0,0,0.0,0.0,0.0,0
78.64,0.0,100.0,14.55,0,0,0,0,0.0,0.0,0.0,0
75.0,0.0,100.0,0.0,0,0,0,0,0.0,0.0,0.0,0
75.0,0.0,100.0,0.0,0,0,0,0,0.0,0.0,0.0,0
75.0,0.0,100.0,0.0,0,0,0,0,0.0,0.0,0.0,0
75.0,0.0,100.0,0.0,0,0,0,0,0.0,0.0,0.0,0
75.0,0.0,100.0,0.0,0,0,0,0,0.0,0.0,0.0,0
75.0,0.0,100.0,0.0,0,0,0,0,0.0,0.0,0.0,0
75.0,0.0,100.0,0.0,0,0,0,0,0.0,0.0,0.0,0
75.0,0.0,100.0,0.0,0,0,0,0,0.0,0.0,0.0,0
82.08,0.0,100.0,28.33,0,0,0,0,0.0,0.0,0.0,0
100.0,0.0,100.0,100.0,0,0,0,0,0.0,0.0,0.0,0
100.0,0.0,100.0,100.0,0,0,0,0,0.0,0.0,0.0,0
100.0,33.33,100.0,100.0,0,0,0,0,0.0,0.0,0.0,1
100.0,33.33,100.0,100.0,0,0,0,0,0.0,0.0,0.0,1
100.0,33.33,100.0,100.0,0,0,0,0,0.0,0.0,0.0,1
100.0,33.33,100.0,100.0,0,0,0,0,0.0,0.0,0.0,1
100.0,33.33,100.0,100.0,0,0,0,0,0.0,0.0,0.0,1
100.0,33.33,100.0,100.0,0,0,0,0,0.0,0.0,0.0,1
100.0,33.33,100.0,100.0,0,0,0,0,0.0,0.0,0.0,1
100.0,33.33,100.0,100.0,0,0,0,0,0.0,0.0,0.0,1
100.0,33.33,100.0,100.0,0,0,0,0,0.0,0.0,0.0,1
100.0,33.33,100.0,100.0,0,0,0,0,0.0,0.0,0.0,1
100.0,33.33,100.0,100.0,0,0,0,0,0.0,0.0,0.0,1
100.0,33.33,100.0,100.0,0,0,0,0,0.0,0.0,0.0,1
100.0,33.33,100.0,100.0,0,0,0,0,0.0,0.0,0.0,1
100.0,33.33,100.0,100.0,0,0,0,0,0.0,0.0,0.0,1
100.0,33.33,100.0,100.0,0,0,0,0,0.0,0.0,0.0,1
100.0,33.33,100.0,100.0,0,0,0,0,0.0,0.0,0.0,1
100.0,33.33,100.0,100.0,0,0,0,0,0.0,0.0,0.0,1
100.0,33.33,100.0,100.0,0,0,0,0,0.0,0.0,0.0,1
100.0,33.33,100.0,100.0,0,0,0,0,0.0,0.0,0.0,1
100.0,33.33,100.0,100.0,0,0,0,0,0.0,0.0,0.0,1
100.0,33.33,100.0,100.0,0,0,0,0,0.0,0.0,0.0,1
100.0,33.33,100.0,100.0,0,0,0,0,0.0,0.0,0.0,1
100.0,33.33,100.0,100.0,0,0,0,0,0.0,0.0,0.0,1
100.0,33.33,100.0,100.0,0,0,0,0,0.0,0.0,0.0,1
100.0,33.33,100.0,100.0,0,0,0,0,0.0,0.0,0.0,1
100.0,33.33,100.0,100.0,0,0,0,0,0.0,0.0,0.0,1
100.0,33.33,100.0,100.0,0,0,0,0,0.0,0.0,0.0,1
100.0,33.33,100.0,100.0,0,0,0,0,0.0,0.0,0.0,1
100.0,33.33,100.0,100.0,0,0,0,0,0.0,0.0,0.0,1
100.0,33.33,100.0,100.0,0,0,0,0,0.0,0.0,0.0,1
100.0,33.33,100.0,100.0,0,0,0,0,0.0,0.0,0.0,1
100.0,33.33,100.0,100.0,0,0,0,0,0.0,0.0,0.0,1
100.0,33.33,100.0,100.0,0,0,0,0,0.0,0.0,0.0,1
100.0,33.33,100.0,100.0,0,0,0,0,0.0,0.0,0.0,1
100.0,33.33,100.0,100.0,0,0,0,0,0.0,0.0,0.0,1
100.0,33.33,100.0,100.0,0,0,0,0,0.0,0.0,0.0,1
100.0,33.33,100.0,100.0,0,0,0,0,0.0,0.0,0.0,1
100.0,33.33,100.0,100.0,0,0,0,0,0.0,0.0,0.0,1
100.0,33.33,100.0,100.0,0,0,0,0,0.0,0.0,0.0,1
100.0,33.33,100.0,100.0,0,0,0,0,0.0,0.0,0.0,1
100.0,33.33,100.0,100.0,0,0,0,0,0.0,0.0,0.0,1
100.0,0.0,100.0,100.0,0,0,0,0,0.0,0.0,0.0,0
69.59,0.0,59.46,100.0,0,0,0,0,-40.54,0.0,0.0,0
100.0,0.0,100.0,100.0,0,0,0,0,40.54,0.0,0.0,0
100.0,0.0,100.0,100.0,0,0,0,0,0.0,0.0,0.0,0
100.0,0.0,100.0,100.0,0,0,0,0,0.0,0.0,0.0,0
100.0,0.0,100.0,100.0,0,0,0,0,0.0,0.0,0.0,0
100.0,0.0,100.0,100.0,0,0,0,0,0.0,0.0,0.0,0
100.0,0.0,100.0,100.0,0,0,0,0,0.0,0.0,0.0,0
100.0,0.0,100.0,100.0,0,0,0,0,0.0,0.0,0.0,0
100.0,0.0,100.0,100.0,0,0,0,0,0.0,0.0,0.0,0
100.0,0.0,100.0,100.0,0,0,0,0,0.0,0.0,0.0,0
100.0,0.0,100.0,100.0,0,0,0,0,0.0,0.0,0.0,0
95.0,0.0,100.0,80.0,0,0,0,0,0.0,0.0,0.0,0
75.0,0.0,100.0,0.0,0,0,0,0,0.0,0.0,0.0,0
75.0,0.0,100.0,0.0,0,0,0,0,0.0,0.0,0.0,0
75.0,0.0,100.0,0.0,0,0,0,0,0.0,0.0,0.0,0
75.0,0.0,100.0,0.0,0,0,0,0,0.0,0.0,0.0,0
75.0,0.0,100.0,0.0,0,0,0,0,0.0,0.0,0.0,0
75.0,0.0,100.0,0.0,0,0,0,0,0.0,0.0,0.0,0
75.0,0.0,100.0,0.0,0,0,0,0,0.0,0.0,0.0,0
75.0,0.0,100.0,0.0,0,0,0,0,0.0,0.0,0.0,0
75.0,0.0,100.0,0.0,0,0,0,0,0.0,0.0,0.0,0
75.0,0.0,100.0,0.0,0,0,0,0,0.0,0.0,0.0,0
75.0,0.0,100.0,0.0,0,0,0,0,0.0,0.0,0.0,0
75.0,0.0,100.0,0.0,0,0,0,0,0.0,0.0,0.0,0
100.0,0.0,100.0,100.0,0,0,0,0,0.0,0.0,0.0,0
100.0,0.0,100.0,100.0,0,0,0,0,0.0,0.0,0.0,0
75.0,0.0,100.0,0.0,0,0,0,0,0.0,0.0,0.0,0
75.0,0.0,100.0,0.0,0,0,0,0,0.0,0.0,0.0,0
100.0,0.0,100.0,100.0,0,0,0,0,0.0,0.0,0.0,0
75.0,0.0,100.0,0.0,0,0,0,0,0.0,0.0,0.0,0
100.0,0.0,100.0,100.0,0,0,0,0,0.0,0.0,0.0,0
100.0,0.0,100.0,100.0,0,0,0,0,0.0,0.0,0.0,0
100.0,0.0,100.0,100.0,0,0,0,0,0.0,0.0,0.0,0
100.0,0.0,100.0,100.0,0,0,0,0,0.0,0.0,0.0,0
100.0,0.0,100.0,100.0,0,0,0,0,0.0,0.0,0.0,0
100.0,0.0,100.0,100.0,0,0,0,0,0.0,0.0,0.0,0
100.0,0.0,100.0,100.0,0,0,0,0,0.0,0.0,0.0,0
100.0,0.0,100.0,100.0,0,0,0,0,0.0,0.0,0.0,0
100.0,0.0,100.0,100.0,0,0,0,0,0.0,0.0,0.0,0
100.0,0.0,100.0,100.0,0,0,0,0,0.0,0.0,0.0,0
100.0,0.0,100.0,100.0,0,0,0,0,0.0,0.0,0.0,0
100.0,0.0,100.0,100.0,0,0,0,0,0.0,0.0,0.0,0
100.0,0.0,100.0,100.0,0,0,0,0,0.0,0.0,0.0,0
100.0,0.0,100.0,100.0,0,0,0,0,0.0,0.0,0.0,0
100.0,0.0,100.0,100.0,0,0,0,0,0.0,0.0,0.0,0
100.0,0.0,100.0,100.0,0,0,0,0,0.0,0.0,0.0,0
100.0,0.0,100.0,100.0,0,0,0,0,0.0,0.0,0.0,0
100.0,0.0,100.0,100.0,0,0,0,0,0.0,0.0,0.0,0
100.0,0.0,100.0,100.0,0,0,0,0,0.0,0.0,0.0,0
100.0,0.0,100.0,100.0,0,0,0,0,0.0,0.0,0.0,0
100.0,0.0,100.0,100.0,0,0,0,0,0.0,0.0,0.0,0
100.0,0.0,100.0,100.0,0,0,0,0,0.0,0.0,0.0,0
100.0,0.0,100.0,100.0,0,0,0,0,0.0,0.0,0.0,0
100.0,0.0,100.0,100.0,0,0,0,0,0.0,0.0,0.0,0
100.0,0.0,100.0,100.0,0,0,0,0,0.0,0.0,0.0,0
100.0,0.0,100.0,100.0,0,0,0,0,0.0,0.0,0.0,0
100.0,0.0,100.0,100.0,0,0,0,0,0.0,0.0,0.0,0
100.0,0.0,100.0,100.0,0,0,0,0,0.0,0.0,0.0,0
100.0,0.0,100.0,100.0,0,0,0,0,0.0,0.0,0.0,0
100.0,0.0,100.0,100.0,0,0,0,0,0.0,0.0,0.0,0
100.0,0.0,100.0,100.0,0,0,0,0,0.0,0.0,0.0,0
100.0,0.0,100.0,100.0,0,0,0,0,0.0,0.0,0.0,0
100.0,0.0,100.0,100.0,0,0,0,0,0.0,0.0,0.0,0
100.0,0.0,100.0,100.0,0,0,0,0,0.0,0.0,0.0,0
100.0,0.0,100.0,100.0,0,0,0,0,0.0,0.0,0.0,0
100.0,0.0,100.0,100.0,0,0,0,0,0.0,0.0,0.0,0
100.0,0.0,100.0,100.0,0,0,0,0,0.0,0.0,0.0,0
100.0,0.0,100.0,100.0,0,0,0,0,0.0,0.0,0.0,0
100.0,0.0,100.0,100.0,0,0,0,0,0.0,0.0,0.0,0
100.0,0.0,100.0,100.0,0,0,0,0,0.0,0.0,0.0,0
100.0,0.0,100.0,100.0,0,0,0,0,0.0,0.0,0.0,0
100.0,0.0,100.0,100.0,0,0,0,0,0.0,0.0,0.0,0
100.0,0.0,100.0,100.0,0,0,0,0,0.0,0.0,0.0,0
100.0,0.0,100.0,100.0,0,0,0,0,0.0,0.0,0.0,0
100.0,0.0,100.0,100.0,0,0,0,0,0.0,0.0,0.0,0
100.0,0.0,100.0,100.0,0,0,0,0,0.0,0.0,0.0,0
100.0,0.0,100.0,100.0,0,0,0,0,0.0,0.0,0.0,0
81.25,0.0,100.0,25.0,0,0,0,0,0.0,0.0,0.0,0
100.0,0.0,100.0,100.0,0,0,0,0,0.0,0.0,0.0,0
100.0,0.0,100.0,100.0,0,0,0,0,0.0,0.0,0.0,0
100.0,0.0,100.0,100.0,0,0,0,0,0.0,0.0,0.0,0
100.0,0.0,100.0,100.0,0,0,0,0,0.0,0.0,0.0,0
100.0,0.0,100.0,100.0,0,0,0,0,0.0,0.0,0.0,0
100.0,0.0,100.0,100.0,0,0,0,0,0.0,0.0,0.0,0
90.68,0.0,100.0,62.71,0,0,0,0,0.0,0.0,0.0,0
75.0,0.0,100.0,0.0,0,0,0,0,0.0,0.0,0.0,0
75.0,0.0,100.0,0.0,0,0,0,0,0.0,0.0,0.0,0
75.0,0.0,100.0,0.0,0,0,0,0,0.0,0.0,0.0,0
75.0,0.0,100.0,0.0,0,0,0,0,0.0,0.0,0.0,0
75.0,0.0,100.0,0.0,0,0,0,0,0.0,0.0,0.0,0
75.0,0.0,100.0,0.0,0,0,0,0,0.0,0.0,0.0,0
75.0,0.0,100.0,0.0,0,0,0,0,0.0,0.0,0.0,0
75.0,0.0,100.0,0.0,0,0,0,0,0.0,0.0,0.0,0
75.0,0.0,100.0,0.0,0,0,0,0,0.0,0.0,0.0,0
98.21,0.0,100.0,92.86,0,0,0,0,0.0,0.0,0.0,0
100.0,0.0,100.0,100.0,0,0,0,0,0.0,0.0,0.0,0
100.0,0.0,100.0,100.0,0,0,0,0,0.0,0.0,0.0,0
100.0,0.0,100.0,100.0,0,0,0,0,0.0,0.0,0.0,0
100.0,0.0,100.0,100.0,0,0,0,0,0.0,0.0,0.0,0
100.0,0.0,100.0,100.0,0,0,0,0,0.0,0.0,0.0,0
100.0,0.0,100.0,100.0,0,0,0,0,0.0,0.0,0.0,0
100.0,0.0,100.0,100.0,0,0,0,0,0.0,0.0,0.0,0
100.0,0.0,100.0,100.0,0,0,0,0,0.0,0.0,0.0,0
100.0,0.0,100.0,100.0,0,0,0,0,0.0,0.0,0.0,0
100.0,0.0,100.0,100.0,0,0,0,0,0.0,0.0,0.0,0
100.0,0.0,100.0,100.0,0,0,0,0,0.0,0.0,0.0,0
100.0,0.0,100.0,100.0,0,0,0,0,0.0,0.0,0.0,0
100.0,0.0,100.0,100.0,0,0,0,0,0.0,0.0,0.0,0
100.0,0.0,100.0,100.0,0,0,0,0,0.0,0.0,0.0,0
100.0,0.0,100.0,100.0,0,0,0,0,0.0,0.0,0.0,0
100.0,0.0,100.0,100.0,0,0,0,0,0.0,0.0,0.0,0
100.0,0.0,100.0,100.0,0,0,0,0,0.0,0.0,0.0,0
100.0,0.0,100.0,100.0,0,0,0,0,0.0,0.0,0.0,0
100.0,0.0,100.0,100.0,0,0,0,0,0.0,0.0,0.0,0
100.0,0.0,100.0,100.0,0,0,0,0,0.0,0.0,0.0,0
100.0,0.0,100.0,100.0,0,0,0,0,0.0,0.0,0.0,0
100.0,0.0,100.0,100.0,0,0,0,0,0.0,0.0,0.0,0
100.0,0.0,100.0,100.0,0,0,0,0,0.0,0.0,0.0,0
100.0,0.0,100.0,100.0,0,0,0,0,0.0,0.0,0.0,0
100.0,0.0,100.0,100.0,0,0,0,0,0.0,0.0,0.0,0
100.0,0.0,100.0,100.0,0,0,0,0,0.0,0.0,0.0,0
100.0,0.0,100.0,100.0,0,0,0,0,0.0,0.0,0.0,0
100.0,0.0,100.0,100.0,0,0,0,0,0.0,0.0,0.0,0
100.0,0.0,100.0,100.0,0,0,0,0,0.0,0.0,0.0,0
100.0,0.0,100.0,100.0,0,0,0,0,0.0,0.0,0.0,0
100.0,0.0,100.0,100.0,0,0,0,0,0.0,0.0,0.0,0
100.0,0.0,100.0,100.0,0,0,0,0,0.0,0.0,0.0,0
100.0,0.0,100.0,100.0,0,0,0,0,0.0,0.0,0.0,0
100.0,0.0,100.0,100.0,0,0,0,0,0.0,0.0,0.0,0
100.0,0.0,100.0,100.0,0,0,0,0,0.0,0.0,0.0,0
100.0,0.0,100.0,100.0,0,0,0,0,0.0,0.0,0.0,0
100.0,0.0,100.0,100.0,0,0,0,0,0.0,0.0,0.0,0
100.0,0.0,100.0,100.0,0,0,0,0,0.0,0.0,0.0,0
100.0,0.0,100.0,100.0,0,0,0,0,0.0,0.0,0.0,0
100.0,0.0,100.0,100.0,0,0,0,0,0.0,0.0,0.0,0
100.0,0.0,100.0,100.0,0,0,0,0,0.0,0.0,0.0,0
100.0,0.0,100.0,100.0,0,0,0,0,0.0,0.0,0.0,0
71.25,0.0,61.67,100.0,0,0,0,0,-38.33,0.0,0.0,0
53.75,0.0,38.33,100.0,0,0,0,0,-23.340000000000003,0.0,0.0,0
40.0,0.0,20.0,100.0,0,0,0,0,-18.33,0.0,0.0,0
98.75,0.0,98.33,100.0,0,0,0,0,78.33,0.0,0.0,0
100.0,0.0,100.0,100.0,0,0,0,0,1.6700000000000017,0.0,0.0,0
100.0,0.0,100.0,100.0,0,0,0,0,0.0,0.0,0.0,0
100.0,0.0,100.0,100.0,0,0,0,0,0.0,0.0,0.0,0
100.0,0.0,100.0,100.0,0,0,0,0,0.0,0.0,0.0,0
100.0,0.0,100.0,100.0,0,0,0,0,0.0,0.0,0.0,0
100.0,0.0,100.0,100.0,0,0,0,0,0.0,0.0,0.0,0
90.0,0.0,100.0,60.0,0,0,0,0,0.0,0.0,0.0,0
75.0,0.0,100.0,0.0,0,0,0,0,0.0,0.0,0.0,0
84.62,0.0,100.0,38.46,0,0,0,0,0.0,0.0,0.0,0
100.0,0.0,100.0,100.0,0,0,0,0,0.0,0.0,0.0,0
100.0,0.0,100.0,100.0,0,0,0,0,0.0,0.0,0.0,0
87.16,0.0,100.0,48.65,0,0,0,0,0.0,0.0,0.0,0
75.0,0.0,100.0,0.0,0,0,0,0,0.0,0.0,0.0,0
75.0,0.0,100.0,0.0,0,0,0,0,0.0,0.0,0.0,0
75.0,0.0,100.0,0.0,0,0,0,0,0.0,0.0,0.0,0
73.26,0.0,97.67,0.0,0,0,0,0,-2.3299999999999983,0.0,0.0,0
75.0,0.0,100.0,0.0,0,0,0,0,2.3299999999999983,0.0,0.0,0
75.0,0.0,100.0,0.0,0,0,0,0,0.0,0.0,0.0,0
75.0,0.0,100.0,0.0,0,0,0,0,0.0,0.0,0.0,0
91.67,0.0,100.0,66.67,0,0,0,0,0.0,0.0,0.0,0
100.0,0.0,100.0,100.0,0,0,0,0,0.0,0.0,0.0,0
100.0,0.0,100.0,100.0,0,0,0,0,0.0,0.0,0.0,0
100.0,0.0,100.0,100.0,0,0,0,0,0.0,0.0,0.0,0
100.0,0.0,100.0,100.0,0,0,0,0,0.0,0.0,0.0,0
100.0,0.0,100.0,100.0,0,0,0,0,0.0,0.0,0.0,0
97.5,0.0,96.67,100.0,0,0,0,0,-3.3299999999999983,0.0,0.0,0
80.0,0.0,73.33,100.0,0,0,0,0,-23.340000000000003,0.0,0.0,0
100.0,0.0,100.0,100.0,0,0,0,0,26.67,0.0,0.0,0
100.0,0.0,100.0,100.0,0,0,0,0,0.0,0.0,0.0,0
100.0,0.0,100.0,100.0,0,0,0,0,0.0,0.0,0.0,0
100.0,0.0,100.0,100.0,0,0,0,0,0.0,0.0,0.0,0
100.0,0.0,100.0,100.0,0,0,0,0,0.0,0.0,0.0,0
100.0,0.0,100.0,100.0,0,0,0,0,0.0,0.0,0.0,0
100.0,0.0,100.0,100.0,0,0,0,0,0.0,0.0,0.0,0
100.0,0.0,100.0,100.0,0,0,0,0,0.0,0.0,0.0,0
100.0,0.0,100.0,100.0,0,0,0,0,0.0,0.0,0.0,0
98.75,0.0,98.33,100.0,0,0,0,0,-1.6700000000000017,0.0,0.0,0
100.0,0.0,100.0,100.0,0,0,0,0,1.6700000000000017,0.0,0.0,0
78.57,0.0,71.43,100.0,0,0,0,0,-28.569999999999993,0.0,0.0,0
83.75,0.0,78.33,100.0,0,0,0,0,6.8999999999999915,0.0,0.0,0
100.0,0.0,100.0,100.0,0,0,0,0,21.67,0.0,0.0,0
100.0,0.0,100.0,100.0,0,0,0,0,0.0,0.0,0.0,0
77.78,0.0,100.0,11.11,0,0,0,0,0.0,0.0,0.0,0
75.0,0.0,100.0,0.0,0,0,0,0,0.0,0.0,0.0,0
75.0,0.0,100.0,0.0,0,0,0,0,0.0,0.0,0.0,0
79.17,0.0,100.0,16.67,0,0,0,0,0.0,0.0,0.0,0
100.0,0.0,100.0,100.0,0,0,0,0,0.0,0.0,0.0,0
100.0,0.0,100.0,100.0,0,0,0,0,0.0,0.0,0.0,0
100.0,0.0,100.0,100.0,0,0,0,0,0.0,0.0,0.0,0
100.0,0.0,100.0,100.0,0,0,0,0,0.0,0.0,0.0,0
100.0,0.0,100.0,100.0,0,0,0,0,0.0,0.0,0.0,0
100.0,0.0,100.0,100.0,0,0,0,0,0.0,0.0,0.0,0
83.33,0.0,100.0,33.33,0,0,0,0,0.0,0.0,0.0,0
97.83,0.0,100.0,91.3,0,0,0,0,0.0,0.0,0.0,0
100.0,0.0,100.0,100.0,0,0,0,0,0.0,0.0,0.0,0
77.5,0.0,100.0,10.0,0,0,0,0,0.0,0.0,0.0,0
75.0,0.0,100.0,0.0,0,0,0,0,0.0,0.0,0.0,0
75.0,0.0,100.0,0.0,0,0,0,0,0.0,0.0,0.0,0
75.0,0.0,100.0,0.0,0,0,0,0,0.0,0.0,0.0,0
75.0,0.0,100.0,0.0,0,0,0,0,0.0,0.0,0.0,0
87.5,0.0,100.0,50.0,0,0,0,0,0.0,0.0,0.0,0
100.0,0.0,100.0,100.0,0,0,0,0,0.0,0.0,0.0,0
100.0,0.0,100.0,100.0,0,0,0,0,0.0,0.0,0.0,0
100.0,0.0,100.0,100.0,0,0,0,0,0.0,0.0,0.0,0
100.0,0.0,100.0,100.0,0,0,0,0,0.0,0.0,0.0,0
100.0,0.0,100.0,100.0,0,0,0,0,0.0,0.0,0.0,0
100.0,0.0,100.0,100.0,0,0,0,0,0.0,0.0,0.0,0
100.0,0.0,100.0,100.0,0,0,0,0,0.0,0.0,0.0,0
100.0,0.0,100.0,100.0,0,0,0,0,0.0,0.0,0.0,0
75.0,0.0,100.0,0.0,0,0,0,0,0.0,0.0,0.0,0
75.0,0.0,100.0,0.0,0,0,0,0,0.0,0.0,0.0,0
75.0,0.0,100.0,0.0,0,0,0,0,0.0,0.0,0.0,0
75.0,0.0,100.0,0.0,0,0,0,0,0.0,0.0,0.0,0
97.73,0.0,100.0,90.91,0,0,0,0,0.0,0.0,0.0,0
100.0,0.0,100.0,100.0,0,0,0,0,0.0,0.0,0.0,0
100.0,0.0,100.0,100.0,0,0,0,0,0.0,0.0,0.0,0
100.0,0.0,100.0,100.0,0,0,0,0,0.0,0.0,0.0,0
100.0,0.0,100.0,100.0,0,0,0,0,0.0,0.0,0.0,0
100.0,0.0,100.0,100.0,0,0,0,0,0.0,0.0,0.0,0
100.0,0.0,100.0,100.0,0,0,0,0,0.0,0.0,0.0,0
100.0,0.0,100.0,100.0,0,0,0,0,0.0,0.0,0.0,0
100.0,0.0,100.0,100.0,0,0,0,0,0.0,0.0,0.0,0
100.0,0.0,100.0,100.0,0,0,0,0,0.0,0.0,0.0,0
100.0,0.0,100.0,100.0,0,0,0,0,0.0,0.0,0.0,0
100.0,0.0,100.0,100.0,0,0,0,0,0.0,0.0,0.0,0
100.0,0.0,100.0,100.0,0,0,0,0,0.0,0.0,0.0,0
100.0,0.0,100.0,100.0,0,0,0,0,0.0,0.0,0.0,0
98.75,0.0,98.33,100.0,0,0,0,0,-1.6700000000000017,0.0,0.0,0
100.0,0.0,100.0,100.0,0,0,0,0,1.6700000000000017,0.0,0.0,0
100.0,0.0,100.0,100.0,0,0,0,0,0.0,0.0,0.0,0
90.42,0.0,100.0,61.67,0,0,0,0,0.0,0.0,0.0,0
75.0,0.0,100.0,0.0,0,0,0,0,0.0,0.0,0.0,0
75.0,0.0,100.0,0.0,0,0,0,0,0.0,0.0,0.0,0
98.37,0.0,100.0,93.48,0,0,0,0,0.0,0.0,0.0,0
100.0,0.0,100.0,100.0,0,0,0,0,0.0,0.0,0.0,0
100.0,0.0,100.0,100.0,0,0,0,0,0.0,0.0,0.0,0
100.0,0.0,100.0,100.0,0,0,0,0,0.0,0.0,0.0,0
100.0,0.0,100.0,100.0,0,0,0,0,0.0,0.0,0.0,0
100.0,0.0,100.0,100.0,0,0,0,0,0.0,0.0,0.0,0
100.0,0.0,100.0,100.0,0,0,0,0,0.0,0.0,0.0,0
100.0,0.0,100.0,100.0,0,0,0,0,0.0,0.0,0.0,0
100.0,0.0,100.0,100.0,0,0,0,0,0.0,0.0,0.0,0
100.0,0.0,100.0,100.0,0,0,0,0,0.0,0.0,0.0,0
100.0,0.0,100.0,100.0,0,0,0,0,0.0,0.0,0.0,0
100.0,0.0,100.0,100.0,0,0,0,0,0.0,0.0,0.0,0
100.0,0.0,100.0,100.0,0,0,0,0,0.0,0.0,0.0,0
100.0,0.0,100.0,100.0,0,0,0,0,0.0,0.0,0.0,0
100.0,0.0,100.0,100.0,0,0,0,0,0.0,0.0,0.0,0
100.0,0.0,100.0,100.0,0,0,0,0,0.0,0.0,0.0,0
100.0,0.0,100.0,100.0,0,0,0,0,0.0,0.0,0.0,0
100.0,0.0,100.0,100.0,0,0,0,0,0.0,0.0,0.0,0
100.0,0.0,100.0,100.0,0,0,0,0,0.0,0.0,0.0,0
100.0,0.0,100.0,100.0,0,0,0,0,0.0,0.0,0.0,0
100.0,0.0,100.0,100.0,0,0,0,0,0.0,0.0,0.0,0
100.0,0.0,100.0,100.0,0,0,0,0,0.0,0.0,0.0,0
100.0,0.0,100.0,100.0,0,0,0,0,0.0,0.0,0.0,0
100.0,0.0,100.0,100.0,0,0,0,0,0.0,0.0,0.0,0
100.0,0.0,100.0,100.0,0,0,0,0,0.0,0.0,0.0,0
100.0,0.0,100.0,100.0,0,0,0,0,0.0,0.0,0.0,0
100.0,0.0,100.0,100.0,0,0,0,0,0.0,0.0,0.0,0
100.0,0.0,100.0,100.0,0,0,0,0,0.0,0.0,0.0,0
100.0,0.0,100.0,100.0,0,0,0,0,0.0,0.0,0.0,0
100.0,0.0,100.0,100.0,0,0,0,0,0.0,0.0,0.0,0
100.0,0.0,100.0,100.0,0,0,0,0,0.0,0.0,0.0,0
100.0,0.0,100.0,100.0,0,0,0,0,0.0,0.0,0.0,0
100.0,0.0,100.0,100.0,0,0,0,0,0.0,0.0,0.0,0
100.0,0.0,100.0,100.0,0,0,0,0,0.0,0.0,0.0,0
100.0,0.0,100.0,100.0,0,0,0,0,0.0,0.0,0.0,0
100.0,0.0,100.0,100.0,0,0,0,0,0.0,0.0,0.0,0
100.0,0.0,100.0,100.0,0,0,0,0,0.0,0.0,0.0,0
100.0,0.0,100.0,100.0,0,0,0,0,0.0,0.0,0.0,0
100.0,0.0,100.0,100.0,0,0,0,0,0.0,0.0,0.0,0
100.0,0.0,100.0,100.0,0,0,0,0,0.0,0.0,0.0,0
100.0,0.0,100.0,100.0,0,0,0,0,0.0,0.0,0.0,0
100.0,0.0,100.0,100.0,0,0,0,0,0.0,0.0,0.0,0
100.0,0.0,100.0,100.0,0,0,0,0,0.0,0.0,0.0,0
100.0,0.0,100.0,100.0,0,0,0,0,0.0,0.0,0.0,0
100.0,0.0,100.0,100.0,0,0,0,0,0.0,0.0,0.0,0
100.0,0.0,100.0,100.0,0,0,0,0,0.0,0.0,0.0,0
100.0,0.0,100.0,100.0,0,0,0,0,0.0,0.0,0.0,0
100.0,0.0,100.0,100.0,0,0,0,0,0.0,0.0,0.0,0
100.0,0.0,100.0,100.0,0,0,0,0,0.0,0.0,0.0,0
100.0,0.0,100.0,100.0,0,0,0,0,0.0,0.0,0.0,0
100.0,0.0,100.0,100.0,0,0,0,0,0.0,0.0,0.0,0
100.0,0.0,100.0,100.0,0,0,0,0,0.0,0.0,0.0,0
100.0,0.0,100.0,100.0,0,0,0,0,0.0,0.0,0.0,0
100.0,0.0,100.0,100.0,0,0,0,0,0.0,0.0,0.0,0
100.0,0.0,100.0,100.0,0,0,0,0,0.0,0.0,0.0,0
100.0,0.0,100.0,100.0,0,0,0,0,0.0,0.0,0.0,0
100.0,0.0,100.0,100.0,0,0,0,0,0.0,0.0,0.0,0
100.0,0.0,100.0,100.0,0,0,0,0,0.0,0.0,0.0,0
100.0,0.0,100.0,100.0,0,0,0,0,0.0,0.0,0.0,0
100.0,0.0,100.0,100.0,0,0,0,0,0.0,0.0,0.0,0
100.0,0.0,100.0,100.0,0,0,0,0,0.0,0.0,0.0,0
100.0,0.0,100.0,100.0,0,0,0,0,0.0,0.0,0.0,0
100.0,0.0,100.0,100.0,0,0,0,0,0.0,0.0,0.0,0
100.0,0.0,100.0,100.0,0,0,0,0,0.0,0.0,0.0,0
100.0,0.0,100.0,100.0,0,0,0,0,0.0,0.0,0.0,0
100.0,0.0,100.0,100.0,0,0,0,0,0.0,0.0,0.0,0
100.0,0.0,100.0,100.0,0,0,0,0,0.0,0.0,0.0,0
100.0,0.0,100.0,100.0,0,0,0,0,0.0,0.0,0.0,0
100.0,0.0,100.0,100.0,0,0,0,0,0.0,0.0,0.0,0
100.0,0.0,100.0,100.0,0,0,0,0,0.0,0.0,0.0,0
100.0,0.0,100.0,100.0,0,0,0,0,0.0,0.0,0.0,0
100.0,0.0,100.0,100.0,0,0,0,0,0.0,0.0,0.0,0
100.0,0.0,100.0,100.0,0,0,0,0,0.0,0.0,0.0,0
100.0,0.0,100.0,100.0,0,0,0,0,0.0,0.0,0.0,0
100.0,0.0,100.0,100.0,0,0,0,0,0.0,0.0,0.0,0
100.0,0.0,100.0,100.0,0,0,0,0,0.0,0.0,0.0,0
100.0,0.0,100.0,100.0,0,0,0,0,0.0,0.0,0.0,0
100.0,0.0,100.0,100.0,0,0,0,0,0.0,0.0,0.0,0
100.0,0.0,100.0,100.0,0,0,0,0,0.0,0.0,0.0,0
100.0,0.0,100.0,100.0,0,0,0,0,0.0,0.0,0.0,0
100.0,0.0,100.0,100.0,0,0,0,0,0.0,0.0,0.0,0
100.0,0.0,100.0,100.0,0,0,0,0,0.0,0.0,0.0,0
100.0,0.0,100.0,100.0,0,0,0,0,0.0,0.0,0.0,0
100.0,0.0,100.0,100.0,0,0,0,0,0.0,0.0,0.0,0
100.0,0.0,100.0,100.0,0,0,0,0,0.0,0.0,0.0,0
100.0,0.0,100.0,100.0,0,0,0,0,0.0,0.0,0.0,0
100.0,0.0,100.0,100.0,0,0,0,0,0.0,0.0,0.0,0
100.0,0.0,100.0,100.0,0,0,0,0,0.0,0.0,0.0,0
100.0,0.0,100.0,100.0,0,0,0,0,0.0,0.0,0.0,0
100.0,0.0,100.0,100.0,0,0,0,0,0.0,0.0,0.0,0
100.0,0.0,100.0,100.0,0,0,0,0,0.0,0.0,0.0,0
100.0,0.0,100.0,100.0,0,0,0,0,0.0,0.0,0.0,0
100.0,0.0,100.0,100.0,0,0,0,0,0.0,0.0,0.0,0
100.0,0.0,100.0,100.0,0,0,0,0,0.0,0.0,0.0,0
100.0,0.0,100.0,100.0,0,0,0,0,0.0,0.0,0.0,0
100.0,0.0,100.0,100.0,0,0,0,0,0.0,0.0,0.0,0
100.0,0.0,100.0,100.0,0,0,0,0,0.0,0.0,0.0,0
100.0,0.0,100.0,100.0,0,0,0,0,0.0,0.0,0.0,0
100.0,0.0,100.0,100.0,0,0,0,0,0.0,0.0,0.0,0
100.0,0.0,100.0,100.0,0,0,0,0,0.0,0.0,0.0,0
100.0,0.0,100.0,100.0,0,0,0,0,0.0,0.0,0.0,0
100.0,0.0,100.0,100.0,0,0,0,0,0.0,0.0,0.0,0
100.0,0.0,100.0,100.0,0,0,0,0,0.0,0.0,0.0,0
100.0,0.0,100.0,100.0,0,0,0,0,0.0,0.0,0.0,0
100.0,0.0,100.0,100.0,0,0,0,0,0.0,0.0,0.0,0
100.0,0.0,100.0,100.0,0,0,0,0,0.0,0.0,0.0,0
100.0,0.0,100.0,100.0,0,0,0,0,0.0,0.0,0.0,0
100.0,0.0,100.0,100.0,0,0,0,0,0.0,0.0,0.0,0
100.0,0.0,100.0,100.0,0,0,0,0,0.0,0.0,0.0,0
100.0,0.0,100.0,100.0,0,0,0,0,0.0,0.0,0.0,0
100.0,0.0,100.0,100.0,0,0,0,0,0.0,0.0,0.0,0
100.0,0.0,100.0,100.0,0,0,0,0,0.0,0.0,0.0,0
100.0,0.0,100.0,100.0,0,0,0,0,0.0,0.0,0.0,0
100.0,0.0,100.0,100.0,0,0,0,0,0.0,0.0,0.0,0
100.0,0.0,100.0,100.0,0,0,0,0,0.0,0.0,0.0,0
100.0,0.0,100.0,100.0,0,0,0,0,0.0,0.0,0.0,0
100.0,0.0,100.0,100.0,0,0,0,0,0.0,0.0,0.0,0
100.0,0.0,100.0,100.0,0,0,0,0,0.0,0.0,0.0,0
100.0,0.0,100.0,100.0,0,0,0,0,0.0,0.0,0.0,0
100.0,0.0,100.0,100.0,0,0,0,0,0.0,0.0,0.0,0
100.0,0.0,100.0,100.0,0,0,0,0,0.0,0.0,0.0,0
100.0,0.0,100.0,100.0,0,0,0,0,0.0,0.0,0.0,0
100.0,0.0,100.0,100.0,0,0,0,0,0.0,0.0,0.0,0
100.0,0.0,100.0,100.0,0,0,0,0,0.0,0.0,0.0,0
100.0,0.0,100.0,100.0,0,0,0,0,0.0,0.0,0.0,0
100.0,0.0,100.0,100.0,0,0,0,0,0.0,0.0,0.0,0
100.0,0.0,100.0,100.0,0,0,0,0,0.0,0.0,0.0,0
100.0,0.0,100.0,100.0,0,0,0,0,0.0,0.0,0.0,0
100.0,0.0,100.0,100.0,0,0,0,0,0.0,0.0,0.0,0
100.0,0.0,100.0,100.0,0,0,0,0,0.0,0.0,0.0,0
90.0,0.0,100.0,60.0,0,0,0,0,0.0,0.0,0.0,0
100.0,0.0,100.0,100.0,0,0,0,0,0.0,0.0,0.0,0
100.0,0.0,100.0,100.0,0,0,0,0,0.0,0.0,0.0,0
100.0,0.0,100.0,100.0,0,0,0,0,0.0,0.0,0.0,0
100.0,0.0,100.0,100.0,0,0,0,0,0.0,0.0,0.0,0
100.0,0.0,100.0,100.0,0,0,0,0,0.0,0.0,0.0,0
100.0,0.0,100.0,100.0,0,0,0,0,0.0,0.0,0.0,0
100.0,0.0,100.0,100.0,0,0,0,0,0.0,0.0,0.0,0
100.0,0.0,100.0,100.0,0,0,0,0,0.0,0.0,0.0,0
100.0,0.0,100.0,100.0,0,0,0,0,0.0,0.0,0.0,0
100.0,0.0,100.0,100.0,0,0,0,0,0.0,0.0,0.0,0
100.0,0.0,100.0,100.0,0,0,0,0,0.0,0.0,0.0,0
100.0,0.0,100.0,100.0,0,0,0,0,0.0,0.0,0.0,0
100.0,0.0,100.0,100.0,0,0,0,0,0.0,0.0,0.0,0
100.0,0.0,100.0,100.0,0,0,0,0,0.0,0.0,0.0,0
100.0,0.0,100.0,100.0,0,0,0,0,0.0,0.0,0.0,0
100.0,0.0,100.0,100.0,0,0,0,0,0.0,0.0,0.0,0
100.0,0.0,100.0,100.0,0,0,0,0,0.0,0.0,0.0,0
100.0,0.0,100.0,100.0,0,0,0,0,0.0,0.0,0.0,0
100.0,0.0,100.0,100.0,0,0,0,0,0.0,0.0,0.0,0
100.0,0.0,100.0,100.0,0,0,0,0,0.0,0.0,0.0,0
100.0,0.0,100.0,100.0,0,0,0,0,0.0,0.0,0.0,0
100.0,0.0,100.0,100.0,0,0,0,0,0.0,0.0,0.0,0
100.0,0.0,100.0,100.0,0,0,0,0,0.0,0.0,0.0,0
100.0,0.0,100.0,100.0,0,0,0,0,0.0,0.0,0.0,0
100.0,0.0,100.0,100.0,0,0,0,0,0.0,0.0,0.0,0
100.0,0.0,100.0,100.0,0,0,0,0,0.0,0.0,0.0,0
100.0,0.0,100.0,100.0,0,0,0,0,0.0,0.0,0.0,0
100.0,0.0,100.0,100.0,0,0,0,0,0.0,0.0,0.0,0
100.0,0.0,100.0,100.0,0,0,0,0,0.0,0.0,0.0,0
100.0,0.0,100.0,100.0,0,0,0,0,0.0,0.0,0.0,0
100.0,0.0,100.0,100.0,0,0,0,0,0.0,0.0,0.0,0
100.0,0.0,100.0,100.0,0,0,0,0,0.0,0.0,0.0,0
100.0,0.0,100.0,100.0,0,0,0,0,0.0,0.0,0.0,0
100.0,0.0,100.0,100.0,0,0,0,0,0.0,0.0,0.0,0
100.0,0.0,100.0,100.0,0,0,0,0,0.0,0.0,0.0,0
100.0,0.0,100.0,100.0,0,0,0,0,0.0,0.0,0.0,0
100.0,0.0,100.0,100.0,0,0,0,0,0.0,0.0,0.0,0
100.0,0.0,100.0,100.0,0,0,0,0,0.0,0.0,0.0,0
100.0,0.0,100.0,100.0,0,0,0,0,0.0,0.0,0.0,0
100.0,0.0,100.0,100.0,0,0,0,0,0.0,0.0,0.0,0
100.0,0.0,100.0,100.0,0,0,0,0,0.0,0.0,0.0,0
100.0,0.0,100.0,100.0,0,0,0,0,0.0,0.0,0.0,0
100.0,0.0,100.0,100.0,0,0,0,0,0.0,0.0,0.0,0
100.0,0.0,100.0,100.0,0,0,0,0,0.0,0.0,0.0,0
100.0,0.0,100.0,100.0,0,0,0,0,0.0,0.0,0.0,0
100.0,0.0,100.0,100.0,0,0,0,0,0.0,0.0,0.0,0
100.0,0.0,100.0,100.0,0,0,0,0,0.0,0.0,0.0,0
100.0,0.0,100.0,100.0,0,0,0,0,0.0,0.0,0.0,0
100.0,0.0,100.0,100.0,0,0,0,0,0.0,0.0,0.0,0
100.0,0.0,100.0,100.0,0,0,0,0,0.0,0.0,0.0,0
100.0,0.0,100.0,100.0,0,0,0,0,0.0,0.0,0.0,0
100.0,0.0,100.0,100.0,0,0,0,0,0.0,0.0,0.0,0
100.0,0.0,100.0,100.0,0,0,0,0,0.0,0.0,0.0,0
100.0,0.0,100.0,100.0,0,0,0,0,0.0,0.0,0.0,0
100.0,0.0,100.0,100.0,0,0,0,0,0.0,0.0,0.0,0
100.0,0.0,100.0,100.0,0,0,0,0,0.0,0.0,0.0,0
100.0,0.0,100.0,100.0,0,0,0,0,0.0,0.0,0.0,0
100.0,0.0,100.0,100.0,0,0,0,0,0.0,0.0,0.0,0
100.0,0.0,100.0,100.0,0,0,0,0,0.0,0.0,0.0,0
100.0,0.0,100.0,100.0,0,0,0,0,0.0,0.0,0.0,0
100.0,0.0,100.0,100.0,0,0,0,0,0.0,0.0,0.0,0
100.0,0.0,100.0,100.0,0,0,0,0,0.0,0.0,0.0,0
75.0,0.0,100.0,0.0,0,0,0,0,0.0,0.0,0.0,0
75.0,0.0,100.0,0.0,0,0,0,0,0.0,0.0,0.0,0
75.0,0.0,100.0,0.0,0,0,0,0,0.0,0.0,0.0,0
75.0,0.0,100.0,0.0,0,0,0,0,0.0,0.0,0.0,0
75.0,0.0,100.0,0.0,0,0,0,0,0.0,0.0,0.0,0
75.0,0.0,100.0,0.0,0,0,0,0,0.0,0.0,0.0,0
75.0,0.0,100.0,0.0,0,0,0,0,0.0,0.0,0.0,0
75.0,0.0,100.0,0.0,0,0,0,0,0.0,0.0,0.0,0
75.0,0.0,100.0,0.0,0,0,0,0,0.0,0.0,0.0,0
75.0,0.0,100.0,0.0,0,0,0,0,0.0,0.0,0.0,0
76.39,0.0,100.0,5.56,0,0,0,0,0.0,0.0,0.0,0
75.0,0.0,100.0,0.0,0,0,0,0,0.0,0.0,0.0,0
100.0,0.0,100.0,100.0,0,0,0,0,0.0,0.0,0.0,0
100.0,0.0,100.0,100.0,0,0,0,0,0.0,0.0,0.0,0
100.0,0.0,100.0,100.0,0,0,0,0,0.0,0.0,0.0,0
100.0,0.0,100.0,100.0,0,0,0,0,0.0,0.0,0.0,0
100.0,0.0,100.0,100.0,0,0,0,0,0.0,0.0,0.0,0
100.0,0.0,100.0,100.0,0,0,0,0,0.0,0.0,0.0,0
100.0,0.0,100.0,100.0,0,0,0,0,0.0,0.0,0.0,0
100.0,0.0,100.0,100.0,0,0,0,0,0.0,0.0,0.0,0
77.08,0.0,100.0,8.33,0,0,0,0,0.0,0.0,0.0,0
75.0,0.0,100.0,0.0,0,0,0,0,0.0,0.0,0.0,0
75.0,0.0,100.0,0.0,0,0,0,0,0.0,0.0,0.0,0
75.0,0.0,100.0,0.0,0,0,0,0,0.0,0.0,0.0,0
75.0,0.0,100.0,0.0,0,0,0,0,0.0,0.0,0.0,0
99.58,0.0,100.0,98.33,0,0,0,0,0.0,0.0,0.0,0
100.0,0.0,100.0,100.0,0,0,0,0,0.0,0.0,0.0,0
100.0,0.0,100.0,100.0,0,0,0,0,0.0,0.0,0.0,0
100.0,0.0,100.0,100.0,0,0,0,0,0.0,0.0,0.0,0
100.0,0.0,100.0,100.0,0,0,0,0,0.0,0.0,0.0,0
100.0,0.0,100.0,100.0,0,0,0,0,0.0,0.0,0.0,0
100.0,0.0,100.0,100.0,0,0,0,0,0.0,0.0,0.0,0
100.0,0.0,100.0,100.0,0,0,0,0,0.0,0.0,0.0,0
100.0,0.0,100.0,100.0,0,0,0,0,0.0,0.0,0.0,0
100.0,0.0,100.0,100.0,0,0,0,0,0.0,0.0,0.0,0
100.0,0.0,100.0,100.0,0,0,0,0,0.0,0.0,0.0,0
100.0,0.0,100.0,100.0,0,0,0,0,0.0,0.0,0.0,0
100.0,0.0,100.0,100.0,0,0,0,0,0.0,0.0,0.0,0
100.0,0.0,100.0,100.0,0,0,0,0,0.0,0.0,0.0,0
100.0,0.0,100.0,100.0,0,0,0,0,0.0,0.0,0.0,0
100.0,0.0,100.0,100.0,0,0,0,0,0.0,0.0,0.0,0
100.0,0.0,100.0,100.0,0,0,0,0,0.0,0.0,0.0,0
100.0,0.0,100.0,100.0,0,0,0,0,0.0,0.0,0.0,0
100.0,0.0,100.0,100.0,0,0,0,0,0.0,0.0,0.0,0
100.0,0.0,100.0,100.0,0,0,0,0,0.0,0.0,0.0,0
100.0,0.0,100.0,100.0,0,0,0,0,0.0,0.0,0.0,0
100.0,0.0,100.0,100.0,0,0,0,0,0.0,0.0,0.0,0
100.0,0.0,100.0,100.0,0,0,0,0,0.0,0.0,0.0,0
100.0,0.0,100.0,100.0,0,0,0,0,0.0,0.0,0.0,0
100.0,0.0,100.0,100.0,0,0,0,0,0.0,0.0,0.0,0
100.0,0.0,100.0,100.0,0,0,0,0,0.0,0.0,0.0,0
100.0,0.0,100.0,100.0,0,0,0,0,0.0,0.0,0.0,0
100.0,0.0,100.0,100.0,0,0,0,0,0.0,0.0,0.0,0
100.0,0.0,100.0,100.0,0,0,0,0,0.0,0.0,0.0,0
100.0,0.0,100.0,100.0,0,0,0,0,0.0,0.0,0.0,0
100.0,0.0,100.0,100.0,0,0,0,0,0.0,0.0,0.0,0
100.0,0.0,100.0,100.0,0,0,0,0,0.0,0.0,0.0,0
100.0,0.0,100.0,100.0,0,0,0,0,0.0,0.0,0.0,0
100.0,0.0,100.0,100.0,0,0,0,0,0.0,0.0,0.0,0
100.0,0.0,100.0,100.0,0,0,0,0,0.0,0.0,0.0,0
100.0,0.0,100.0,100.0,0,0,0,0,0.0,0.0,0.0,0
100.0,0.0,100.0,100.0,0,0,0,0,0.0,0.0,0.0,0
100.0,0.0,100.0,100.0,0,0,0,0,0.0,0.0,0.0,0
87.5,0.0,100.0,50.0,0,0,0,0,0.0,0.0,0.0,0
75.0,0.0,100.0,0.0,0,0,0,0,0.0,0.0,0.0,0
100.0,0.0,100.0,100.0,0,0,0,0,0.0,0.0,0.0,0
100.0,0.0,100.0,100.0,0,0,0,0,0.0,0.0,0.0,0
100.0,0.0,100.0,100.0,0,0,0,0,0.0,0.0,0.0,0
100.0,0.0,100.0,100.0,0,0,0,0,0.0,0.0,0.0,0
100.0,0.0,100.0,100.0,0,0,0,0,0.0,0.0,0.0,0
100.0,0.0,100.0,100.0,0,0,0,0,0.0,0.0,0.0,0
100.0,0.0,100.0,100.0,0,0,0,0,0.0,0.0,0.0,0
100.0,0.0,100.0,100.0,0,0,0,0,0.0,0.0,0.0,0
100.0,0.0,100.0,100.0,0,0,0,0,0.0,0.0,0.0,0
100.0,0.0,100.0,100.0,0,0,0,0,0.0,0.0,0.0,0
100.0,0.0,100.0,100.0,0,0,0,0,0.0,0.0,0.0,0
100.0,0.0,100.0,100.0,0,0,0,0,0.0,0.0,0.0,0
100.0,0.0,100.0,100.0,0,0,0,0,0.0,0.0,0.0,0
100.0,0.0,100.0,100.0,0,0,0,0,0.0,0.0,0.0,0
100.0,0.0,100.0,100.0,0,0,0,0,0.0,0.0,0.0,0
100.0,0.0,100.0,100.0,0,0,0,0,0.0,0.0,0.0,0
100.0,0.0,100.0,100.0,0,0,0,0,0.0,0.0,0.0,0
100.0,0.0,100.0,100.0,0,0,0,0,0.0,0.0,0.0,0
100.0,0.0,100.0,100.0,0,0,0,0,0.0,0.0,0.0,0
100.0,0.0,100.0,100.0,0,0,0,0,0.0,0.0,0.0,0
100.0,0.0,100.0,100.0,0,0,0,0,0.0,0.0,0.0,0
100.0,0.0,100.0,100.0,0,0,0,0,0.0,0.0,0.0,0
100.0,0.0,100.0,100.0,0,0,0,0,0.0,0.0,0.0,0
100.0,0.0,100.0,100.0,0,0,0,0,0.0,0.0,0.0,0
100.0,0.0,100.0,100.0,0,0,0,0,0.0,0.0,0.0,0
100.0,0.0,100.0,100.0,0,0,0,0,0.0,0.0,0.0,0
100.0,0.0,100.0,100.0,0,0,0,0,0.0,0.0,0.0,0
100.0,0.0,100.0,100.0,0,0,0,0,0.0,0.0,0.0,0
100.0,0.0,100.0,100.0,0,0,0,0,0.0,0.0,0.0,0
100.0,0.0,100.0,100.0,0,0,0,0,0.0,0.0,0.0,0
100.0,0.0,100.0,100.0,0,0,0,0,0.0,0.0,0.0,0
100.0,0.0,100.0,100.0,0,0,0,0,0.0,0.0,0.0,0
100.0,0.0,100.0,100.0,0,0,0,0,0.0,0.0,0.0,0
100.0,0.0,100.0,100.0,0,0,0,0,0.0,0.0,0.0,0
100.0,0.0,100.0,100.0,0,0,0,0,0.0,0.0,0.0,0
100.0,0.0,100.0,100.0,0,0,0,0,0.0,0.0,0.0,0
100.0,0.0,100.0,100.0,0,0,0,0,0.0,0.0,0.0,0
100.0,0.0,100.0,100.0,0,0,0,0,0.0,0.0,0.0,0
100.0,0.0,100.0,100.0,0,0,0,0,0.0,0.0,0.0,0
100.0,0.0,100.0,100.0,0,0,0,0,0.0,0.0,0.0,0
100.0,0.0,100.0,100.0,0,0,0,0,0.0,0.0,0.0,0
100.0,0.0,100.0,100.0,0,0,0,0,0.0,0.0,0.0,0
100.0,0.0,100.0,100.0,0,0,0,0,0.0,0.0,0.0,0
100.0,0.0,100.0,100.0,0,0,0,0,0.0,0.0,0.0,0
100.0,0.0,100.0,100.0,0,0,0,0,0.0,0.0,0.0,0
100.0,0.0,100.0,100.0,0,0,0,0,0.0,0.0,0.0,0
100.0,0.0,100.0,100.0,0,0,0,0,0.0,0.0,0.0,0
100.0,0.0,100.0,100.0,0,0,0,0,0.0,0.0,0.0,0
100.0,0.0,100.0,100.0,0,0,0,0,0.0,0.0,0.0,0
100.0,0.0,100.0,100.0,0,0,0,0,0.0,0.0,0.0,0
100.0,0.0,100.0,100.0,0,0,0,0,0.0,0.0,0.0,0
100.0,0.0,100.0,100.0,0,0,0,0,0.0,0.0,0.0,0
100.0,0.0,100.0,100.0,0,0,0,0,0.0,0.0,0.0,0
100.0,0.0,100.0,100.0,0,0,0,0,0.0,0.0,0.0,0
100.0,0.0,100.0,100.0,0,0,0,0,0.0,0.0,0.0,0
100.0,0.0,100.0,100.0,0,0,0,0,0.0,0.0,0.0,0
100.0,0.0,100.0,100.0,0,0,0,0,0.0,0.0,0.0,0
77.5,0.0,100.0,10.0,0,0,0,0,0.0,0.0,0.0,0
75.0,0.0,100.0,0.0,0,0,0,0,0.0,0.0,0.0,0
75.0,0.0,100.0,0.0,0,0,0,0,0.0,0.0,0.0,0
75.0,0.0,100.0,0.0,0,0,0,0,0.0,0.0,0.0,0
75.0,0.0,100.0,0.0,0,0,0,0,0.0,0.0,0.0,0
100.0,0.0,100.0,100.0,0,0,0,0,0.0,0.0,0.0,0
100.0,0.0,100.0,100.0,0,0,0,0,0.0,0.0,0.0,0
100.0,0.0,100.0,100.0,0,0,0,0,0.0,0.0,0.0,0
100.0,0.0,100.0,100.0,0,0,0,0,0.0,0.0,0.0,0
100.0,0.0,100.0,100.0,0,0,0,0,0.0,0.0,0.0,0
100.0,0.0,100.0,100.0,0,0,0,0,0.0,0.0,0.0,0
100.0,0.0,100.0,100.0,0,0,0,0,0.0,0.0,0.0,0
100.0,0.0,100.0,100.0,0,0,0,0,0.0,0.0,0.0,0
100.0,0.0,100.0,100.0,0,0,0,0,0.0,0.0,0.0,0
100.0,0.0,100.0,100.0,0,0,0,0,0.0,0.0,0.0,0
100.0,0.0,100.0,100.0,0,0,0,0,0.0,0.0,0.0,0
75.0,0.0,100.0,0.0,0,0,0,0,0.0,0.0,0.0,0
98.75,0.0,100.0,95.0,0,0,0,0,0.0,0.0,0.0,0
100.0,0.0,100.0,100.0,0,0,0,0,0.0,0.0,0.0,0
100.0,0.0,100.0,100.0,0,0,0,0,0.0,0.0,0.0,0
100.0,0.0,100.0,100.0,0,0,0,0,0.0,0.0,0.0,0
100.0,0.0,100.0,100.0,0,0,0,0,0.0,0.0,0.0,0
100.0,0.0,100.0,100.0,0,0,0,0,0.0,0.0,0.0,0
75.0,0.0,100.0,0.0,0,0,0,0,0.0,0.0,0.0,0
75.0,0.0,100.0,0.0,0,0,0,0,0.0,0.0,0.0,0
75.0,0.0,100.0,0.0,0,0,0,0,0.0,0.0,0.0,0
75.0,0.0,100.0,0.0,0,0,0,0,0.0,0.0,0.0,0
75.0,0.0,100.0,0.0,0,0,0,0,0.0,0.0,0.0,0
75.0,0.0,100.0,0.0,0,0,0,0,0.0,0.0,0.0,0
75.0,0.0,100.0,0.0,0,0,0,0,0.0,0.0,0.0,0
75.0,0.0,100.0,0.0,0,0,0,0,0.0,0.0,0.0,0
81.67,0.0,100.0,26.67,0,0,0,0,0.0,0.0,0.0,0
100.0,0.0,100.0,100.0,0,0,0,0,0.0,0.0,0.0,0
82.5,0.0,100.0,30.0,0,0,0,0,0.0,0.0,0.0,0
75.0,0.0,100.0,0.0,0,0,0,0,0.0,0.0,0.0,0
75.0,0.0,100.0,0.0,0,0,0,0,0.0,0.0,0.0,0
84.17,0.0,100.0,36.67,0,0,0,0,0.0,0.0,0.0,0
100.0,0.0,100.0,100.0,0,0,0,0,0.0,0.0,0.0,0
100.0,0.0,100.0,100.0,0,0,0,0,0.0,0.0,0.0,0
100.0,0.0,100.0,100.0,0,0,0,0,0.0,0.0,0.0,0
100.0,0.0,100.0,100.0,0,0,0,0,0.0,0.0,0.0,0
100.0,0.0,100.0,100.0,0,0,0,0,0.0,0.0,0.0,0
100.0,0.0,100.0,100.0,0,0,0,0,0.0,0.0,0.0,0
100.0,0.0,100.0,100.0,0,0,0,0,0.0,0.0,0.0,0
100.0,0.0,100.0,100.0,0,0,0,0,0.0,0.0,0.0,0
100.0,0.0,100.0,100.0,0,0,0,0,0.0,0.0,0.0,0
100.0,0.0,100.0,100.0,0,0,0,0,0.0,0.0,0.0,0
100.0,0.0,100.0,100.0,0,0,0,0,0.0,0.0,0.0,0
100.0,0.0,100.0,100.0,0,0,0,0,0.0,0.0,0.0,0
100.0,0.0,100.0,100.0,0,0,0,0,0.0,0.0,0.0,0
100.0,0.0,100.0,100.0,0,0,0,0,0.0,0.0,0.0,0
100.0,0.0,100.0,100.0,0,0,0,0,0.0,0.0,0.0,0
80.83,0.0,100.0,23.33,0,0,0,0,0.0,0.0,0.0,0
91.07,0.0,100.0,64.29,0,0,0,0,0.0,0.0,0.0,0
100.0,0.0,100.0,100.0,0,0,0,0,0.0,0.0,0.0,0
100.0,0.0,100.0,100.0,0,0,0,0,0.0,0.0,0.0,0
100.0,0.0,100.0,100.0,0,0,0,0,0.0,0.0,0.0,0
100.0,0.0,100.0,100.0,0,0,0,0,0.0,0.0,0.0,0
100.0,0.0,100.0,100.0,0,0,0,0,0.0,0.0,0.0,0
100.0,0.0,100.0,100.0,0,0,0,0,0.0,0.0,0.0,0
100.0,0.0,100.0,100.0,0,0,0,0,0.0,0.0,0.0,0
100.0,0.0,100.0,100.0,0,0,0,0,0.0,0.0,0.0,0
100.0,0.0,100.0,100.0,0,0,0,0,0.0,0.0,0.0,0
100.0,0.0,100.0,100.0,0,0,0,0,0.0,0.0,0.0,0
100.0,0.0,100.0,100.0,0,0,0,0,0.0,0.0,0.0,0
100.0,0.0,100.0,100.0,0,0,0,0,0.0,0.0,0.0,0
100.0,0.0,100.0,100.0,0,0,0,0,0.0,0.0,0.0,0
100.0,0.0,100.0,100.0,0,0,0,0,0.0,0.0,0.0,0
100.0,0.0,100.0,100.0,0,0,0,0,0.0,0.0,0.0,0
100.0,0.0,100.0,100.0,0,0,0,0,0.0,0.0,0.0,0
100.0,0.0,100.0,100.0,0,0,0,0,0.0,0.0,0.0,0
100.0,0.0,100.0,100.0,0,0,0,0,0.0,0.0,0.0,0
100.0,0.0,100.0,100.0,0,0,0,0,0.0,0.0,0.0,0
100.0,0.0,100.0,100.0,0,0,0,0,0.0,0.0,0.0,0
82.26,0.0,100.0,29.03,0,0,0,0,0.0,0.0,0.0,0
96.67,0.0,100.0,86.67,0,0,0,0,0.0,0.0,0.0,0
75.0,0.0,100.0,0.0,0,0,0,0,0.0,0.0,0.0,0
75.0,0.0,100.0,0.0,0,0,0,0,0.0,0.0,0.0,0
75.0,0.0,100.0,0.0,0,0,0,0,0.0,0.0,0.0,0
75.0,0.0,100.0,0.0,0,0,0,0,0.0,0.0,0.0,0
90.12,0.0,100.0,60.47,0,0,0,0,0.0,0.0,0.0,0
100.0,0.0,100.0,100.0,0,0,0,0,0.0,0.0,0.0,0
100.0,0.0,100.0,100.0,0,0,0,0,0.0,0.0,0.0,0
100.0,0.0,100.0,100.0,0,0,0,0,0.0,0.0,0.0,0
100.0,0.0,100.0,100.0,0,0,0,0,0.0,0.0,0.0,0
100.0,0.0,100.0,100.0,0,0,0,0,0.0,0.0,0.0,0
100.0,0.0,100.0,100.0,0,0,0,0,0.0,0.0,0.0,0
100.0,0.0,100.0,100.0,0,0,0,0,0.0,0.0,0.0,0
100.0,0.0,100.0,100.0,0,0,0,0,0.0,0.0,0.0,0
100.0,0.0,100.0,100.0,0,0,0,0,0.0,0.0,0.0,0
100.0,0.0,100.0,100.0,0,0,0,0,0.0,0.0,0.0,0
100.0,0.0,100.0,100.0,0,0,0,0,0.0,0.0,0.0,0
100.0,0.0,100.0,100.0,0,0,0,0,0.0,0.0,0.0,0
100.0,0.0,100.0,100.0,0,0,0,0,0.0,0.0,0.0,0
100.0,0.0,100.0,100.0,0,0,0,0,0.0,0.0,0.0,0
100.0,0.0,100.0,100.0,0,0,0,0,0.0,0.0,0.0,0
100.0,0.0,100.0,100.0,0,0,0,0,0.0,0.0,0.0,0
100.0,0.0,100.0,100.0,0,0,0,0,0.0,0.0,0.0,0
100.0,0.0,100.0,100.0,0,0,0,0,0.0,0.0,0.0,0
77.38,0.0,100.0,9.52,0,0,0,0,0.0,0.0,0.0,0
75.0,0.0,100.0,0.0,0,0,0,0,0.0,0.0,0.0,0
75.0,0.0,100.0,0.0,0,0,0,0,0.0,0.0,0.0,0
75.0,0.0,100.0,0.0,0,0,0,0,0.0,0.0,0.0,0
75.0,0.0,100.0,0.0,0,0,0,0,0.0,0.0,0.0,0
75.0,0.0,100.0,0.0,0,0,0,0,0.0,0.0,0.0,0
75.0,0.0,100.0,0.0,0,0,0,0,0.0,0.0,0.0,0
75.0,0.0,100.0,0.0,0,0,0,0,0.0,0.0,0.0,0
75.0,0.0,100.0,0.0,0,0,0,0,0.0,0.0,0.0,0
75.0,0.0,100.0,0.0,0,0,0,0,0.0,0.0,0.0,0
75.0,0.0,100.0,0.0,0,0,0,0,0.0,0.0,0.0,0
75.0,0.0,100.0,0.0,0,0,0,0,0.0,0.0,0.0,0
75.0,0.0,100.0,0.0,0,0,0,0,0.0,0.0,0.0,0
75.0,0.0,100.0,0.0,0,0,0,0,0.0,0.0,0.0,0
75.0,0.0,100.0,0.0,0,0,0,0,0.0,0.0,0.0,0
75.0,0.0,100.0,0.0,0,0,0,0,0.0,0.0,0.0,0
82.92,0.0,100.0,31.67,0,0,0,0,0.0,0.0,0.0,0
100.0,0.0,100.0,100.0,0,0,0,0,0.0,0.0,0.0,0
100.0,0.0,100.0,100.0,0,0,0,0,0.0,0.0,0.0,0
82.08,0.0,100.0,28.33,0,0,0,0,0.0,0.0,0.0,0
75.0,0.0,100.0,0.0,0,0,0,0,0.0,0.0,0.0,0
75.0,0.0,100.0,0.0,0,0,0,0,0.0,0.0,0.0,0
75.0,0.0,100.0,0.0,0,0,0,0,0.0,0.0,0.0,0
75.0,0.0,100.0,0.0,0,0,0,0,0.0,0.0,0.0,0
75.83,0.0,100.0,3.33,0,0,0,0,0.0,0.0,0.0,0
75.0,0.0,100.0,0.0,0,0,0,0,0.0,0.0,0.0,0
75.42,0.0,100.0,1.67,0,0,0,0,0.0,0.0,0.0,0
75.0,0.0,100.0,0.0,0,0,0,0,0.0,0.0,0.0,0
75.0,0.0,100.0,0.0,0,0,0,0,0.0,0.0,0.0,0
75.0,0.0,100.0,0.0,0,0,0,0,0.0,0.0,0.0,0
75.0,0.0,100.0,0.0,0,0,0,0,0.0,0.0,0.0,0
75.0,0.0,100.0,0.0,0,0,0,0,0.0,0.0,0.0,0
75.0,0.0,100.0,0.0,0,0,0,0,0.0,0.0,0.0,0
75.0,0.0,100.0,0.0,0,0,0,0,0.0,0.0,0.0,0
75.0,0.0,100.0,0.0,0,0,0,0,0.0,0.0,0.0,0
75.0,0.0,100.0,0.0,0,0,0,0,0.0,0.0,0.0,0
75.0,0.0,100.0,0.0,0,0,0,0,0.0,0.0,0.0,0
75.0,0.0,100.0,0.0,0,0,0,0,0.0,0.0,0.0,0
75.0,0.0,100.0,0.0,0,0,0,0,0.0,0.0,0.0,0
75.0,0.0,100.0,0.0,0,0,0,0,0.0,0.0,0.0,0
75.0,0.0,100.0,0.0,0,0,0,0,0.0,0.0,0.0,0
75.0,0.0,100.0,0.0,0,0,0,0,0.0,0.0,0.0,0
75.0,0.0,100.0,0.0,0,0,0,0,0.0,0.0,0.0,0
75.0,0.0,100.0,0.0,0,0,0,0,0.0,0.0,0.0,0
94.58,0.0,100.0,78.33,0,0,0,0,0.0,0.0,0.0,0
100.0,0.0,100.0,100.0,0,0,0,0,0.0,0.0,0.0,0
100.0,0.0,100.0,100.0,0,0,0,0,0.0,0.0,0.0,0
89.58,0.0,100.0,58.33,0,0,0,0,0.0,0.0,0.0,0
75.0,0.0,100.0,0.0,0,0,0,0,0.0,0.0,0.0,0
77.92,0.0,100.0,11.67,0,0,0,0,0.0,0.0,0.0,0
75.0,0.0,100.0,0.0,0,0,0,0,0.0,0.0,0.0,0
75.0,0.0,100.0,0.0,0,0,0,0,0.0,0.0,0.0,0
75.0,0.0,100.0,0.0,0,0,0,0,0.0,0.0,0.0,0
100.0,0.0,100.0,100.0,0,0,0,0,0.0,0.0,0.0,0
100.0,0.0,100.0,100.0,0,0,0,0,0.0,0.0,0.0,0
100.0,0.0,100.0,100.0,0,0,0,0,0.0,0.0,0.0,0
100.0,0.0,100.0,100.0,0,0,0,0,0.0,0.0,0.0,0
100.0,0.0,100.0,100.0,0,0,0,0,0.0,0.0,0.0,0
100.0,0.0,100.0,100.0,0,0,0,0,0.0,0.0,0.0,0
100.0,0.0,100.0,100.0,0,0,0,0,0.0,0.0,0.0,0
100.0,0.0,100.0,100.0,0,0,0,0,0.0,0.0,0.0,0
100.0,0.0,100.0,100.0,0,0,0,0,0.0,0.0,0.0,0
100.0,0.0,100.0,100.0,0,0,0,0,0.0,0.0,0.0,0
100.0,0.0,100.0,100.0,0,0,0,0,0.0,0.0,0.0,0
100.0,0.0,100.0,100.0,0,0,0,0,0.0,0.0,0.0,0
100.0,0.0,100.0,100.0,0,0,0,0,0.0,0.0,0.0,0
100.0,0.0,100.0,100.0,0,0,0,0,0.0,0.0,0.0,0
100.0,0.0,100.0,100.0,0,0,0,0,0.0,0.0,0.0,0
100.0,0.0,100.0,100.0,0,0,0,0,0.0,0.0,0.0,0
100.0,0.0,100.0,100.0,0,0,0,0,0.0,0.0,0.0,0
100.0,0.0,100.0,100.0,0,0,0,0,0.0,0.0,0.0,0
100.0,0.0,100.0,100.0,0,0,0,0,0.0,0.0,0.0,0
100.0,0.0,100.0,100.0,0,0,0,0,0.0,0.0,0.0,0
100.0,0.0,100.0,100.0,0,0,0,0,0.0,0.0,0.0,0
52.5,0.0,36.67,100.0,0,0,0,0,-63.33,0.0,0.0,0
70.0,0.0,60.0,100.0,0,0,0,0,23.33,0.0,0.0,0
100.0,0.0,100.0,100.0,0,0,0,0,40.0,0.0,0.0,0
100.0,0.0,100.0,100.0,0,0,0,0,0.0,0.0,0.0,0
100.0,0.0,100.0,100.0,0,0,0,0,0.0,0.0,0.0,0
100.0,0.0,100.0,100.0,0,0,0,0,0.0,0.0,0.0,0
100.0,0.0,100.0,100.0,0,0,0,0,0.0,0.0,0.0,0
100.0,0.0,100.0,100.0,0,0,0,0,0.0,0.0,0.0,0
100.0,0.0,100.0,100.0,0,0,0,0,0.0,0.0,0.0,0
100.0,0.0,100.0,100.0,0,0,0,0,0.0,0.0,0.0,0
100.0,0.0,100.0,100.0,0,0,0,0,0.0,0.0,0.0,0
100.0,0.0,100.0,100.0,0,0,0,0,0.0,0.0,0.0,0
100.0,0.0,100.0,100.0,0,0,0,0,0.0,0.0,0.0,0
100.0,0.0,100.0,100.0,0,0,0,0,0.0,0.0,0.0,0
100.0,0.0,100.0,100.0,0,0,0,0,0.0,0.0,0.0,0
100.0,0.0,100.0,100.0,0,0,0,0,0.0,0.0,0.0,0
100.0,0.0,100.0,100.0,0,0,0,0,0.0,0.0,0.0,0
100.0,0.0,100.0,100.0,0,0,0,0,0.0,0.0,0.0,0
100.0,0.0,100.0,100.0,0,0,0,0,0.0,0.0,0.0,0
100.0,0.0,100.0,100.0,0,0,0,0,0.0,0.0,0.0,0
100.0,0.0,100.0,100.0,0,0,0,0,0.0,0.0,0.0,0
100.0,0.0,100.0,100.0,0,0,0,0,0.0,0.0,0.0,0
100.0,0.0,100.0,100.0,0,0,0,0,0.0,0.0,0.0,0
87.08,0.0,100.0,48.33,0,0,0,0,0.0,0.0,0.0,0
75.0,0.0,100.0,0.0,0,0,0,0,0.0,0.0,0.0,0
75.0,0.0,100.0,0.0,0,0,0,0,0.0,0.0,0.0,0
75.0,0.0,100.0,0.0,0,0,0,0,0.0,0.0,0.0,0
100.0,0.0,100.0,100.0,0,0,0,0,0.0,0.0,0.0,0
100.0,0.0,100.0,100.0,0,0,0,0,0.0,0.0,0.0,0
100.0,0.0,100.0,100.0,0,0,0,0,0.0,0.0,0.0,0
100.0,0.0,100.0,100.0,0,0,0,0,0.0,0.0,0.0,0
100.0,0.0,100.0,100.0,0,0,0,0,0.0,0.0,0.0,0
100.0,0.0,100.0,100.0,0,0,0,0,0.0,0.0,0.0,0
100.0,0.0,100.0,100.0,0,0,0,0,0.0,0.0,0.0,0
100.0,0.0,100.0,100.0,0,0,0,0,0.0,0.0,0.0,0
100.0,0.0,100.0,100.0,0,0,0,0,0.0,0.0,0.0,0
100.0,0.0,100.0,100.0,0,0,0,0,0.0,0.0,0.0,0
100.0,0.0,100.0,100.0,0,0,0,0,0.0,0.0,0.0,0
100.0,0.0,100.0,100.0,0,0,0,0,0.0,0.0,0.0,0
100.0,0.0,100.0,100.0,0,0,0,0,0.0,0.0,0.0,0
100.0,0.0,100.0,100.0,0,0,0,0,0.0,0.0,0.0,0
100.0,0.0,100.0,100.0,0,0,0,0,0.0,0.0,0.0,0
100.0,0.0,100.0,100.0,0,0,0,0,0.0,0.0,0.0,0
100.0,0.0,100.0,100.0,0,0,0,0,0.0,0.0,0.0,0
100.0,0.0,100.0,100.0,0,0,0,0,0.0,0.0,0.0,0
93.0,0.0,100.0,72.0,0,0,0,0,0.0,0.0,0.0,0
100.0,0.0,100.0,100.0,0,0,0,0,0.0,0.0,0.0,0
100.0,0.0,100.0,100.0,0,0,0,0,0.0,0.0,0.0,0
100.0,0.0,100.0,100.0,0,0,0,0,0.0,0.0,0.0,0
100.0,0.0,100.0,100.0,0,0,0,0,0.0,0.0,0.0,0
100.0,0.0,100.0,100.0,0,0,0,0,0.0,0.0,0.0,0
100.0,0.0,100.0,100.0,0,0,0,0,0.0,0.0,0.0,0
100.0,0.0,100.0,100.0,0,0,0,0,0.0,0.0,0.0,0
100.0,0.0,100.0,100.0,0,0,0,0,0.0,0.0,0.0,0
100.0,0.0,100.0,100.0,0,0,0,0,0.0,0.0,0.0,0
100.0,0.0,100.0,100.0,0,0,0,0,0.0,0.0,0.0,0
100.0,0.0,100.0,100.0,0,0,0,0,0.0,0.0,0.0,0
100.0,0.0,100.0,100.0,0,0,0,0,0.0,0.0,0.0,0
100.0,0.0,100.0,100.0,0,0,0,0,0.0,0.0,0.0,0
100.0,0.0,100.0,100.0,0,0,0,0,0.0,0.0,0.0,0
100.0,0.0,100.0,100.0,0,0,0,0,0.0,0.0,0.0,0
100.0,0.0,100.0,100.0,0,0,0,0,0.0,0.0,0.0,0
100.0,0.0,100.0,100.0,0,0,0,0,0.0,0.0,0.0,0
100.0,0.0,100.0,100.0,0,0,0,0,0.0,0.0,0.0,0
100.0,0.0,100.0,100.0,0,0,0,0,0.0,0.0,0.0,0
100.0,0.0,100.0,100.0,0,0,0,0,0.0,0.0,0.0,0
100.0,0.0,100.0,100.0,0,0,0,0,0.0,0.0,0.0,0
100.0,0.0,100.0,100.0,0,0,0,0,0.0,0.0,0.0,0
100.0,0.0,100.0,100.0,0,0,0,0,0.0,0.0,0.0,0
100.0,0.0,100.0,100.0,0,0,0,0,0.0,0.0,0.0,0
100.0,0.0,100.0,100.0,0,0,0,0,0.0,0.0,0.0,0
100.0,0.0,100.0,100.0,0,0,0,0,0.0,0.0,0.0,0
100.0,0.0,100.0,100.0,0,0,0,0,0.0,0.0,0.0,0
88.75,0.0,100.0,55.0,0,0,0,0,0.0,0.0,0.0,0
75.0,0.0,100.0,0.0,0,0,0,0,0.0,0.0,0.0,0
75.0,0.0,100.0,0.0,0,0,0,0,0.0,0.0,0.0,0
75.0,0.0,100.0,0.0,0,0,0,0,0.0,0.0,0.0,0
75.0,0.0,100.0,0.0,0,0,0,0,0.0,0.0,0.0,0
75.0,0.0,100.0,0.0,0,0,0,0,0.0,0.0,0.0,0
75.0,0.0,100.0,0.0,0,0,0,0,0.0,0.0,0.0,0
75.0,0.0,100.0,0.0,0,0,0,0,0.0,0.0,0.0,0
75.0,0.0,100.0,0.0,0,0,0,0,0.0,0.0,0.0,0
75.0,0.0,100.0,0.0,0,0,0,0,0.0,0.0,0.0,0
75.0,0.0,100.0,0.0,0,0,0,0,0.0,0.0,0.0,0
75.0,0.0,100.0,0.0,0,0,0,0,0.0,0.0,0.0,0
75.0,0.0,100.0,0.0,0,0,0,0,0.0,0.0,0.0,0
75.0,0.0,100.0,0.0,0,0,0,0,0.0,0.0,0.0,0
75.0,0.0,100.0,0.0,0,0,0,0,0.0,0.0,0.0,0
75.0,0.0,100.0,0.0,0,0,0,0,0.0,0.0,0.0,0
75.0,0.0,100.0,0.0,0,0,0,0,0.0,0.0,0.0,0
75.0,0.0,100.0,0.0,0,0,0,0,0.0,0.0,0.0,0
99.32,0.0,100.0,97.3,0,0,0,0,0.0,0.0,0.0,0
100.0,0.0,100.0,100.0,0,0,0,0,0.0,0.0,0.0,0
100.0,0.0,100.0,100.0,0,0,0,0,0.0,0.0,0.0,0
100.0,0.0,100.0,100.0,0,0,0,0,0.0,0.0,0.0,0
100.0,0.0,100.0,100.0,0,0,0,0,0.0,0.0,0.0,0
100.0,0.0,100.0,100.0,0,0,0,0,0.0,0.0,0.0,0
100.0,0.0,100.0,100.0,0,0,0,0,0.0,0.0,0.0,0
100.0,0.0,100.0,100.0,0,0,0,0,0.0,0.0,0.0,0
100.0,0.0,100.0,100.0,0,0,0,0,0.0,0.0,0.0,0
100.0,0.0,100.0,100.0,0,0,0,0,0.0,0.0,0.0,0
100.0,0.0,100.0,100.0,0,0,0,0,0.0,0.0,0.0,0
100.0,0.0,100.0,100.0,0,0,0,0,0.0,0.0,0.0,0
100.0,0.0,100.0,100.0,0,0,0,0,0.0,0.0,0.0,0
100.0,0.0,100.0,100.0,0,0,0,0,0.0,0.0,0.0,0
100.0,0.0,100.0,100.0,0,0,0,0,0.0,0.0,0.0,0
100.0,0.0,100.0,100.0,0,0,0,0,0.0,0.0,0.0,0
100.0,0.0,100.0,100.0,0,0,0,0,0.0,0.0,0.0,0
100.0,0.0,100.0,100.0,0,0,0,0,0.0,0.0,0.0,0
100.0,0.0,100.0,100.0,0,0,0,0,0.0,0.0,0.0,0
100.0,0.0,100.0,100.0,0,0,0,0,0.0,0.0,0.0,0
100.0,0.0,100.0,100.0,0,0,0,0,0.0,0.0,0.0,0
100.0,0.0,100.0,100.0,0,0,0,0,0.0,0.0,0.0,0
100.0,0.0,100.0,100.0,0,0,0,0,0.0,0.0,0.0,0
100.0,0.0,100.0,100.0,0,0,0,0,0.0,0.0,0.0,0
100.0,0.0,100.0,100.0,0,0,0,0,0.0,0.0,0.0,0
100.0,0.0,100.0,100.0,0,0,0,0,0.0,0.0,0.0,0
100.0,0.0,100.0,100.0,0,0,0,0,0.0,0.0,0.0,0
100.0,0.0,100.0,100.0,0,0,0,0,0.0,0.0,0.0,0
100.0,0.0,100.0,100.0,0,0,0,0,0.0,0.0,0.0,0
100.0,0.0,100.0,100.0,0,0,0,0,0.0,0.0,0.0,0
100.0,0.0,100.0,100.0,0,0,0,0,0.0,0.0,0.0,0
100.0,0.0,100.0,100.0,0,0,0,0,0.0,0.0,0.0,0
100.0,0.0,100.0,100.0,0,0,0,0,0.0,0.0,0.0,0
100.0,0.0,100.0,100.0,0,0,0,0,0.0,0.0,0.0,0
100.0,0.0,100.0,100.0,0,0,0,0,0.0,0.0,0.0,0
100.0,0.0,100.0,100.0,0,0,0,0,0.0,0.0,0.0,0
100.0,0.0,100.0,100.0,0,0,0,0,0.0,0.0,0.0,0
100.0,0.0,100.0,100.0,0,0,0,0,0.0,0.0,0.0,0
100.0,0.0,100.0,100.0,0,0,0,0,0.0,0.0,0.0,0
100.0,0.0,100.0,100.0,0,0,0,0,0.0,0.0,0.0,0
78.33,0.0,100.0,13.33,0,0,0,0,0.0,0.0,0.0,0
77.5,0.0,100.0,10.0,0,0,0,0,0.0,0.0,0.0,0
100.0,0.0,100.0,100.0,0,0,0,0,0.0,0.0,0.0,0
100.0,0.0,100.0,100.0,0,0,0,0,0.0,0.0,0.0,0
100.0,0.0,100.0,100.0,0,0,0,0,0.0,0.0,0.0,0
100.0,0.0,100.0,100.0,0,0,0,0,0.0,0.0,0.0,0
100.0,0.0,100.0,100.0,0,0,0,0,0.0,0.0,0.0,0
100.0,0.0,100.0,100.0,0,0,0,0,0.0,0.0,0.0,0
100.0,0.0,100.0,100.0,0,0,0,0,0.0,0.0,0.0,0
100.0,0.0,100.0,100.0,0,0,0,0,0.0,0.0,0.0,0
100.0,0.0,100.0,100.0,0,0,0,0,0.0,0.0,0.0,0
100.0,0.0,100.0,100.0,0,0,0,0,0.0,0.0,0.0,0
100.0,0.0,100.0,100.0,0,0,0,0,0.0,0.0,0.0,0
100.0,0.0,100.0,100.0,0,0,0,0,0.0,0.0,0.0,0
100.0,0.0,100.0,100.0,0,0,0,0,0.0,0.0,0.0,0
100.0,0.0,100.0,100.0,0,0,0,0,0.0,0.0,0.0,0
100.0,0.0,100.0,100.0,0,0,0,0,0.0,0.0,0.0,0
100.0,0.0,100.0,100.0,0,0,0,0,0.0,0.0,0.0,0
100.0,0.0,100.0,100.0,0,0,0,0,0.0,0.0,0.0,0
100.0,0.0,100.0,100.0,0,0,0,0,0.0,0.0,0.0,0
100.0,0.0,100.0,100.0,0,0,0,0,0.0,0.0,0.0,0
100.0,0.0,100.0,100.0,0,0,0,0,0.0,0.0,0.0,0
100.0,0.0,100.0,100.0,0,0,0,0,0.0,0.0,0.0,0
100.0,0.0,100.0,100.0,0,0,0,0,0.0,0.0,0.0,0
100.0,0.0,100.0,100.0,0,0,0,0,0.0,0.0,0.0,0
100.0,0.0,100.0,100.0,0,0,0,0,0.0,0.0,0.0,0
100.0,0.0,100.0,100.0,0,0,0,0,0.0,0.0,0.0,0
100.0,0.0,100.0,100.0,0,0,0,0,0.0,0.0,0.0,0
100.0,0.0,100.0,100.0,0,0,0,0,0.0,0.0,0.0,0
100.0,0.0,100.0,100.0,0,0,0,0,0.0,0.0,0.0,0
100.0,0.0,100.0,100.0,0,0,0,0,0.0,0.0,0.0,0
100.0,0.0,100.0,100.0,0,0,0,0,0.0,0.0,0.0,0
100.0,0.0,100.0,100.0,0,0,0,0,0.0,0.0,0.0,0
100.0,0.0,100.0,100.0,0,0,0,0,0.0,0.0,0.0,0
100.0,0.0,100.0,100.0,0,0,0,0,0.0,0.0,0.0,0
100.0,0.0,100.0,100.0,0,0,0,0,0.0,0.0,0.0,0
99.58,0.0,100.0,98.33,0,0,0,0,0.0,0.0,0.0,0
100.0,0.0,100.0,100.0,0,0,0,0,0.0,0.0,0.0,0
100.0,0.0,100.0,100.0,0,0,0,0,0.0,0.0,0.0,0
100.0,0.0,100.0,100.0,0,0,0,0,0.0,0.0,0.0,0
100.0,0.0,100.0,100.0,0,0,0,0,0.0,0.0,0.0,0
100.0,0.0,100.0,100.0,0,0,0,0,0.0,0.0,0.0,0
100.0,0.0,100.0,100.0,0,0,0,0,0.0,0.0,0.0,0
100.0,0.0,100.0,100.0,0,0,0,0,0.0,0.0,0.0,0
100.0,0.0,100.0,100.0,0,0,0,0,0.0,0.0,0.0,0
100.0,0.0,100.0,100.0,0,0,0,0,0.0,0.0,0.0,0
100.0,0.0,100.0,100.0,0,0,0,0,0.0,0.0,0.0,0
100.0,0.0,100.0,100.0,0,0,0,0,0.0,0.0,0.0,0
100.0,0.0,100.0,100.0,0,0,0,0,0.0,0.0,0.0,0
100.0,0.0,100.0,100.0,0,0,0,0,0.0,0.0,0.0,0
100.0,0.0,100.0,100.0,0,0,0,0,0.0,0.0,0.0,0
100.0,0.0,100.0,100.0,0,0,0,0,0.0,0.0,0.0,0
100.0,0.0,100.0,100.0,0,0,0,0,0.0,0.0,0.0,0
100.0,0.0,100.0,100.0,0,0,0,0,0.0,0.0,0.0,0
100.0,0.0,100.0,100.0,0,0,0,0,0.0,0.0,0.0,0
100.0,0.0,100.0,100.0,0,0,0,0,0.0,0.0,0.0,0
100.0,0.0,100.0,100.0,0,0,0,0,0.0,0.0,0.0,0
100.0,0.0,100.0,100.0,0,0,0,0,0.0,0.0,0.0,0
100.0,0.0,100.0,100.0,0,0,0,0,0.0,0.0,0.0,0
100.0,0.0,100.0,100.0,0,0,0,0,0.0,0.0,0.0,0
100.0,0.0,100.0,100.0,0,0,0,0,0.0,0.0,0.0,0
100.0,0.0,100.0,100.0,0,0,0,0,0.0,0.0,0.0,0
100.0,0.0,100.0,100.0,0,0,0,0,0.0,0.0,0.0,0
100.0,0.0,100.0,100.0,0,0,0,0,0.0,0.0,0.0,0
100.0,0.0,100.0,100.0,0,0,0,0,0.0,0.0,0.0,0
100.0,0.0,100.0,100.0,0,0,0,0,0.0,0.0,0.0,0
100.0,0.0,100.0,100.0,0,0,0,0,0.0,0.0,0.0,0
100.0,0.0,100.0,100.0,0,0,0,0,0.0,0.0,0.0,0
100.0,0.0,100.0,100.0,0,0,0,0,0.0,0.0,0.0,0
77.5,0.0,100.0,10.0,0,0,0,0,0.0,0.0,0.0,0
75.0,0.0,100.0,0.0,0,0,0,0,0.0,0.0,0.0,0
75.0,0.0,100.0,0.0,0,0,0,0,0.0,0.0,0.0,0
75.0,0.0,100.0,0.0,0,0,0,0,0.0,0.0,0.0,0
75.0,0.0,100.0,0.0,0,0,0,0,0.0,0.0,0.0,0
75.0,0.0,100.0,0.0,0,0,0,0,0.0,0.0,0.0,0
75.0,0.0,100.0,0.0,0,0,0,0,0.0,0.0,0.0,0
75.0,0.0,100.0,0.0,0,0,0,0,0.0,0.0,0.0,0
75.0,0.0,100.0,0.0,0,0,0,0,0.0,0.0,0.0,0
75.0,0.0,100.0,0.0,0,0,0,0,0.0,0.0,0.0,0
75.0,0.0,100.0,0.0,0,0,0,0,0.0,0.0,0.0,0
75.0,0.0,100.0,0.0,0,0,0,0,0.0,0.0,0.0,0
75.0,0.0,100.0,0.0,0,0,0,0,0.0,0.0,0.0,0
75.0,0.0,100.0,0.0,0,0,0,0,0.0,0.0,0.0,0
75.0,0.0,100.0,0.0,0,0,0,0,0.0,0.0,0.0,0
75.0,0.0,100.0,0.0,0,0,0,0,0.0,0.0,0.0,0
75.0,0.0,100.0,0.0,0,0,0,0,0.0,0.0,0.0,0
76.25,0.0,100.0,5.0,0,0,0,0,0.0,0.0,0.0,0
100.0,0.0,100.0,100.0,0,0,0,0,0.0,0.0,0.0,0
100.0,0.0,100.0,100.0,0,0,0,0,0.0,0.0,0.0,0
100.0,0.0,100.0,100.0,0,0,0,0,0.0,0.0,0.0,0
100.0,0.0,100.0,100.0,0,0,0,0,0.0,0.0,0.0,0
100.0,0.0,100.0,100.0,0,0,0,0,0.0,0.0,0.0,0
100.0,0.0,100.0,100.0,0,0,0,0,0.0,0.0,0.0,0
100.0,0.0,100.0,100.0,0,0,0,0,0.0,0.0,0.0,0
100.0,0.0,100.0,100.0,0,0,0,0,0.0,0.0,0.0,0
100.0,0.0,100.0,100.0,0,0,0,0,0.0,0.0,0.0,0
100.0,0.0,100.0,100.0,0,0,0,0,0.0,0.0,0.0,0
100.0,0.0,100.0,100.0,0,0,0,0,0.0,0.0,0.0,0
100.0,0.0,100.0,100.0,0,0,0,0,0.0,0.0,0.0,0
100.0,0.0,100.0,100.0,0,0,0,0,0.0,0.0,0.0,0
100.0,0.0,100.0,100.0,0,0,0,0,0.0,0.0,0.0,0
100.0,0.0,100.0,100.0,0,0,0,0,0.0,0.0,0.0,0
100.0,0.0,100.0,100.0,0,0,0,0,0.0,0.0,0.0,0
100.0,0.0,100.0,100.0,0,0,0,0,0.0,0.0,0.0,0
100.0,0.0,100.0,100.0,0,0,0,0,0.0,0.0,0.0,0
100.0,0.0,100.0,100.0,0,0,0,0,0.0,0.0,0.0,0
100.0,0.0,100.0,100.0,0,0,0,0,0.0,0.0,0.0,0
100.0,0.0,100.0,100.0,0,0,0,0,0.0,0.0,0.0,0
100.0,0.0,100.0,100.0,0,0,0,0,0.0,0.0,0.0,0
100.0,0.0,100.0,100.0,0,0,0,0,0.0,0.0,0.0,0
100.0,0.0,100.0,100.0,0,0,0,0,0.0,0.0,0.0,0
100.0,0.0,100.0,100.0,0,0,0,0,0.0,0.0,0.0,0
100.0,0.0,100.0,100.0,0,0,0,0,0.0,0.0,0.0,0
100.0,0.0,100.0,100.0,0,0,0,0,0.0,0.0,0.0,0
100.0,0.0,100.0,100.0,0,0,0,0,0.0,0.0,0.0,0
100.0,0.0,100.0,100.0,0,0,0,0,0.0,0.0,0.0,0
100.0,0.0,100.0,100.0,0,0,0,0,0.0,0.0,0.0,0
100.0,0.0,100.0,100.0,0,0,0,0,0.0,0.0,0.0,0
100.0,0.0,100.0,100.0,0,0,0,0,0.0,0.0,0.0,0
100.0,0.0,100.0,100.0,0,0,0,0,0.0,0.0,0.0,0
100.0,0.0,100.0,100.0,0,0,0,0,0.0,0.0,0.0,0
100.0,0.0,100.0,100.0,0,0,0,0,0.0,0.0,0.0,0
100.0,0.0,100.0,100.0,0,0,0,0,0.0,0.0,0.0,0
100.0,0.0,100.0,100.0,0,0,0,0,0.0,0.0,0.0,0
100.0,0.0,100.0,100.0,0,0,0,0,0.0,0.0,0.0,0
100.0,0.0,100.0,100.0,0,0,0,0,0.0,0.0,0.0,0
100.0,0.0,100.0,100.0,0,0,0,0,0.0,0.0,0.0,0
100.0,0.0,100.0,100.0,0,0,0,0,0.0,0.0,0.0,0
100.0,0.0,100.0,100.0,0,0,0,0,0.0,0.0,0.0,0
100.0,0.0,100.0,100.0,0,0,0,0,0.0,0.0,0.0,0
100.0,0.0,100.0,100.0,0,0,0,0,0.0,0.0,0.0,0
100.0,0.0,100.0,100.0,0,0,0,0,0.0,0.0,0.0,0
100.0,0.0,100.0,100.0,0,0,0,0,0.0,0.0,0.0,0
100.0,0.0,100.0,100.0,0,0,0,0,0.0,0.0,0.0,0
100.0,0.0,100.0,100.0,0,0,0,0,0.0,0.0,0.0,0
100.0,0.0,100.0,100.0,0,0,0,0,0.0,0.0,0.0,0
100.0,0.0,100.0,100.0,0,0,0,0,0.0,0.0,0.0,0
100.0,0.0,100.0,100.0,0,0,0,0,0.0,0.0,0.0,0
100.0,0.0,100.0,100.0,0,0,0,0,0.0,0.0,0.0,0
100.0,0.0,100.0,100.0,0,0,0,0,0.0,0.0,0.0,0
100.0,0.0,100.0,100.0,0,0,0,0,0.0,0.0,0.0,0
100.0,0.0,100.0,100.0,0,0,0,0,0.0,0.0,0.0,0
92.92,0.0,100.0,71.67,0,0,0,0,0.0,0.0,0.0,0
75.0,0.0,100.0,0.0,0,0,0,0,0.0,0.0,0.0,0
100.0,0.0,100.0,100.0,0,0,0,0,0.0,0.0,0.0,0
100.0,0.0,100.0,100.0,0,0,0,0,0.0,0.0,0.0,0
100.0,0.0,100.0,100.0,0,0,0,0,0.0,0.0,0.0,0
100.0,0.0,100.0,100.0,0,0,0,0,0.0,0.0,0.0,0
100.0,0.0,100.0,100.0,0,0,0,0,0.0,0.0,0.0,0
100.0,0.0,100.0,100.0,0,0,0,0,0.0,0.0,0.0,0
100.0,0.0,100.0,100.0,0,0,0,0,0.0,0.0,0.0,0
100.0,0.0,100.0,100.0,0,0,0,0,0.0,0.0,0.0,0
100.0,0.0,100.0,100.0,0,0,0,0,0.0,0.0,0.0,0
100.0,0.0,100.0,100.0,0,0,0,0,0.0,0.0,0.0,0
100.0,0.0,100.0,100.0,0,0,0,0,0.0,0.0,0.0,0
100.0,0.0,100.0,100.0,0,0,0,0,0.0,0.0,0.0,0
100.0,0.0,100.0,100.0,0,0,0,0,0.0,0.0,0.0,0
100.0,0.0,100.0,100.0,0,0,0,0,0.0,0.0,0.0,0
100.0,0.0,100.0,100.0,0,0,0,0,0.0,0.0,0.0,0
100.0,0.0,100.0,100.0,0,0,0,0,0.0,0.0,0.0,0
100.0,0.0,100.0,100.0,0,0,0,0,0.0,0.0,0.0,0
100.0,0.0,100.0,100.0,0,0,0,0,0.0,0.0,0.0,0
100.0,0.0,100.0,100.0,0,0,0,0,0.0,0.0,0.0,0
100.0,0.0,100.0,100.0,0,0,0,0,0.0,0.0,0.0,0
100.0,0.0,100.0,100.0,0,0,0,0,0.0,0.0,0.0,0
100.0,0.0,100.0,100.0,0,0,0,0,0.0,0.0,0.0,0
100.0,0.0,100.0,100.0,0,0,0,0,0.0,0.0,0.0,0
100.0,0.0,100.0,100.0,0,0,0,0,0.0,0.0,0.0,0
100.0,0.0,100.0,100.0,0,0,0,0,0.0,0.0,0.0,0
100.0,0.0,100.0,100.0,0,0,0,0,0.0,0.0,0.0,0
100.0,0.0,100.0,100.0,0,0,0,0,0.0,0.0,0.0,0
100.0,0.0,100.0,100.0,0,0,0,0,0.0,0.0,0.0,0
100.0,0.0,100.0,100.0,0,0,0,0,0.0,0.0,0.0,0
76.67,0.0,100.0,6.67,0,0,0,0,0.0,0.0,0.0,0
75.0,0.0,100.0,0.0,0,0,0,0,0.0,0.0,0.0,0
75.0,0.0,100.0,0.0,0,0,0,0,0.0,0.0,0.0,0
75.0,0.0,100.0,0.0,0,0,0,0,0.0,0.0,0.0,0
75.0,0.0,100.0,0.0,0,0,0,0,0.0,0.0,0.0,0
75.0,0.0,100.0,0.0,0,0,0,0,0.0,0.0,0.0,0
75.0,0.0,100.0,0.0,0,0,0,0,0.0,0.0,0.0,0
75.0,0.0,100.0,0.0,0,0,0,0,0.0,0.0,0.0,0
75.0,0.0,100.0,0.0,0,0,0,0,0.0,0.0,0.0,0
75.0,0.0,100.0,0.0,0,0,0,0,0.0,0.0,0.0,0
75.0,0.0,100.0,0.0,0,0,0,0,0.0,0.0,0.0,0
75.0,0.0,100.0,0.0,0,0,0,0,0.0,0.0,0.0,0
75.0,0.0,100.0,0.0,0,0,0,0,0.0,0.0,0.0,0
75.0,0.0,100.0,0.0,0,0,0,0,0.0,0.0,0.0,0
75.0,0.0,100.0,0.0,0,0,0,0,0.0,0.0,0.0,0
75.0,0.0,100.0,0.0,0,0,0,0,0.0,0.0,0.0,0
100.0,0.0,100.0,100.0,0,0,0,0,0.0,0.0,0.0,0
100.0,0.0,100.0,100.0,0,0,0,0,0.0,0.0,0.0,0
100.0,0.0,100.0,100.0,0,0,0,0,0.0,0.0,0.0,0
100.0,0.0,100.0,100.0,0,0,0,0,0.0,0.0,0.0,0
100.0,0.0,100.0,100.0,0,0,0,0,0.0,0.0,0.0,0
100.0,0.0,100.0,100.0,0,0,0,0,0.0,0.0,0.0,0
100.0,0.0,100.0,100.0,0,0,0,0,0.0,0.0,0.0,0
100.0,0.0,100.0,100.0,0,0,0,0,0.0,0.0,0.0,0
100.0,0.0,100.0,100.0,0,0,0,0,0.0,0.0,0.0,0
100.0,0.0,100.0,100.0,0,0,0,0,0.0,0.0,0.0,0
100.0,0.0,100.0,100.0,0,0,0,0,0.0,0.0,0.0,0
100.0,0.0,100.0,100.0,0,0,0,0,0.0,0.0,0.0,0
100.0,0.0,100.0,100.0,0,0,0,0,0.0,0.0,0.0,0
100.0,0.0,100.0,100.0,0,0,0,0,0.0,0.0,0.0,0
100.0,0.0,100.0,100.0,0,0,0,0,0.0,0.0,0.0,0
100.0,0.0,100.0,100.0,0,0,0,0,0.0,0.0,0.0,0
84.58,0.0,100.0,38.33,0,0,0,0,0.0,0.0,0.0,0
75.0,0.0,100.0,0.0,0,0,0,0,0.0,0.0,0.0,0
75.0,0.0,100.0,0.0,0,0,0,0,0.0,0.0,0.0,0
75.0,0.0,100.0,0.0,0,0,0,0,0.0,0.0,0.0,0
75.0,0.0,100.0,0.0,0,0,0,0,0.0,0.0,0.0,0
75.42,0.0,100.0,1.67,0,0,0,0,0.0,0.0,0.0,0
75.0,0.0,100.0,0.0,0,0,0,0,0.0,0.0,0.0,0
75.0,0.0,100.0,0.0,0,0,0,0,0.0,0.0,0.0,0
100.0,0.0,100.0,100.0,0,0,0,0,0.0,0.0,0.0,0
85.96,0.0,100.0,43.86,0,0,0,0,0.0,0.0,0.0,0
100.0,0.0,100.0,100.0,0,0,0,0,0.0,0.0,0.0,0
100.0,0.0,100.0,100.0,0,0,0,0,0.0,0.0,0.0,0
100.0,0.0,100.0,100.0,0,0,0,0,0.0,0.0,0.0,0
100.0,0.0,100.0,100.0,0,0,0,0,0.0,0.0,0.0,0
100.0,0.0,100.0,100.0,0,0,0,0,0.0,0.0,0.0,0
100.0,0.0,100.0,100.0,0,0,0,0,0.0,0.0,0.0,0
100.0,0.0,100.0,100.0,0,0,0,0,0.0,0.0,0.0,0
100.0,0.0,100.0,100.0,0,0,0,0,0.0,0.0,0.0,0
100.0,0.0,100.0,100.0,0,0,0,0,0.0,0.0,0.0,0
100.0,0.0,100.0,100.0,0,0,0,0,0.0,0.0,0.0,0
100.0,0.0,100.0,100.0,0,0,0,0,0.0,0.0,0.0,0
100.0,0.0,100.0,100.0,0,0,0,0,0.0,0.0,0.0,0
100.0,0.0,100.0,100.0,0,0,0,0,0.0,0.0,0.0,0
100.0,0.0,100.0,100.0,0,0,0,0,0.0,0.0,0.0,0
100.0,0.0,100.0,100.0,0,0,0,0,0.0,0.0,0.0,0
100.0,0.0,100.0,100.0,0,0,0,0,0.0,0.0,0.0,0
100.0,0.0,100.0,100.0,0,0,0,0,0.0,0.0,0.0,0
100.0,0.0,100.0,100.0,0,0,0,0,0.0,0.0,0.0,0
100.0,0.0,100.0,100.0,0,0,0,0,0.0,0.0,0.0,0
100.0,0.0,100.0,100.0,0,0,0,0,0.0,0.0,0.0,0
100.0,0.0,100.0,100.0,0,0,0,0,0.0,0.0,0.0,0
100.0,0.0,100.0,100.0,0,0,0,0,0.0,0.0,0.0,0
100.0,0.0,100.0,100.0,0,0,0,0,0.0,0.0,0.0,0
100.0,0.0,100.0,100.0,0,0,0,0,0.0,0.0,0.0,0
100.0,0.0,100.0,100.0,0,0,0,0,0.0,0.0,0.0,0
100.0,0.0,100.0,100.0,0,0,0,0,0.0,0.0,0.0,0
100.0,0.0,100.0,100.0,0,0,0,0,0.0,0.0,0.0,0
100.0,0.0,100.0,100.0,0,0,0,0,0.0,0.0,0.0,0
100.0,0.0,100.0,100.0,0,0,0,0,0.0,0.0,0.0,0
88.89,0.0,100.0,55.56,0,0,0,0,0.0,0.0,0.0,0
75.0,0.0,100.0,0.0,0,0,0,0,0.0,0.0,0.0,0
75.0,0.0,100.0,0.0,0,0,0,0,0.0,0.0,0.0,0
90.0,0.0,100.0,60.0,0,0,0,0,0.0,0.0,0.0,0
100.0,0.0,100.0,100.0,0,0,0,0,0.0,0.0,0.0,0
100.0,0.0,100.0,100.0,0,0,0,0,0.0,0.0,0.0,0
100.0,0.0,100.0,100.0,0,0,0,0,0.0,0.0,0.0,0
100.0,0.0,100.0,100.0,0,0,0,0,0.0,0.0,0.0,0
100.0,0.0,100.0,100.0,0,0,0,0,0.0,0.0,0.0,0
75.0,0.0,100.0,0.0,0,0,0,0,0.0,0.0,0.0,0
75.0,0.0,100.0,0.0,0,0,0,0,0.0,0.0,0.0,0
75.0,0.0,100.0,0.0,0,0,0,0,0.0,0.0,0.0,0
75.0,0.0,100.0,0.0,0,0,0,0,0.0,0.0,0.0,0
75.0,0.0,100.0,0.0,0,0,0,0,0.0,0.0,0.0,0
75.0,0.0,100.0,0.0,0,0,0,0,0.0,0.0,0.0,0
75.0,0.0,100.0,0.0,0,0,0,0,0.0,0.0,0.0,0
75.0,0.0,100.0,0.0,0,0,0,0,0.0,0.0,0.0,0
75.0,0.0,100.0,0.0,0,0,0,0,0.0,0.0,0.0,0
83.14,0.0,100.0,32.56,0,0,0,0,0.0,0.0,0.0,0
100.0,0.0,100.0,100.0,0,0,0,0,0.0,0.0,0.0,0
100.0,0.0,100.0,100.0,0,0,0,0,0.0,0.0,0.0,0
100.0,0.0,100.0,100.0,0,0,0,0,0.0,0.0,0.0,0
100.0,0.0,100.0,100.0,0,0,0,0,0.0,0.0,0.0,0
100.0,0.0,100.0,100.0,0,0,0,0,0.0,0.0,0.0,0
100.0,0.0,100.0,100.0,0,0,0,0,0.0,0.0,0.0,0
100.0,0.0,100.0,100.0,0,0,0,0,0.0,0.0,0.0,0
100.0,0.0,100.0,100.0,0,0,0,0,0.0,0.0,0.0,0
100.0,0.0,100.0,100.0,0,0,0,0,0.0,0.0,0.0,0
100.0,0.0,100.0,100.0,0,0,0,0,0.0,0.0,0.0,0
100.0,0.0,100.0,100.0,0,0,0,0,0.0,0.0,0.0,0
100.0,0.0,100.0,100.0,0,0,0,0,0.0,0.0,0.0,0
100.0,0.0,100.0,100.0,0,0,0,0,0.0,0.0,0.0,0
100.0,0.0,100.0,100.0,0,0,0,0,0.0,0.0,0.0,0
100.0,0.0,100.0,100.0,0,0,0,0,0.0,0.0,0.0,0
100.0,0.0,100.0,100.0,0,0,0,0,0.0,0.0,0.0,0
100.0,0.0,100.0,100.0,0,0,0,0,0.0,0.0,0.0,0
100.0,0.0,100.0,100.0,0,0,0,0,0.0,0.0,0.0,0
100.0,0.0,100.0,100.0,0,0,0,0,0.0,0.0,0.0,0
100.0,0.0,100.0,100.0,0,0,0,0,0.0,0.0,0.0,0
100.0,0.0,100.0,100.0,0,0,0,0,0.0,0.0,0.0,0
100.0,0.0,100.0,100.0,0,0,0,0,0.0,0.0,0.0,0
100.0,0.0,100.0,100.0,0,0,0,0,0.0,0.0,0.0,0
100.0,0.0,100.0,100.0,0,0,0,0,0.0,0.0,0.0,0
100.0,0.0,100.0,100.0,0,0,0,0,0.0,0.0,0.0,0
100.0,0.0,100.0,100.0,0,0,0,0,0.0,0.0,0.0,0
100.0,0.0,100.0,100.0,0,0,0,0,0.0,0.0,0.0,0
100.0,0.0,100.0,100.0,0,0,0,0,0.0,0.0,0.0,0
100.0,0.0,100.0,100.0,0,0,0,0,0.0,0.0,0.0,0
100.0,0.0,100.0,100.0,0,0,0,0,0.0,0.0,0.0,0
100.0,0.0,100.0,100.0,0,0,0,0,0.0,0.0,0.0,0
100.0,0.0,100.0,100.0,0,0,0,0,0.0,0.0,0.0,0
100.0,0.0,100.0,100.0,0,0,0,0,0.0,0.0,0.0,0
100.0,0.0,100.0,100.0,0,0,0,0,0.0,0.0,0.0,0
100.0,0.0,100.0,100.0,0,0,0,0,0.0,0.0,0.0,0
100.0,0.0,100.0,100.0,0,0,0,0,0.0,0.0,0.0,0
100.0,0.0,100.0,100.0,0,0,0,0,0.0,0.0,0.0,0
100.0,0.0,100.0,100.0,0,0,0,0,0.0,0.0,0.0,0
100.0,0.0,100.0,100.0,0,0,0,0,0.0,0.0,0.0,0
100.0,0.0,100.0,100.0,0,0,0,0,0.0,0.0,0.0,0
100.0,0.0,100.0,100.0,0,0,0,0,0.0,0.0,0.0,0
100.0,0.0,100.0,100.0,0,0,0,0,0.0,0.0,0.0,0
100.0,0.0,100.0,100.0,0,0,0,0,0.0,0.0,0.0,0
100.0,0.0,100.0,100.0,0,0,0,0,0.0,0.0,0.0,0
100.0,0.0,100.0,100.0,0,0,0,0,0.0,0.0,0.0,0
100.0,0.0,100.0,100.0,0,0,0,0,0.0,0.0,0.0,0
100.0,0.0,100.0,100.0,0,0,0,0,0.0,0.0,0.0,0
100.0,0.0,100.0,100.0,0,0,0,0,0.0,0.0,0.0,0
100.0,0.0,100.0,100.0,0,0,0,0,0.0,0.0,0.0,0
100.0,0.0,100.0,100.0,0,0,0,0,0.0,0.0,0.0,0
100.0,0.0,100.0,100.0,0,0,0,0,0.0,0.0,0.0,0
100.0,0.0,100.0,100.0,0,0,0,0,0.0,0.0,0.0,0
100.0,0.0,100.0,100.0,0,0,0,0,0.0,0.0,0.0,0
100.0,0.0,100.0,100.0,0,0,0,0,0.0,0.0,0.0,0
100.0,0.0,100.0,100.0,0,0,0,0,0.0,0.0,0.0,0
100.0,0.0,100.0,100.0,0,0,0,0,0.0,0.0,0.0,0
100.0,0.0,100.0,100.0,0,0,0,0,0.0,0.0,0.0,0
100.0,0.0,100.0,100.0,0,0,0,0,0.0,0.0,0.0,0
100.0,0.0,100.0,100.0,0,0,0,0,0.0,0.0,0.0,0
100.0,0.0,100.0,100.0,0,0,0,0,0.0,0.0,0.0,0
100.0,0.0,100.0,100.0,0,0,0,0,0.0,0.0,0.0,0
100.0,0.0,100.0,100.0,0,0,0,0,0.0,0.0,0.0,0
75.0,0.0,100.0,0.0,0,0,0,0,0.0,0.0,0.0,0
75.0,0.0,100.0,0.0,0,0,0,0,0.0,0.0,0.0,0
81.25,0.0,100.0,25.0,0,0,0,0,0.0,0.0,0.0,0
100.0,0.0,100.0,100.0,0,0,0,0,0.0,0.0,0.0,0
100.0,0.0,100.0,100.0,0,0,0,0,0.0,0.0,0.0,0
98.33,0.0,100.0,93.33,0,0,0,0,0.0,0.0,0.0,0
100.0,0.0,100.0,100.0,0,0,0,0,0.0,0.0,0.0,0
93.75,0.0,100.0,75.0,0,0,0,0,0.0,0.0,0.0,0
75.0,0.0,100.0,0.0,0,0,0,0,0.0,0.0,0.0,0
75.0,0.0,100.0,0.0,0,0,0,0,0.0,0.0,0.0,0
75.0,0.0,100.0,0.0,0,0,0,0,0.0,0.0,0.0,0
75.0,0.0,100.0,0.0,0,0,0,0,0.0,0.0,0.0,0
75.0,0.0,100.0,0.0,0,0,0,0,0.0,0.0,0.0,0
75.0,0.0,100.0,0.0,0,0,0,0,0.0,0.0,0.0,0
75.0,0.0,100.0,0.0,0,0,0,0,0.0,0.0,0.0,0
75.0,0.0,100.0,0.0,0,0,0,0,0.0,0.0,0.0,0
75.0,0.0,100.0,0.0,0,0,0,0,0.0,0.0,0.0,0
75.0,0.0,100.0,0.0,0,0,0,0,0.0,0.0,0.0,0
75.0,0.0,100.0,0.0,0,0,0,0,0.0,0.0,0.0,0
75.0,0.0,100.0,0.0,0,0,0,0,0.0,0.0,0.0,0
75.0,0.0,100.0,0.0,0,0,0,0,0.0,0.0,0.0,0
75.0,0.0,100.0,0.0,0,0,0,0,0.0,0.0,0.0,0
75.0,0.0,100.0,0.0,0,0,0,0,0.0,0.0,0.0,0
75.0,0.0,100.0,0.0,0,0,0,0,0.0,0.0,0.0,0
97.08,0.0,100.0,88.33,0,0,0,0,0.0,0.0,0.0,0
100.0,0.0,100.0,100.0,0,0,0,0,0.0,0.0,0.0,0
100.0,0.0,100.0,100.0,0,0,0,0,0.0,0.0,0.0,0
100.0,0.0,100.0,100.0,0,0,0,0,0.0,0.0,0.0,0
100.0,0.0,100.0,100.0,0,0,0,0,0.0,0.0,0.0,0
100.0,0.0,100.0,100.0,0,0,0,0,0.0,0.0,0.0,0
100.0,0.0,100.0,100.0,0,0,0,0,0.0,0.0,0.0,0
100.0,0.0,100.0,100.0,0,0,0,0,0.0,0.0,0.0,0
100.0,0.0,100.0,100.0,0,0,0,0,0.0,0.0,0.0,0
100.0,0.0,100.0,100.0,0,0,0,0,0.0,0.0,0.0,0
100.0,0.0,100.0,100.0,0,0,0,0,0.0,0.0,0.0,0
100.0,0.0,100.0,100.0,0,0,0,0,0.0,0.0,0.0,0
100.0,0.0,100.0,100.0,0,0,0,0,0.0,0.0,0.0,0
100.0,0.0,100.0,100.0,0,0,0,0,0.0,0.0,0.0,0
100.0,0.0,100.0,100.0,0,0,0,0,0.0,0.0,0.0,0
100.0,0.0,100.0,100.0,0,0,0,0,0.0,0.0,0.0,0
100.0,0.0,100.0,100.0,0,0,0,0,0.0,0.0,0.0,0
100.0,0.0,100.0,100.0,0,0,0,0,0.0,0.0,0.0,0
100.0,0.0,100.0,100.0,0,0,0,0,0.0,0.0,0.0,0
100.0,0.0,100.0,100.0,0,0,0,0,0.0,0.0,0.0,0
100.0,0.0,100.0,100.0,0,0,0,0,0.0,0.0,0.0,0
100.0,0.0,100.0,100.0,0,0,0,0,0.0,0.0,0.0,0
100.0,0.0,100.0,100.0,0,0,0,0,0.0,0.0,0.0,0
100.0,0.0,100.0,100.0,0,0,0,0,0.0,0.0,0.0,0
100.0,0.0,100.0,100.0,0,0,0,0,0.0,0.0,0.0,0
100.0,0.0,100.0,100.0,0,0,0,0,0.0,0.0,0.0,0
100.0,0.0,100.0,100.0,0,0,0,0,0.0,0.0,0.0,0
100.0,0.0,100.0,100.0,0,0,0,0,0.0,0.0,0.0,0
100.0,0.0,100.0,100.0,0,0,0,0,0.0,0.0,0.0,0
90.0,0.0,100.0,60.0,0,0,0,0,0.0,0.0,0.0,0
75.42,0.0,100.0,1.67,0,0,0,0,0.0,0.0,0.0,0
75.0,0.0,100.0,0.0,0,0,0,0,0.0,0.0,0.0,0
75.0,0.0,100.0,0.0,0,0,0,0,0.0,0.0,0.0,0
75.0,0.0,100.0,0.0,0,0,0,0,0.0,0.0,0.0,0
85.42,0.0,100.0,41.67,0,0,0,0,0.0,0.0,0.0,0
100.0,0.0,100.0,100.0,0,0,0,0,0.0,0.0,0.0,0
100.0,0.0,100.0,100.0,0,0,0,0,0.0,0.0,0.0,0
100.0,0.0,100.0,100.0,0,0,0,0,0.0,0.0,0.0,0
100.0,0.0,100.0,100.0,0,0,0,0,0.0,0.0,0.0,0
100.0,0.0,100.0,100.0,0,0,0,0,0.0,0.0,0.0,0
100.0,0.0,100.0,100.0,0,0,0,0,0.0,0.0,0.0,0
100.0,0.0,100.0,100.0,0,0,0,0,0.0,0.0,0.0,0
100.0,0.0,100.0,100.0,0,0,0,0,0.0,0.0,0.0,0
100.0,0.0,100.0,100.0,0,0,0,0,0.0,0.0,0.0,0
100.0,0.0,100.0,100.0,0,0,0,0,0.0,0.0,0.0,0
100.0,0.0,100.0,100.0,0,0,0,0,0.0,0.0,0.0,0
100.0,0.0,100.0,100.0,0,0,0,0,0.0,0.0,0.0,0
100.0,0.0,100.0,100.0,0,0,0,0,0.0,0.0,0.0,0
100.0,0.0,100.0,100.0,0,0,0,0,0.0,0.0,0.0,0
100.0,0.0,100.0,100.0,0,0,0,0,0.0,0.0,0.0,0
95.0,0.0,100.0,80.0,0,0,0,0,0.0,0.0,0.0,0
100.0,0.0,100.0,100.0,0,0,0,0,0.0,0.0,0.0,0
100.0,0.0,100.0,100.0,0,0,0,0,0.0,0.0,0.0,0
100.0,0.0,100.0,100.0,0,0,0,0,0.0,0.0,0.0,0
82.5,0.0,76.67,100.0,0,0,0,0,-23.33,0.0,0.0,0
100.0,0.0,100.0,100.0,0,0,0,0,23.33,0.0,0.0,0
100.0,0.0,100.0,100.0,0,0,0,0,0.0,0.0,0.0,0
100.0,0.0,100.0,100.0,0,0,0,0,0.0,0.0,0.0,0
100.0,0.0,100.0,100.0,0,0,0,0,0.0,0.0,0.0,0
100.0,0.0,100.0,100.0,0,0,0,0,0.0,0.0,0.0,0
100.0,0.0,100.0,100.0,0,0,0,0,0.0,0.0,0.0,0
100.0,0.0,100.0,100.0,0,0,0,0,0.0,0.0,0.0,0
100.0,0.0,100.0,100.0,0,0,0,0,0.0,0.0,0.0,0
100.0,0.0,100.0,100.0,0,0,0,0,0.0,0.0,0.0,0
100.0,0.0,100.0,100.0,0,0,0,0,0.0,0.0,0.0,0
100.0,0.0,100.0,100.0,0,0,0,0,0.0,0.0,0.0,0
100.0,0.0,100.0,100.0,0,0,0,0,0.0,0.0,0.0,0
100.0,0.0,100.0,100.0,0,0,0,0,0.0,0.0,0.0,0
100.0,0.0,100.0,100.0,0,0,0,0,0.0,0.0,0.0,0
100.0,0.0,100.0,100.0,0,0,0,0,0.0,0.0,0.0,0
100.0,0.0,100.0,100.0,0,0,0,0,0.0,0.0,0.0,0
100.0,0.0,100.0,100.0,0,0,0,0,0.0,0.0,0.0,0
100.0,0.0,100.0,100.0,0,0,0,0,0.0,0.0,0.0,0
100.0,0.0,100.0,100.0,0,0,0,0,0.0,0.0,0.0,0
100.0,0.0,100.0,100.0,0,0,0,0,0.0,0.0,0.0,0
100.0,0.0,100.0,100.0,0,0,0,0,0.0,0.0,0.0,0
100.0,0.0,100.0,100.0,0,0,0,0,0.0,0.0,0.0,0
100.0,0.0,100.0,100.0,0,0,0,0,0.0,0.0,0.0,0
100.0,0.0,100.0,100.0,0,0,0,0,0.0,0.0,0.0,0
100.0,0.0,100.0,100.0,0,0,0,0,0.0,0.0,0.0,0
100.0,0.0,100.0,100.0,0,0,0,0,0.0,0.0,0.0,0
100.0,0.0,100.0,100.0,0,0,0,0,0.0,0.0,0.0,0
100.0,0.0,100.0,100.0,0,0,0,0,0.0,0.0,0.0,0
100.0,0.0,100.0,100.0,0,0,0,0,0.0,0.0,0.0,0
100.0,0.0,100.0,100.0,0,0,0,0,0.0,0.0,0.0,0
94.08,0.0,92.11,100.0,0,0,0,0,-7.890000000000001,0.0,0.0,0
100.0,0.0,100.0,100.0,0,0,0,0,7.890000000000001,0.0,0.0,0
100.0,0.0,100.0,100.0,0,0,0,0,0.0,0.0,0.0,0
100.0,0.0,100.0,100.0,0,0,0,0,0.0,0.0,0.0,0
100.0,0.0,100.0,100.0,0,0,0,0,0.0,0.0,0.0,0
100.0,0.0,100.0,100.0,0,0,0,0,0.0,0.0,0.0,0
100.0,0.0,100.0,100.0,0,0,0,0,0.0,0.0,0.0,0
100.0,0.0,100.0,100.0,0,0,0,0,0.0,0.0,0.0,0
100.0,0.0,100.0,100.0,0,0,0,0,0.0,0.0,0.0,0
100.0,0.0,100.0,100.0,0,0,0,0,0.0,0.0,0.0,0
100.0,0.0,100.0,100.0,0,0,0,0,0.0,0.0,0.0,0
100.0,0.0,100.0,100.0,0,0,0,0,0.0,0.0,0.0,0
100.0,0.0,100.0,100.0,0,0,0,0,0.0,0.0,0.0,0
100.0,0.0,100.0,100.0,0,0,0,0,0.0,0.0,0.0,0
100.0,0.0,100.0,100.0,0,0,0,0,0.0,0.0,0.0,0
100.0,0.0,100.0,100.0,0,0,0,0,0.0,0.0,0.0,0
100.0,0.0,100.0,100.0,0,0,0,0,0.0,0.0,0.0,0
100.0,0.0,100.0,100.0,0,0,0,0,0.0,0.0,0.0,0
100.0,0.0,100.0,100.0,0,0,0,0,0.0,0.0,0.0,0
100.0,0.0,100.0,100.0,0,0,0,0,0.0,0.0,0.0,0
100.0,0.0,100.0,100.0,0,0,0,0,0.0,0.0,0.0,0
100.0,0.0,100.0,100.0,0,0,0,0,0.0,0.0,0.0,0
100.0,0.0,100.0,100.0,0,0,0,0,0.0,0.0,0.0,0
100.0,0.0,100.0,100.0,0,0,0,0,0.0,0.0,0.0,0
100.0,0.0,100.0,100.0,0,0,0,0,0.0,0.0,0.0,0
100.0,0.0,100.0,100.0,0,0,0,0,0.0,0.0,0.0,0
100.0,0.0,100.0,100.0,0,0,0,0,0.0,0.0,0.0,0
100.0,0.0,100.0,100.0,0,0,0,0,0.0,0.0,0.0,0
100.0,0.0,100.0,100.0,0,0,0,0,0.0,0.0,0.0,0
100.0,0.0,100.0,100.0,0,0,0,0,0.0,0.0,0.0,0
100.0,0.0,100.0,100.0,0,0,0,0,0.0,0.0,0.0,0
100.0,0.0,100.0,100.0,0,0,0,0,0.0,0.0,0.0,0
100.0,0.0,100.0,100.0,0,0,0,0,0.0,0.0,0.0,0
100.0,0.0,100.0,100.0,0,0,0,0,0.0,0.0,0.0,0
100.0,0.0,100.0,100.0,0,0,0,0,0.0,0.0,0.0,0
100.0,0.0,100.0,100.0,0,0,0,0,0.0,0.0,0.0,0
100.0,0.0,100.0,100.0,0,0,0,0,0.0,0.0,0.0,0
100.0,0.0,100.0,100.0,0,0,0,0,0.0,0.0,0.0,0
100.0,0.0,100.0,100.0,0,0,0,0,0.0,0.0,0.0,0
100.0,0.0,100.0,100.0,0,0,0,0,0.0,0.0,0.0,0
100.0,0.0,100.0,100.0,0,0,0,0,0.0,0.0,0.0,0
100.0,0.0,100.0,100.0,0,0,0,0,0.0,0.0,0.0,0
100.0,0.0,100.0,100.0,0,0,0,0,0.0,0.0,0.0,0
100.0,0.0,100.0,100.0,0,0,0,0,0.0,0.0,0.0,0
100.0,0.0,100.0,100.0,0,0,0,0,0.0,0.0,0.0,0
100.0,0.0,100.0,100.0,0,0,0,0,0.0,0.0,0.0,0
77.5,0.0,100.0,10.0,0,0,0,0,0.0,0.0,0.0,0
75.0,0.0,100.0,0.0,0,0,0,0,0.0,0.0,0.0,0
75.0,0.0,100.0,0.0,0,0,0,0,0.0,0.0,0.0,0
75.42,0.0,100.0,1.67,0,0,0,0,0.0,0.0,0.0,0
78.33,0.0,100.0,13.33,0,0,0,0,0.0,0.0,0.0,0
100.0,0.0,100.0,100.0,0,0,0,0,0.0,0.0,0.0,0
100.0,0.0,100.0,100.0,0,0,0,0,0.0,0.0,0.0,0
100.0,0.0,100.0,100.0,0,0,0,0,0.0,0.0,0.0,0
100.0,0.0,100.0,100.0,0,0,0,0,0.0,0.0,0.0,0
100.0,0.0,100.0,100.0,0,0,0,0,0.0,0.0,0.0,0
100.0,0.0,100.0,100.0,0,0,0,0,0.0,0.0,0.0,0
100.0,0.0,100.0,100.0,0,0,0,0,0.0,0.0,0.0,0
100.0,0.0,100.0,100.0,0,0,0,0,0.0,0.0,0.0,0
100.0,0.0,100.0,100.0,0,0,0,0,0.0,0.0,0.0,0
100.0,0.0,100.0,100.0,0,0,0,0,0.0,0.0,0.0,0
100.0,0.0,100.0,100.0,0,0,0,0,0.0,0.0,0.0,0
100.0,0.0,100.0,100.0,0,0,0,0,0.0,0.0,0.0,0
100.0,0.0,100.0,100.0,0,0,0,0,0.0,0.0,0.0,0
100.0,0.0,100.0,100.0,0,0,0,0,0.0,0.0,0.0,0
94.58,0.0,100.0,78.33,0,0,0,0,0.0,0.0,0.0,0
75.0,0.0,100.0,0.0,0,0,0,0,0.0,0.0,0.0,0
75.0,0.0,100.0,0.0,0,0,0,0,0.0,0.0,0.0,0
75.0,0.0,100.0,0.0,0,0,0,0,0.0,0.0,0.0,0
75.0,0.0,100.0,0.0,0,0,0,0,0.0,0.0,0.0,0
75.0,0.0,100.0,0.0,0,0,0,0,0.0,0.0,0.0,0
75.0,0.0,100.0,0.0,0,0,0,0,0.0,0.0,0.0,0
75.0,0.0,100.0,0.0,0,0,0,0,0.0,0.0,0.0,0
75.0,0.0,100.0,0.0,0,0,0,0,0.0,0.0,0.0,0
75.0,0.0,100.0,0.0,0,0,0,0,0.0,0.0,0.0,0
75.0,0.0,100.0,0.0,0,0,0,0,0.0,0.0,0.0,0
75.0,0.0,100.0,0.0,0,0,0,0,0.0,0.0,0.0,0
75.0,0.0,100.0,0.0,0,0,0,0,0.0,0.0,0.0,0
75.0,0.0,100.0,0.0,0,0,0,0,0.0,0.0,0.0,0
75.0,0.0,100.0,0.0,0,0,0,0,0.0,0.0,0.0,0
92.5,0.0,100.0,70.0,0,0,0,0,0.0,0.0,0.0,0
100.0,0.0,100.0,100.0,0,0,0,0,0.0,0.0,0.0,0
100.0,0.0,100.0,100.0,0,0,0,0,0.0,0.0,0.0,0
100.0,0.0,100.0,100.0,0,0,0,0,0.0,0.0,0.0,0
100.0,0.0,100.0,100.0,0,0,0,0,0.0,0.0,0.0,0
100.0,0.0,100.0,100.0,0,0,0,0,0.0,0.0,0.0,0
100.0,0.0,100.0,100.0,0,0,0,0,0.0,0.0,0.0,0
100.0,0.0,100.0,100.0,0,0,0,0,0.0,0.0,0.0,0
100.0,0.0,100.0,100.0,0,0,0,0,0.0,0.0,0.0,0
100.0,0.0,100.0,100.0,0,0,0,0,0.0,0.0,0.0,0
100.0,0.0,100.0,100.0,0,0,0,0,0.0,0.0,0.0,0
100.0,0.0,100.0,100.0,0,0,0,0,0.0,0.0,0.0,0
100.0,0.0,100.0,100.0,0,0,0,0,0.0,0.0,0.0,0
100.0,0.0,100.0,100.0,0,0,0,0,0.0,0.0,0.0,0
100.0,0.0,100.0,100.0,0,0,0,0,0.0,0.0,0.0,0
100.0,0.0,100.0,100.0,0,0,0,0,0.0,0.0,0.0,0
100.0,0.0,100.0,100.0,0,0,0,0,0.0,0.0,0.0,0
100.0,0.0,100.0,100.0,0,0,0,0,0.0,0.0,0.0,0
100.0,0.0,100.0,100.0,0,0,0,0,0.0,0.0,0.0,0
100.0,0.0,100.0,100.0,0,0,0,0,0.0,0.0,0.0,0
100.0,0.0,100.0,100.0,0,0,0,0,0.0,0.0,0.0,0
100.0,0.0,100.0,100.0,0,0,0,0,0.0,0.0,0.0,0
100.0,0.0,100.0,100.0,0,0,0,0,0.0,0.0,0.0,0
100.0,0.0,100.0,100.0,0,0,0,0,0.0,0.0,0.0,0
100.0,0.0,100.0,100.0,0,0,0,0,0.0,0.0,0.0,0
100.0,0.0,100.0,100.0,0,0,0,0,0.0,0.0,0.0,0
100.0,0.0,100.0,100.0,0,0,0,0,0.0,0.0,0.0,0
100.0,0.0,100.0,100.0,0,0,0,0,0.0,0.0,0.0,0
100.0,0.0,100.0,100.0,0,0,0,0,0.0,0.0,0.0,0
100.0,0.0,100.0,100.0,0,0,0,0,0.0,0.0,0.0,0
100.0,0.0,100.0,100.0,0,0,0,0,0.0,0.0,0.0,0
100.0,0.0,100.0,100.0,0,0,0,0,0.0,0.0,0.0,0
100.0,0.0,100.0,100.0,0,0,0,0,0.0,0.0,0.0,0
100.0,0.0,100.0,100.0,0,0,0,0,0.0,0.0,0.0,0
100.0,0.0,100.0,100.0,0,0,0,0,0.0,0.0,0.0,0
100.0,0.0,100.0,100.0,0,0,0,0,0.0,0.0,0.0,0
100.0,0.0,100.0,100.0,0,0,0,0,0.0,0.0,0.0,0
75.0,0.0,100.0,0.0,0,0,0,0,0.0,0.0,0.0,0
75.0,0.0,100.0,0.0,0,0,0,0,0.0,0.0,0.0,0
75.0,0.0,100.0,0.0,0,0,0,0,0.0,0.0,0.0,0
75.0,0.0,100.0,0.0,0,0,0,0,0.0,0.0,0.0,0
75.0,0.0,100.0,0.0,0,0,0,0,0.0,0.0,0.0,0
75.0,0.0,100.0,0.0,0,0,0,0,0.0,0.0,0.0,0
75.0,0.0,100.0,0.0,0,0,0,0,0.0,0.0,0.0,0
75.0,0.0,100.0,0.0,0,0,0,0,0.0,0.0,0.0,0
75.0,0.0,100.0,0.0,0,0,0,0,0.0,0.0,0.0,0
75.0,0.0,100.0,0.0,0,0,0,0,0.0,0.0,0.0,0
75.0,0.0,100.0,0.0,0,0,0,0,0.0,0.0,0.0,0
75.0,0.0,100.0,0.0,0,0,0,0,0.0,0.0,0.0,0
100.0,0.0,100.0,100.0,0,0,0,0,0.0,0.0,0.0,0
100.0,0.0,100.0,100.0,0,0,0,0,0.0,0.0,0.0,0
96.67,0.0,100.0,86.67,0,0,0,0,0.0,0.0,0.0,0
75.0,0.0,100.0,0.0,0,0,0,0,0.0,0.0,0.0,0
100.0,0.0,100.0,100.0,0,0,0,0,0.0,0.0,0.0,0
100.0,0.0,100.0,100.0,0,0,0,0,0.0,0.0,0.0,0
100.0,0.0,100.0,100.0,0,0,0,0,0.0,0.0,0.0,0
100.0,0.0,100.0,100.0,0,0,0,0,0.0,0.0,0.0,0
100.0,0.0,100.0,100.0,0,0,0,0,0.0,0.0,0.0,0
100.0,0.0,100.0,100.0,0,0,0,0,0.0,0.0,0.0,0
100.0,0.0,100.0,100.0,0,0,0,0,0.0,0.0,0.0,0
100.0,0.0,100.0,100.0,0,0,0,0,0.0,0.0,0.0,0
100.0,0.0,100.0,100.0,0,0,0,0,0.0,0.0,0.0,0
100.0,0.0,100.0,100.0,0,0,0,0,0.0,0.0,0.0,0
100.0,0.0,100.0,100.0,0,0,0,0,0.0,0.0,0.0,0
100.0,0.0,100.0,100.0,0,0,0,0,0.0,0.0,0.0,0
100.0,0.0,100.0,100.0,0,0,0,0,0.0,0.0,0.0,0
100.0,0.0,100.0,100.0,0,0,0,0,0.0,0.0,0.0,0
100.0,0.0,100.0,100.0,0,0,0,0,0.0,0.0,0.0,0
100.0,0.0,100.0,100.0,0,0,0,0,0.0,0.0,0.0,0
100.0,0.0,100.0,100.0,0,0,0,0,0.0,0.0,0.0,0
100.0,0.0,100.0,100.0,0,0,0,0,0.0,0.0,0.0,0
100.0,0.0,100.0,100.0,0,0,0,0,0.0,0.0,0.0,0
100.0,0.0,100.0,100.0,0,0,0,0,0.0,0.0,0.0,0
100.0,0.0,100.0,100.0,0,0,0,0,0.0,0.0,0.0,0
100.0,0.0,100.0,100.0,0,0,0,0,0.0,0.0,0.0,0
100.0,0.0,100.0,100.0,0,0,0,0,0.0,0.0,0.0,0
100.0,0.0,100.0,100.0,0,0,0,0,0.0,0.0,0.0,0
100.0,0.0,100.0,100.0,0,0,0,0,0.0,0.0,0.0,0
100.0,0.0,100.0,100.0,0,0,0,0,0.0,0.0,0.0,0
100.0,0.0,100.0,100.0,0,0,0,0,0.0,0.0,0.0,0
100.0,0.0,100.0,100.0,0,0,0,0,0.0,0.0,0.0,0
100.0,0.0,100.0,100.0,0,0,0,0,0.0,0.0,0.0,0
100.0,0.0,100.0,100.0,0,0,0,0,0.0,0.0,0.0,0
100.0,0.0,100.0,100.0,0,0,0,0,0.0,0.0,0.0,0
100.0,0.0,100.0,100.0,0,0,0,0,0.0,0.0,0.0,0
100.0,0.0,100.0,100.0,0,0,0,0,0.0,0.0,0.0,0
100.0,0.0,100.0,100.0,0,0,0,0,0.0,0.0,0.0,0
100.0,0.0,100.0,100.0,0,0,0,0,0.0,0.0,0.0,0
100.0,0.0,100.0,100.0,0,0,0,0,0.0,0.0,0.0,0
100.0,0.0,100.0,100.0,0,0,0,0,0.0,0.0,0.0,0
100.0,0.0,100.0,100.0,0,0,0,0,0.0,0.0,0.0,0
100.0,0.0,100.0,100.0,0,0,0,0,0.0,0.0,0.0,0
100.0,0.0,100.0,100.0,0,0,0,0,0.0,0.0,0.0,0
100.0,0.0,100.0,100.0,0,0,0,0,0.0,0.0,0.0,0
100.0,0.0,100.0,100.0,0,0,0,0,0.0,0.0,0.0,0
100.0,0.0,100.0,100.0,0,0,0,0,0.0,0.0,0.0,0
100.0,0.0,100.0,100.0,0,0,0,0,0.0,0.0,0.0,0
100.0,0.0,100.0,100.0,0,0,0,0,0.0,0.0,0.0,0
100.0,0.0,100.0,100.0,0,0,0,0,0.0,0.0,0.0,0
100.0,0.0,100.0,100.0,0,0,0,0,0.0,0.0,0.0,0
100.0,0.0,100.0,100.0,0,0,0,0,0.0,0.0,0.0,0
100.0,0.0,100.0,100.0,0,0,0,0,0.0,0.0,0.0,0
100.0,0.0,100.0,100.0,0,0,0,0,0.0,0.0,0.0,0
100.0,0.0,100.0,100.0,0,0,0,0,0.0,0.0,0.0,0
100.0,0.0,100.0,100.0,0,0,0,0,0.0,0.0,0.0,0
100.0,0.0,100.0,100.0,0,0,0,0,0.0,0.0,0.0,0
100.0,0.0,100.0,100.0,0,0,0,0,0.0,0.0,0.0,0
100.0,0.0,100.0,100.0,0,0,0,0,0.0,0.0,0.0,0
100.0,0.0,100.0,100.0,0,0,0,0,0.0,0.0,0.0,0
100.0,0.0,100.0,100.0,0,0,0,0,0.0,0.0,0.0,0
100.0,0.0,100.0,100.0,0,0,0,0,0.0,0.0,0.0,0
100.0,0.0,100.0,100.0,0,0,0,0,0.0,0.0,0.0,0
100.0,0.0,100.0,100.0,0,0,0,0,0.0,0.0,0.0,0
100.0,0.0,100.0,100.0,0,0,0,0,0.0,0.0,0.0,0
100.0,0.0,100.0,100.0,0,0,0,0,0.0,0.0,0.0,0
100.0,0.0,100.0,100.0,0,0,0,0,0.0,0.0,0.0,0
100.0,0.0,100.0,100.0,0,0,0,0,0.0,0.0,0.0,0
100.0,0.0,100.0,100.0,0,0,0,0,0.0,0.0,0.0,0
100.0,0.0,100.0,100.0,0,0,0,0,0.0,0.0,0.0,0
100.0,0.0,100.0,100.0,0,0,0,0,0.0,0.0,0.0,0
100.0,0.0,100.0,100.0,0,0,0,0,0.0,0.0,0.0,0
100.0,0.0,100.0,100.0,0,0,0,0,0.0,0.0,0.0,0
100.0,0.0,100.0,100.0,0,0,0,0,0.0,0.0,0.0,0
100.0,0.0,100.0,100.0,0,0,0,0,0.0,0.0,0.0,0
100.0,0.0,100.0,100.0,0,0,0,0,0.0,0.0,0.0,0
100.0,0.0,100.0,100.0,0,0,0,0,0.0,0.0,0.0,0
100.0,0.0,100.0,100.0,0,0,0,0,0.0,0.0,0.0,0
100.0,0.0,100.0,100.0,0,0,0,0,0.0,0.0,0.0,0
100.0,0.0,100.0,100.0,0,0,0,0,0.0,0.0,0.0,0
100.0,0.0,100.0,100.0,0,0,0,0,0.0,0.0,0.0,0
100.0,0.0,100.0,100.0,0,0,0,0,0.0,0.0,0.0,0
100.0,0.0,100.0,100.0,0,0,0,0,0.0,0.0,0.0,0
100.0,0.0,100.0,100.0,0,0,0,0,0.0,0.0,0.0,0
100.0,0.0,100.0,100.0,0,0,0,0,0.0,0.0,0.0,0
100.0,0.0,100.0,100.0,0,0,0,0,0.0,0.0,0.0,0
100.0,0.0,100.0,100.0,0,0,0,0,0.0,0.0,0.0,0
100.0,0.0,100.0,100.0,0,0,0,0,0.0,0.0,0.0,0
100.0,0.0,100.0,100.0,0,0,0,0,0.0,0.0,0.0,0
100.0,0.0,100.0,100.0,0,0,0,0,0.0,0.0,0.0,0
100.0,0.0,100.0,100.0,0,0,0,0,0.0,0.0,0.0,0
100.0,0.0,100.0,100.0,0,0,0,0,0.0,0.0,0.0,0
100.0,0.0,100.0,100.0,0,0,0,0,0.0,0.0,0.0,0
100.0,0.0,100.0,100.0,0,0,0,0,0.0,0.0,0.0,0
100.0,0.0,100.0,100.0,0,0,0,0,0.0,0.0,0.0,0
100.0,0.0,100.0,100.0,0,0,0,0,0.0,0.0,0.0,0
100.0,0.0,100.0,100.0,0,0,0,0,0.0,0.0,0.0,0
100.0,0.0,100.0,100.0,0,0,0,0,0.0,0.0,0.0,0
100.0,0.0,100.0,100.0,0,0,0,0,0.0,0.0,0.0,0
100.0,0.0,100.0,100.0,0,0,0,0,0.0,0.0,0.0,0
100.0,0.0,100.0,100.0,0,0,0,0,0.0,0.0,0.0,0
100.0,0.0,100.0,100.0,0,0,0,0,0.0,0.0,0.0,0
100.0,0.0,100.0,100.0,0,0,0,0,0.0,0.0,0.0,0
100.0,0.0,100.0,100.0,0,0,0,0,0.0,0.0,0.0,0
100.0,0.0,100.0,100.0,0,0,0,0,0.0,0.0,0.0,0
100.0,0.0,100.0,100.0,0,0,0,0,0.0,0.0,0.0,0
100.0,0.0,100.0,100.0,0,0,0,0,0.0,0.0,0.0,0
100.0,0.0,100.0,100.0,0,0,0,0,0.0,0.0,0.0,0
100.0,0.0,100.0,100.0,0,0,0,0,0.0,0.0,0.0,0
100.0,0.0,100.0,100.0,0,0,0,0,0.0,0.0,0.0,0
100.0,0.0,100.0,100.0,0,0,0,0,0.0,0.0,0.0,0
100.0,0.0,100.0,100.0,0,0,0,0,0.0,0.0,0.0,0
100.0,0.0,100.0,100.0,0,0,0,0,0.0,0.0,0.0,0
100.0,0.0,100.0,100.0,0,0,0,0,0.0,0.0,0.0,0
100.0,0.0,100.0,100.0,0,0,0,0,0.0,0.0,0.0,0
100.0,0.0,100.0,100.0,0,0,0,0,0.0,0.0,0.0,0
100.0,0.0,100.0,100.0,0,0,0,0,0.0,0.0,0.0,0
100.0,0.0,100.0,100.0,0,0,0,0,0.0,0.0,0.0,0
100.0,0.0,100.0,100.0,0,0,0,0,0.0,0.0,0.0,0
100.0,0.0,100.0,100.0,0,0,0,0,0.0,0.0,0.0,0
100.0,0.0,100.0,100.0,0,0,0,0,0.0,0.0,0.0,0
100.0,0.0,100.0,100.0,0,0,0,0,0.0,0.0,0.0,0
100.0,0.0,100.0,100.0,0,0,0,0,0.0,0.0,0.0,0
100.0,0.0,100.0,100.0,0,0,0,0,0.0,0.0,0.0,0
100.0,0.0,100.0,100.0,0,0,0,0,0.0,0.0,0.0,0
100.0,0.0,100.0,100.0,0,0,0,0,0.0,0.0,0.0,0
100.0,0.0,100.0,100.0,0,0,0,0,0.0,0.0,0.0,0
100.0,0.0,100.0,100.0,0,0,0,0,0.0,0.0,0.0,0
100.0,0.0,100.0,100.0,0,0,0,0,0.0,0.0,0.0,0
100.0,0.0,100.0,100.0,0,0,0,0,0.0,0.0,0.0,0
100.0,0.0,100.0,100.0,0,0,0,0,0.0,0.0,0.0,0
100.0,0.0,100.0,100.0,0,0,0,0,0.0,0.0,0.0,0
100.0,0.0,100.0,100.0,0,0,0,0,0.0,0.0,0.0,0
100.0,0.0,100.0,100.0,0,0,0,0,0.0,0.0,0.0,0
100.0,0.0,100.0,100.0,0,0,0,0,0.0,0.0,0.0,0
100.0,0.0,100.0,100.0,0,0,0,0,0.0,0.0,0.0,0
100.0,0.0,100.0,100.0,0,0,0,0,0.0,0.0,0.0,0
100.0,0.0,100.0,100.0,0,0,0,0,0.0,0.0,0.0,0
100.0,0.0,100.0,100.0,0,0,0,0,0.0,0.0,0.0,0
100.0,0.0,100.0,100.0,0,0,0,0,0.0,0.0,0.0,0
100.0,0.0,100.0,100.0,0,0,0,0,0.0,0.0,0.0,0
100.0,0.0,100.0,100.0,0,0,0,0,0.0,0.0,0.0,0
100.0,0.0,100.0,100.0,0,0,0,0,0.0,0.0,0.0,0
100.0,0.0,100.0,100.0,0,0,0,0,0.0,0.0,0.0,0
100.0,0.0,100.0,100.0,0,0,0,0,0.0,0.0,0.0,0
100.0,0.0,100.0,100.0,0,0,0,0,0.0,0.0,0.0,0
100.0,0.0,100.0,100.0,0,0,0,0,0.0,0.0,0.0,0
100.0,0.0,100.0,100.0,0,0,0,0,0.0,0.0,0.0,0
85.0,0.0,100.0,40.0,0,0,0,0,0.0,0.0,0.0,0
75.0,0.0,100.0,0.0,0,0,0,0,0.0,0.0,0.0,0
75.0,0.0,100.0,0.0,0,0,0,0,0.0,0.0,0.0,0
75.0,0.0,100.0,0.0,0,0,0,0,0.0,0.0,0.0,0
100.0,0.0,100.0,100.0,0,0,0,0,0.0,0.0,0.0,0
100.0,0.0,100.0,100.0,0,0,0,0,0.0,0.0,0.0,0
100.0,0.0,100.0,100.0,0,0,0,0,0.0,0.0,0.0,0
100.0,0.0,100.0,100.0,0,0,0,0,0.0,0.0,0.0,0
100.0,0.0,100.0,100.0,0,0,0,0,0.0,0.0,0.0,0
100.0,0.0,100.0,100.0,0,0,0,0,0.0,0.0,0.0,0
100.0,0.0,100.0,100.0,0,0,0,0,0.0,0.0,0.0,0
100.0,0.0,100.0,100.0,0,0,0,0,0.0,0.0,0.0,0
100.0,0.0,100.0,100.0,0,0,0,0,0.0,0.0,0.0,0
100.0,0.0,100.0,100.0,0,0,0,0,0.0,0.0,0.0,0
100.0,0.0,100.0,100.0,0,0,0,0,0.0,0.0,0.0,0
100.0,0.0,100.0,100.0,0,0,0,0,0.0,0.0,0.0,0
100.0,0.0,100.0,100.0,0,0,0,0,0.0,0.0,0.0,0
100.0,0.0,100.0,100.0,0,0,0,0,0.0,0.0,0.0,0
100.0,0.0,100.0,100.0,0,0,0,0,0.0,0.0,0.0,0
100.0,0.0,100.0,100.0,0,0,0,0,0.0,0.0,0.0,0
100.0,0.0,100.0,100.0,0,0,0,0,0.0,0.0,0.0,0
100.0,0.0,100.0,100.0,0,0,0,0,0.0,0.0,0.0,0
100.0,0.0,100.0,100.0,0,0,0,0,0.0,0.0,0.0,0
100.0,0.0,100.0,100.0,0,0,0,0,0.0,0.0,0.0,0
100.0,0.0,100.0,100.0,0,0,0,0,0.0,0.0,0.0,0
100.0,0.0,100.0,100.0,0,0,0,0,0.0,0.0,0.0,0
100.0,0.0,100.0,100.0,0,0,0,0,0.0,0.0,0.0,0
100.0,0.0,100.0,100.0,0,0,0,0,0.0,0.0,0.0,0
77.78,0.0,100.0,11.11,0,0,0,0,0.0,0.0,0.0,0
75.0,0.0,100.0,0.0,0,0,0,0,0.0,0.0,0.0,0
75.0,0.0,100.0,0.0,0,0,0,0,0.0,0.0,0.0,0
88.33,0.0,100.0,53.33,0,0,0,0,0.0,0.0,0.0,0
100.0,0.0,100.0,100.0,0,0,0,0,0.0,0.0,0.0,0
100.0,0.0,100.0,100.0,0,0,0,0,0.0,0.0,0.0,0
100.0,0.0,100.0,100.0,0,0,0,0,0.0,0.0,0.0,0
100.0,0.0,100.0,100.0,0,0,0,0,0.0,0.0,0.0,0
100.0,0.0,100.0,100.0,0,0,0,0,0.0,0.0,0.0,0
100.0,0.0,100.0,100.0,0,0,0,0,0.0,0.0,0.0,0
100.0,0.0,100.0,100.0,0,0,0,0,0.0,0.0,0.0,0
100.0,0.0,100.0,100.0,0,0,0,0,0.0,0.0,0.0,0
100.0,0.0,100.0,100.0,0,0,0,0,0.0,0.0,0.0,0
100.0,0.0,100.0,100.0,0,0,0,0,0.0,0.0,0.0,0
100.0,0.0,100.0,100.0,0,0,0,0,0.0,0.0,0.0,0
100.0,0.0,100.0,100.0,0,0,0,0,0.0,0.0,0.0,0
100.0,0.0,100.0,100.0,0,0,0,0,0.0,0.0,0.0,0
100.0,0.0,100.0,100.0,0,0,0,0,0.0,0.0,0.0,0
100.0,0.0,100.0,100.0,0,0,0,0,0.0,0.0,0.0,0
100.0,0.0,100.0,100.0,0,0,0,0,0.0,0.0,0.0,0
100.0,0.0,100.0,100.0,0,0,0,0,0.0,0.0,0.0,0
100.0,0.0,100.0,100.0,0,0,0,0,0.0,0.0,0.0,0
100.0,0.0,100.0,100.0,0,0,0,0,0.0,0.0,0.0,0
100.0,0.0,100.0,100.0,0,0,0,0,0.0,0.0,0.0,0
100.0,0.0,100.0,100.0,0,0,0,0,0.0,0.0,0.0,0
100.0,0.0,100.0,100.0,0,0,0,0,0.0,0.0,0.0,0
100.0,0.0,100.0,100.0,0,0,0,0,0.0,0.0,0.0,0
100.0,0.0,100.0,100.0,0,0,0,0,0.0,0.0,0.0,0
100.0,0.0,100.0,100.0,0,0,0,0,0.0,0.0,0.0,0
100.0,0.0,100.0,100.0,0,0,0,0,0.0,0.0,0.0,0
100.0,0.0,100.0,100.0,0,0,0,0,0.0,0.0,0.0,0
100.0,0.0,100.0,100.0,0,0,0,0,0.0,0.0,0.0,0
100.0,0.0,100.0,100.0,0,0,0,0,0.0,0.0,0.0,0
100.0,0.0,100.0,100.0,0,0,0,0,0.0,0.0,0.0,0
100.0,0.0,100.0,100.0,0,0,0,0,0.0,0.0,0.0,0
100.0,0.0,100.0,100.0,0,0,0,0,0.0,0.0,0.0,0
100.0,0.0,100.0,100.0,0,0,0,0,0.0,0.0,0.0,0
100.0,0.0,100.0,100.0,0,0,0,0,0.0,0.0,0.0,0
100.0,0.0,100.0,100.0,0,0,0,0,0.0,0.0,0.0,0
100.0,0.0,100.0,100.0,0,0,0,0,0.0,0.0,0.0,0
100.0,0.0,100.0,100.0,0,0,0,0,0.0,0.0,0.0,0
100.0,0.0,100.0,100.0,0,0,0,0,0.0,0.0,0.0,0
100.0,0.0,100.0,100.0,0,0,0,0,0.0,0.0,0.0,0
100.0,0.0,100.0,100.0,0,0,0,0,0.0,0.0,0.0,0
100.0,0.0,100.0,100.0,0,0,0,0,0.0,0.0,0.0,0
100.0,0.0,100.0,100.0,0,0,0,0,0.0,0.0,0.0,0
100.0,0.0,100.0,100.0,0,0,0,0,0.0,0.0,0.0,0
98.98,0.0,100.0,95.92,0,0,0,0,0.0,0.0,0.0,0
100.0,0.0,100.0,100.0,0,0,0,0,0.0,0.0,0.0,0
100.0,0.0,100.0,100.0,0,0,0,0,0.0,0.0,0.0,0
100.0,0.0,100.0,100.0,0,0,0,0,0.0,0.0,0.0,0
100.0,0.0,100.0,100.0,0,0,0,0,0.0,0.0,0.0,0
100.0,0.0,100.0,100.0,0,0,0,0,0.0,0.0,0.0,0
100.0,0.0,100.0,100.0,0,0,0,0,0.0,0.0,0.0,0
100.0,0.0,100.0,100.0,0,0,0,0,0.0,0.0,0.0,0
100.0,0.0,100.0,100.0,0,0,0,0,0.0,0.0,0.0,0
100.0,0.0,100.0,100.0,0,0,0,0,0.0,0.0,0.0,0
100.0,0.0,100.0,100.0,0,0,0,0,0.0,0.0,0.0,0
100.0,0.0,100.0,100.0,0,0,0,0,0.0,0.0,0.0,0
100.0,0.0,100.0,100.0,0,0,0,0,0.0,0.0,0.0,0
100.0,0.0,100.0,100.0,0,0,0,0,0.0,0.0,0.0,0
100.0,0.0,100.0,100.0,0,0,0,0,0.0,0.0,0.0,0
100.0,0.0,100.0,100.0,0,0,0,0,0.0,0.0,0.0,0
100.0,0.0,100.0,100.0,0,0,0,0,0.0,0.0,0.0,0
100.0,0.0,100.0,100.0,0,0,0,0,0.0,0.0,0.0,0
100.0,0.0,100.0,100.0,0,0,0,0,0.0,0.0,0.0,0
100.0,0.0,100.0,100.0,0,0,0,0,0.0,0.0,0.0,0
100.0,0.0,100.0,100.0,0,0,0,0,0.0,0.0,0.0,0
100.0,0.0,100.0,100.0,0,0,0,0,0.0,0.0,0.0,0
100.0,0.0,100.0,100.0,0,0,0,0,0.0,0.0,0.0,0
100.0,0.0,100.0,100.0,0,0,0,0,0.0,0.0,0.0,0
100.0,0.0,100.0,100.0,0,0,0,0,0.0,0.0,0.0,0
100.0,0.0,100.0,100.0,0,0,0,0,0.0,0.0,0.0,0
100.0,0.0,100.0,100.0,0,0,0,0,0.0,0.0,0.0,0
100.0,0.0,100.0,100.0,0,0,0,0,0.0,0.0,0.0,0
100.0,0.0,100.0,100.0,0,0,0,0,0.0,0.0,0.0,0
100.0,0.0,100.0,100.0,0,0,0,0,0.0,0.0,0.0,0
83.93,0.0,100.0,35.71,0,0,0,0,0.0,0.0,0.0,0
75.0,0.0,100.0,0.0,0,0,0,0,0.0,0.0,0.0,0
75.0,0.0,100.0,0.0,0,0,0,0,0.0,0.0,0.0,0
75.0,0.0,100.0,0.0,0,0,0,0,0.0,0.0,0.0,0
75.0,0.0,100.0,0.0,0,0,0,0,0.0,0.0,0.0,0
75.0,0.0,100.0,0.0,0,0,0,0,0.0,0.0,0.0,0
75.0,0.0,100.0,0.0,0,0,0,0,0.0,0.0,0.0,0
75.0,0.0,100.0,0.0,0,0,0,0,0.0,0.0,0.0,0
75.0,0.0,100.0,0.0,0,0,0,0,0.0,0.0,0.0,0
75.0,0.0,100.0,0.0,0,0,0,0,0.0,0.0,0.0,0
75.0,0.0,100.0,0.0,0,0,0,0,0.0,0.0,0.0,0
75.0,0.0,100.0,0.0,0,0,0,0,0.0,0.0,0.0,0
100.0,0.0,100.0,100.0,0,0,0,0,0.0,0.0,0.0,0
100.0,0.0,100.0,100.0,0,0,0,0,0.0,0.0,0.0,0
100.0,0.0,100.0,100.0,0,0,0,0,0.0,0.0,0.0,0
100.0,0.0,100.0,100.0,0,0,0,0,0.0,0.0,0.0,0
100.0,0.0,100.0,100.0,0,0,0,0,0.0,0.0,0.0,0
100.0,0.0,100.0,100.0,0,0,0,0,0.0,0.0,0.0,0
100.0,0.0,100.0,100.0,0,0,0,0,0.0,0.0,0.0,0
100.0,0.0,100.0,100.0,0,0,0,0,0.0,0.0,0.0,0
100.0,0.0,100.0,100.0,0,0,0,0,0.0,0.0,0.0,0
100.0,0.0,100.0,100.0,0,0,0,0,0.0,0.0,0.0,0
100.0,0.0,100.0,100.0,0,0,0,0,0.0,0.0,0.0,0
100.0,0.0,100.0,100.0,0,0,0,0,0.0,0.0,0.0,0
100.0,0.0,100.0,100.0,0,0,0,0,0.0,0.0,0.0,0
100.0,0.0,100.0,100.0,0,0,0,0,0.0,0.0,0.0,0
100.0,0.0,100.0,100.0,0,0,0,0,0.0,0.0,0.0,0
100.0,0.0,100.0,100.0,0,0,0,0,0.0,0.0,0.0,0
100.0,0.0,100.0,100.0,0,0,0,0,0.0,0.0,0.0,0
100.0,0.0,100.0,100.0,0,0,0,0,0.0,0.0,0.0,0
100.0,0.0,100.0,100.0,0,0,0,0,0.0,0.0,0.0,0
100.0,0.0,100.0,100.0,0,0,0,0,0.0,0.0,0.0,0
100.0,0.0,100.0,100.0,0,0,0,0,0.0,0.0,0.0,0
100.0,0.0,100.0,100.0,0,0,0,0,0.0,0.0,0.0,0
100.0,0.0,100.0,100.0,0,0,0,0,0.0,0.0,0.0,0
100.0,0.0,100.0,100.0,0,0,0,0,0.0,0.0,0.0,0
100.0,0.0,100.0,100.0,0,0,0,0,0.0,0.0,0.0,0
75.0,0.0,100.0,0.0,0,0,0,0,0.0,0.0,0.0,0
75.0,0.0,100.0,0.0,0,0,0,0,0.0,0.0,0.0,0
75.0,0.0,100.0,0.0,0,0,0,0,0.0,0.0,0.0,0
75.0,0.0,100.0,0.0,0,0,0,0,0.0,0.0,0.0,0
75.0,0.0,100.0,0.0,0,0,0,0,0.0,0.0,0.0,0
75.0,0.0,100.0,0.0,0,0,0,0,0.0,0.0,0.0,0
75.0,0.0,100.0,0.0,0,0,0,0,0.0,0.0,0.0,0
75.0,0.0,100.0,0.0,0,0,0,0,0.0,0.0,0.0,0
75.0,0.0,100.0,0.0,0,0,0,0,0.0,0.0,0.0,0
75.0,0.0,100.0,0.0,0,0,0,0,0.0,0.0,0.0,0
75.0,0.0,100.0,0.0,0,0,0,0,0.0,0.0,0.0,0
100.0,0.0,100.0,100.0,0,0,0,0,0.0,0.0,0.0,0
100.0,0.0,100.0,100.0,0,0,0,0,0.0,0.0,0.0,0
100.0,0.0,100.0,100.0,0,0,0,0,0.0,0.0,0.0,0
100.0,0.0,100.0,100.0,0,0,0,0,0.0,0.0,0.0,0
100.0,0.0,100.0,100.0,0,0,0,0,0.0,0.0,0.0,0
100.0,0.0,100.0,100.0,0,0,0,0,0.0,0.0,0.0,0
100.0,0.0,100.0,100.0,0,0,0,0,0.0,0.0,0.0,0
100.0,0.0,100.0,100.0,0,0,0,0,0.0,0.0,0.0,0
100.0,0.0,100.0,100.0,0,0,0,0,0.0,0.0,0.0,0
100.0,0.0,100.0,100.0,0,0,0,0,0.0,0.0,0.0,0
100.0,0.0,100.0,100.0,0,0,0,0,0.0,0.0,0.0,0
80.43,0.0,73.91,100.0,0,0,0,0,-26.090000000000003,0.0,0.0,0
100.0,0.0,100.0,100.0,0,0,0,0,26.090000000000003,0.0,0.0,0
100.0,0.0,100.0,100.0,0,0,0,0,0.0,0.0,0.0,0
100.0,0.0,100.0,100.0,0,0,0,0,0.0,0.0,0.0,0
100.0,0.0,100.0,100.0,0,0,0,0,0.0,0.0,0.0,0
100.0,0.0,100.0,100.0,0,0,0,0,0.0,0.0,0.0,0
100.0,0.0,100.0,100.0,0,0,0,0,0.0,0.0,0.0,0
100.0,0.0,100.0,100.0,0,0,0,0,0.0,0.0,0.0,0
100.0,0.0,100.0,100.0,0,0,0,0,0.0,0.0,0.0,0
100.0,0.0,100.0,100.0,0,0,0,0,0.0,0.0,0.0,0
100.0,0.0,100.0,100.0,0,0,0,0,0.0,0.0,0.0,0
100.0,0.0,100.0,100.0,0,0,0,0,0.0,0.0,0.0,0
100.0,0.0,100.0,100.0,0,0,0,0,0.0,0.0,0.0,0
100.0,0.0,100.0,100.0,0,0,0,0,0.0,0.0,0.0,0
100.0,0.0,100.0,100.0,0,0,0,0,0.0,0.0,0.0,0
100.0,0.0,100.0,100.0,0,0,0,0,0.0,0.0,0.0,0
100.0,0.0,100.0,100.0,0,0,0,0,0.0,0.0,0.0,0
100.0,0.0,100.0,100.0,0,0,0,0,0.0,0.0,0.0,0
100.0,0.0,100.0,100.0,0,0,0,0,0.0,0.0,0.0,0
100.0,0.0,100.0,100.0,0,0,0,0,0.0,0.0,0.0,0
100.0,0.0,100.0,100.0,0,0,0,0,0.0,0.0,0.0,0
100.0,0.0,100.0,100.0,0,0,0,0,0.0,0.0,0.0,0
100.0,0.0,100.0,100.0,0,0,0,0,0.0,0.0,0.0,0
100.0,0.0,100.0,100.0,0,0,0,0,0.0,0.0,0.0,0
100.0,0.0,100.0,100.0,0,0,0,0,0.0,0.0,0.0,0
100.0,0.0,100.0,100.0,0,0,0,0,0.0,0.0,0.0,0
100.0,0.0,100.0,100.0,0,0,0,0,0.0,0.0,0.0,0
100.0,0.0,100.0,100.0,0,0,0,0,0.0,0.0,0.0,0
100.0,0.0,100.0,100.0,0,0,0,0,0.0,0.0,0.0,0
100.0,0.0,100.0,100.0,0,0,0,0,0.0,0.0,0.0,0
100.0,0.0,100.0,100.0,0,0,0,0,0.0,0.0,0.0,0
100.0,0.0,100.0,100.0,0,0,0,0,0.0,0.0,0.0,0
100.0,0.0,100.0,100.0,0,0,0,0,0.0,0.0,0.0,0
100.0,0.0,100.0,100.0,0,0,0,0,0.0,0.0,0.0,0
100.0,0.0,100.0,100.0,0,0,0,0,0.0,0.0,0.0,0
100.0,0.0,100.0,100.0,0,0,0,0,0.0,0.0,0.0,0
100.0,0.0,100.0,100.0,0,0,0,0,0.0,0.0,0.0,0
100.0,0.0,100.0,100.0,0,0,0,0,0.0,0.0,0.0,0
100.0,0.0,100.0,100.0,0,0,0,0,0.0,0.0,0.0,0
100.0,0.0,100.0,100.0,0,0,0,0,0.0,0.0,0.0,0
100.0,0.0,100.0,100.0,0,0,0,0,0.0,0.0,0.0,0
100.0,0.0,100.0,100.0,0,0,0,0,0.0,0.0,0.0,0
100.0,0.0,100.0,100.0,0,0,0,0,0.0,0.0,0.0,0
100.0,0.0,100.0,100.0,0,0,0,0,0.0,0.0,0.0,0
100.0,0.0,100.0,100.0,0,0,0,0,0.0,0.0,0.0,0
100.0,0.0,100.0,100.0,0,0,0,0,0.0,0.0,0.0,0
100.0,0.0,100.0,100.0,0,0,0,0,0.0,0.0,0.0,0
100.0,0.0,100.0,100.0,0,0,0,0,0.0,0.0,0.0,0
100.0,0.0,100.0,100.0,0,0,0,0,0.0,0.0,0.0,0
100.0,0.0,100.0,100.0,0,0,0,0,0.0,0.0,0.0,0
100.0,0.0,100.0,100.0,0,0,0,0,0.0,0.0,0.0,0
100.0,0.0,100.0,100.0,0,0,0,0,0.0,0.0,0.0,0
100.0,0.0,100.0,100.0,0,0,0,0,0.0,0.0,0.0,0
100.0,0.0,100.0,100.0,0,0,0,0,0.0,0.0,0.0,0
100.0,0.0,100.0,100.0,0,0,0,0,0.0,0.0,0.0,0
100.0,0.0,100.0,100.0,0,0,0,0,0.0,0.0,0.0,0
100.0,0.0,100.0,100.0,0,0,0,0,0.0,0.0,0.0,0
100.0,0.0,100.0,100.0,0,0,0,0,0.0,0.0,0.0,0
100.0,0.0,100.0,100.0,0,0,0,0,0.0,0.0,0.0,0
100.0,0.0,100.0,100.0,0,0,0,0,0.0,0.0,0.0,0
100.0,0.0,100.0,100.0,0,0,0,0,0.0,0.0,0.0,0
100.0,0.0,100.0,100.0,0,0,0,0,0.0,0.0,0.0,0
100.0,0.0,100.0,100.0,0,0,0,0,0.0,0.0,0.0,0
100.0,0.0,100.0,100.0,0,0,0,0,0.0,0.0,0.0,0
100.0,0.0,100.0,100.0,0,0,0,0,0.0,0.0,0.0,0
100.0,0.0,100.0,100.0,0,0,0,0,0.0,0.0,0.0,0
100.0,0.0,100.0,100.0,0,0,0,0,0.0,0.0,0.0,0
100.0,0.0,100.0,100.0,0,0,0,0,0.0,0.0,0.0,0
75.0,0.0,100.0,0.0,0,0,0,0,0.0,0.0,0.0,0
20.0,0.0,26.67,0.0,0,0,0,0,-73.33,0.0,0.0,0
73.75,0.0,98.33,0.0,0,0,0,0,71.66,0.0,0.0,0
75.0,0.0,100.0,0.0,0,0,0,0,1.6700000000000017,0.0,0.0,0
75.0,0.0,100.0,0.0,0,0,0,0,0.0,0.0,0.0,0
75.0,0.0,100.0,0.0,0,0,0,0,0.0,0.0,0.0,0
75.0,0.0,100.0,0.0,0,0,0,0,0.0,0.0,0.0,0
75.0,0.0,100.0,0.0,0,0,0,0,0.0,0.0,0.0,0
70.0,0.0,93.33,0.0,0,0,0,0,-6.670000000000002,0.0,0.0,0
0.0,0.0,0.0,0.0,0,0,0,0,-93.33,0.0,0.0,0
100.0,0.0,100.0,100.0,0,0,0,0,100.0,0.0,0.0,0
100.0,0.0,100.0,100.0,0,0,0,0,0.0,0.0,0.0,0
100.0,0.0,100.0,100.0,0,0,0,0,0.0,0.0,0.0,0
100.0,0.0,100.0,100.0,0,0,0,0,0.0,0.0,0.0,0
100.0,0.0,100.0,100.0,0,0,0,0,0.0,0.0,0.0,0
100.0,0.0,100.0,100.0,0,0,0,0,0.0,0.0,0.0,0
100.0,0.0,100.0,100.0,0,0,0,0,0.0,0.0,0.0,0
100.0,0.0,100.0,100.0,0,0,0,0,0.0,0.0,0.0,0
100.0,0.0,100.0,100.0,0,0,0,0,0.0,0.0,0.0,0
100.0,0.0,100.0,100.0,0,0,0,0,0.0,0.0,0.0,0
100.0,0.0,100.0,100.0,0,0,0,0,0.0,0.0,0.0,0
100.0,0.0,100.0,100.0,0,0,0,0,0.0,0.0,0.0,0
100.0,0.0,100.0,100.0,0,0,0,0,0.0,0.0,0.0,0
100.0,0.0,100.0,100.0,0,0,0,0,0.0,0.0,0.0,0
100.0,0.0,100.0,100.0,0,0,0,0,0.0,0.0,0.0,0
100.0,0.0,100.0,100.0,0,0,0,0,0.0,0.0,0.0,0
100.0,0.0,100.0,100.0,0,0,0,0,0.0,0.0,0.0,0
75.0,0.0,100.0,0.0,0,0,0,0,0.0,0.0,0.0,0
75.0,0.0,100.0,0.0,0,0,0,0,0.0,0.0,0.0,0
75.0,0.0,100.0,0.0,0,0,0,0,0.0,0.0,0.0,0
75.0,0.0,100.0,0.0,0,0,0,0,0.0,0.0,0.0,0
75.0,0.0,100.0,0.0,0,0,0,0,0.0,0.0,0.0,0
75.0,0.0,100.0,0.0,0,0,0,0,0.0,0.0,0.0,0
60.58,0.0,80.77,0.0,0,0,0,0,-19.230000000000004,0.0,0.0,0
75.0,0.0,100.0,0.0,0,0,0,0,19.230000000000004,0.0,0.0,0
75.0,0.0,100.0,0.0,0,0,0,0,0.0,0.0,0.0,0
75.0,0.0,100.0,0.0,0,0,0,0,0.0,0.0,0.0,0
75.0,0.0,100.0,0.0,0,0,0,0,0.0,0.0,0.0,0
100.0,0.0,100.0,100.0,0,0,0,0,0.0,0.0,0.0,0
100.0,0.0,100.0,100.0,0,0,0,0,0.0,0.0,0.0,0
100.0,0.0,100.0,100.0,0,0,0,0,0.0,0.0,0.0,0
100.0,0.0,100.0,100.0,0,0,0,0,0.0,0.0,0.0,0
100.0,0.0,100.0,100.0,0,0,0,0,0.0,0.0,0.0,0
100.0,0.0,100.0,100.0,0,0,0,0,0.0,0.0,0.0,0
100.0,0.0,100.0,100.0,0,0,0,0,0.0,0.0,0.0,0
100.0,0.0,100.0,100.0,0,0,0,0,0.0,0.0,0.0,0
100.0,0.0,100.0,100.0,0,0,0,0,0.0,0.0,0.0,0
100.0,0.0,100.0,100.0,0,0,0,0,0.0,0.0,0.0,0
100.0,0.0,100.0,100.0,0,0,0,0,0.0,0.0,0.0,0
100.0,0.0,100.0,100.0,0,0,0,0,0.0,0.0,0.0,0
100.0,0.0,100.0,100.0,0,0,0,0,0.0,0.0,0.0,0
100.0,0.0,100.0,100.0,0,0,0,0,0.0,0.0,0.0,0
100.0,0.0,100.0,100.0,0,0,0,0,0.0,0.0,0.0,0
100.0,0.0,100.0,100.0,0,0,0,0,0.0,0.0,0.0,0
100.0,0.0,100.0,100.0,0,0,0,0,0.0,0.0,0.0,0
100.0,0.0,100.0,100.0,0,0,0,0,0.0,0.0,0.0,0
100.0,0.0,100.0,100.0,0,0,0,0,0.0,0.0,0.0,0
100.0,0.0,100.0,100.0,0,0,0,0,0.0,0.0,0.0,0
100.0,0.0,100.0,100.0,0,0,0,0,0.0,0.0,0.0,0
100.0,0.0,100.0,100.0,0,0,0,0,0.0,0.0,0.0,0
100.0,0.0,100.0,100.0,0,0,0,0,0.0,0.0,0.0,0
100.0,0.0,100.0,100.0,0,0,0,0,0.0,0.0,0.0,0
100.0,0.0,100.0,100.0,0,0,0,0,0.0,0.0,0.0,0
100.0,0.0,100.0,100.0,0,0,0,0,0.0,0.0,0.0,0
100.0,0.0,100.0,100.0,0,0,0,0,0.0,0.0,0.0,0
100.0,0.0,100.0,100.0,0,0,0,0,0.0,0.0,0.0,0
100.0,0.0,100.0,100.0,0,0,0,0,0.0,0.0,0.0,0
100.0,0.0,100.0,100.0,0,0,0,0,0.0,0.0,0.0,0
100.0,0.0,100.0,100.0,0,0,0,0,0.0,0.0,0.0,0
100.0,0.0,100.0,100.0,0,0,0,0,0.0,0.0,0.0,0
100.0,0.0,100.0,100.0,0,0,0,0,0.0,0.0,0.0,0
100.0,0.0,100.0,100.0,0,0,0,0,0.0,0.0,0.0,0
100.0,0.0,100.0,100.0,0,0,0,0,0.0,0.0,0.0,0
100.0,0.0,100.0,100.0,0,0,0,0,0.0,0.0,0.0,0
100.0,0.0,100.0,100.0,0,0,0,0,0.0,0.0,0.0,0
100.0,0.0,100.0,100.0,0,0,0,0,0.0,0.0,0.0,0
100.0,0.0,100.0,100.0,0,0,0,0,0.0,0.0,0.0,0
100.0,0.0,100.0,100.0,0,0,0,0,0.0,0.0,0.0,0
100.0,0.0,100.0,100.0,0,0,0,0,0.0,0.0,0.0,0
100.0,0.0,100.0,100.0,0,0,0,0,0.0,0.0,0.0,0
100.0,0.0,100.0,100.0,0,0,0,0,0.0,0.0,0.0,0
100.0,0.0,100.0,100.0,0,0,0,0,0.0,0.0,0.0,0
100.0,0.0,100.0,100.0,0,0,0,0,0.0,0.0,0.0,0
100.0,0.0,100.0,100.0,0,0,0,0,0.0,0.0,0.0,0
100.0,0.0,100.0,100.0,0,0,0,0,0.0,0.0,0.0,0
100.0,0.0,100.0,100.0,0,0,0,0,0.0,0.0,0.0,0
100.0,0.0,100.0,100.0,0,0,0,0,0.0,0.0,0.0,0
100.0,0.0,100.0,100.0,0,0,0,0,0.0,0.0,0.0,0
100.0,0.0,100.0,100.0,0,0,0,0,0.0,0.0,0.0,0
100.0,0.0,100.0,100.0,0,0,0,0,0.0,0.0,0.0,0
100.0,0.0,100.0,100.0,0,0,0,0,0.0,0.0,0.0,0
100.0,0.0,100.0,100.0,0,0,0,0,0.0,0.0,0.0,0
100.0,0.0,100.0,100.0,0,0,0,0,0.0,0.0,0.0,0
100.0,0.0,100.0,100.0,0,0,0,0,0.0,0.0,0.0,0
100.0,0.0,100.0,100.0,0,0,0,0,0.0,0.0,0.0,0
100.0,0.0,100.0,100.0,0,0,0,0,0.0,0.0,0.0,0
100.0,0.0,100.0,100.0,0,0,0,0,0.0,0.0,0.0,0
100.0,0.0,100.0,100.0,0,0,0,0,0.0,0.0,0.0,0
100.0,0.0,100.0,100.0,0,0,0,0,0.0,0.0,0.0,0
100.0,0.0,100.0,100.0,0,0,0,0,0.0,0.0,0.0,0
0.0,0.0,0.0,0.0,0,0,0,0,-100.0,0.0,0.0,0
73.75,0.0,98.33,0.0,0,0,0,0,98.33,0.0,0.0,0
97.08,0.0,100.0,88.33,0,0,0,0,1.6700000000000017,0.0,0.0,0
100.0,0.0,100.0,100.0,0,0,0,0,0.0,0.0,0.0,0
100.0,0.0,100.0,100.0,0,0,0,0,0.0,0.0,0.0,0
100.0,0.0,100.0,100.0,0,0,0,0,0.0,0.0,0.0,0
100.0,0.0,100.0,100.0,0,0,0,0,0.0,0.0,0.0,0
100.0,0.0,100.0,100.0,0,0,0,0,0.0,0.0,0.0,0
100.0,0.0,100.0,100.0,0,0,0,0,0.0,0.0,0.0,0
100.0,0.0,100.0,100.0,0,0,0,0,0.0,0.0,0.0,0
100.0,0.0,100.0,100.0,0,0,0,0,0.0,0.0,0.0,0
100.0,0.0,100.0,100.0,0,0,0,0,0.0,0.0,0.0,0
100.0,0.0,100.0,100.0,0,0,0,0,0.0,0.0,0.0,0
100.0,0.0,100.0,100.0,0,0,0,0,0.0,0.0,0.0,0
100.0,0.0,100.0,100.0,0,0,0,0,0.0,0.0,0.0,0
100.0,0.0,100.0,100.0,0,0,0,0,0.0,0.0,0.0,0
100.0,0.0,100.0,100.0,0,0,0,0,0.0,0.0,0.0,0
98.31,0.0,98.31,98.31,0,0,0,0,-1.6899999999999977,0.0,0.0,0
100.0,0.0,100.0,100.0,0,0,0,0,1.6899999999999977,0.0,0.0,0
100.0,0.0,100.0,100.0,0,0,0,0,0.0,0.0,0.0,0
100.0,0.0,100.0,100.0,0,0,0,0,0.0,0.0,0.0,0
100.0,0.0,100.0,100.0,0,0,0,0,0.0,0.0,0.0,0
100.0,0.0,100.0,100.0,0,0,0,0,0.0,0.0,0.0,0
100.0,0.0,100.0,100.0,0,0,0,0,0.0,0.0,0.0,0
100.0,0.0,100.0,100.0,0,0,0,0,0.0,0.0,0.0,0
100.0,0.0,100.0,100.0,0,0,0,0,0.0,0.0,0.0,0
100.0,0.0,100.0,100.0,0,0,0,0,0.0,0.0,0.0,0
100.0,0.0,100.0,100.0,0,0,0,0,0.0,0.0,0.0,0
100.0,0.0,100.0,100.0,0,0,0,0,0.0,0.0,0.0,0
100.0,0.0,100.0,100.0,0,0,0,0,0.0,0.0,0.0,0
100.0,0.0,100.0,100.0,0,0,0,0,0.0,0.0,0.0,0
100.0,0.0,100.0,100.0,0,0,0,0,0.0,0.0,0.0,0
100.0,0.0,100.0,100.0,0,0,0,0,0.0,0.0,0.0,0
100.0,0.0,100.0,100.0,0,0,0,0,0.0,0.0,0.0,0
100.0,0.0,100.0,100.0,0,0,0,0,0.0,0.0,0.0,0
100.0,0.0,100.0,100.0,0,0,0,0,0.0,0.0,0.0,0
100.0,0.0,100.0,100.0,0,0,0,0,0.0,0.0,0.0,0
100.0,0.0,100.0,100.0,0,0,0,0,0.0,0.0,0.0,0
100.0,0.0,100.0,100.0,0,0,0,0,0.0,0.0,0.0,0
100.0,0.0,100.0,100.0,0,0,0,0,0.0,0.0,0.0,0
100.0,0.0,100.0,100.0,0,0,0,0,0.0,0.0,0.0,0
100.0,0.0,100.0,100.0,0,0,0,0,0.0,0.0,0.0,0
100.0,0.0,100.0,100.0,0,0,0,0,0.0,0.0,0.0,0
100.0,0.0,100.0,100.0,0,0,0,0,0.0,0.0,0.0,0
100.0,0.0,100.0,100.0,0,0,0,0,0.0,0.0,0.0,0
100.0,0.0,100.0,100.0,0,0,0,0,0.0,0.0,0.0,0
100.0,0.0,100.0,100.0,0,0,0,0,0.0,0.0,0.0,0
100.0,0.0,100.0,100.0,0,0,0,0,0.0,0.0,0.0,0
100.0,0.0,100.0,100.0,0,0,0,0,0.0,0.0,0.0,0
100.0,0.0,100.0,100.0,0,0,0,0,0.0,0.0,0.0,0
100.0,0.0,100.0,100.0,0,0,0,0,0.0,0.0,0.0,0
100.0,0.0,100.0,100.0,0,0,0,0,0.0,0.0,0.0,0
100.0,0.0,100.0,100.0,0,0,0,0,0.0,0.0,0.0,0
100.0,0.0,100.0,100.0,0,0,0,0,0.0,0.0,0.0,0
100.0,0.0,100.0,100.0,0,0,0,0,0.0,0.0,0.0,0
100.0,0.0,100.0,100.0,0,0,0,0,0.0,0.0,0.0,0
100.0,0.0,100.0,100.0,0,0,0,0,0.0,0.0,0.0,0
100.0,0.0,100.0,100.0,0,0,0,0,0.0,0.0,0.0,0
100.0,0.0,100.0,100.0,0,0,0,0,0.0,0.0,0.0,0
100.0,0.0,100.0,100.0,0,0,0,0,0.0,0.0,0.0,0
100.0,0.0,100.0,100.0,0,0,0,0,0.0,0.0,0.0,0
100.0,0.0,100.0,100.0,0,0,0,0,0.0,0.0,0.0,0
100.0,0.0,100.0,100.0,0,0,0,0,0.0,0.0,0.0,0
100.0,0.0,100.0,100.0,0,0,0,0,0.0,0.0,0.0,0
100.0,0.0,100.0,100.0,0,0,0,0,0.0,0.0,0.0,0
100.0,0.0,100.0,100.0,0,0,0,0,0.0,0.0,0.0,0
100.0,0.0,100.0,100.0,0,0,0,0,0.0,0.0,0.0,0
100.0,0.0,100.0,100.0,0,0,0,0,0.0,0.0,0.0,0
100.0,0.0,100.0,100.0,0,0,0,0,0.0,0.0,0.0,0
100.0,0.0,100.0,100.0,0,0,0,0,0.0,0.0,0.0,0
100.0,0.0,100.0,100.0,0,0,0,0,0.0,0.0,0.0,0
100.0,0.0,100.0,100.0,0,0,0,0,0.0,0.0,0.0,0
100.0,0.0,100.0,100.0,0,0,0,0,0.0,0.0,0.0,0
100.0,0.0,100.0,100.0,0,0,0,0,0.0,0.0,0.0,0
100.0,0.0,100.0,100.0,0,0,0,0,0.0,0.0,0.0,0
100.0,0.0,100.0,100.0,0,0,0,0,0.0,0.0,0.0,0
100.0,0.0,100.0,100.0,0,0,0,0,0.0,0.0,0.0,0
100.0,0.0,100.0,100.0,0,0,0,0,0.0,0.0,0.0,0
100.0,0.0,100.0,100.0,0,0,0,0,0.0,0.0,0.0,0
100.0,0.0,100.0,100.0,0,0,0,0,0.0,0.0,0.0,0
100.0,0.0,100.0,100.0,0,0,0,0,0.0,0.0,0.0,0
100.0,0.0,100.0,100.0,0,0,0,0,0.0,0.0,0.0,0
100.0,0.0,100.0,100.0,0,0,0,0,0.0,0.0,0.0,0
100.0,0.0,100.0,100.0,0,0,0,0,0.0,0.0,0.0,0
100.0,0.0,100.0,100.0,0,0,0,0,0.0,0.0,0.0,0
100.0,0.0,100.0,100.0,0,0,0,0,0.0,0.0,0.0,0
100.0,0.0,100.0,100.0,0,0,0,0,0.0,0.0,0.0,0
100.0,0.0,100.0,100.0,0,0,0,0,0.0,0.0,0.0,0
100.0,0.0,100.0,100.0,0,0,0,0,0.0,0.0,0.0,0
100.0,0.0,100.0,100.0,0,0,0,0,0.0,0.0,0.0,0
100.0,0.0,100.0,100.0,0,0,0,0,0.0,0.0,0.0,0
100.0,0.0,100.0,100.0,0,0,0,0,0.0,0.0,0.0,0
100.0,0.0,100.0,100.0,0,0,0,0,0.0,0.0,0.0,0
100.0,0.0,100.0,100.0,0,0,0,0,0.0,0.0,0.0,0
100.0,0.0,100.0,100.0,0,0,0,0,0.0,0.0,0.0,0
100.0,0.0,100.0,100.0,0,0,0,0,0.0,0.0,0.0,0
100.0,0.0,100.0,100.0,0,0,0,0,0.0,0.0,0.0,0
100.0,0.0,100.0,100.0,0,0,0,0,0.0,0.0,0.0,0
100.0,0.0,100.0,100.0,0,0,0,0,0.0,0.0,0.0,0
100.0,0.0,100.0,100.0,0,0,0,0,0.0,0.0,0.0,0
98.33,0.0,100.0,93.33,0,0,0,0,0.0,0.0,0.0,0
100.0,0.0,100.0,100.0,0,0,0,0,0.0,0.0,0.0,0
100.0,0.0,100.0,100.0,0,0,0,0,0.0,0.0,0.0,0
100.0,0.0,100.0,100.0,0,0,0,0,0.0,0.0,0.0,0
100.0,0.0,100.0,100.0,0,0,0,0,0.0,0.0,0.0,0
83.82,0.0,100.0,35.29,0,0,0,0,0.0,0.0,0.0,0
75.0,0.0,100.0,0.0,0,0,0,0,0.0,0.0,0.0,0
100.0,0.0,100.0,100.0,0,0,0,0,0.0,0.0,0.0,0
100.0,0.0,100.0,100.0,0,0,0,0,0.0,0.0,0.0,0
100.0,0.0,100.0,100.0,0,0,0,0,0.0,0.0,0.0,0
100.0,0.0,100.0,100.0,0,0,0,0,0.0,0.0,0.0,0
100.0,0.0,100.0,100.0,0,0,0,0,0.0,0.0,0.0,0
100.0,0.0,100.0,100.0,0,0,0,0,0.0,0.0,0.0,0
100.0,0.0,100.0,100.0,0,0,0,0,0.0,0.0,0.0,0
100.0,0.0,100.0,100.0,0,0,0,0,0.0,0.0,0.0,0
100.0,0.0,100.0,100.0,0,0,0,0,0.0,0.0,0.0,0
75.0,0.0,100.0,0.0,0,0,0,0,0.0,0.0,0.0,0
75.0,0.0,100.0,0.0,0,0,0,0,0.0,0.0,0.0,0
75.0,0.0,100.0,0.0,0,0,0,0,0.0,0.0,0.0,0
75.0,0.0,100.0,0.0,0,0,0,0,0.0,0.0,0.0,0
75.0,0.0,100.0,0.0,0,0,0,0,0.0,0.0,0.0,0
75.0,0.0,100.0,0.0,0,0,0,0,0.0,0.0,0.0,0
75.0,0.0,100.0,0.0,0,0,0,0,0.0,0.0,0.0,0
68.75,0.0,91.67,0.0,0,0,0,0,-8.329999999999998,0.0,0.0,0
75.0,0.0,100.0,0.0,0,0,0,0,8.329999999999998,0.0,0.0,0
75.0,0.0,100.0,0.0,0,0,0,0,0.0,0.0,0.0,0
100.0,0.0,100.0,100.0,0,0,0,0,0.0,0.0,0.0,0
75.0,0.0,100.0,0.0,0,0,0,0,0.0,0.0,0.0,0
96.67,0.0,100.0,86.67,0,0,0,0,0.0,0.0,0.0,0
100.0,0.0,100.0,100.0,0,0,0,0,0.0,0.0,0.0,0
100.0,0.0,100.0,100.0,0,0,0,0,0.0,0.0,0.0,0
100.0,0.0,100.0,100.0,0,0,0,0,0.0,0.0,0.0,0
100.0,0.0,100.0,100.0,0,0,0,0,0.0,0.0,0.0,0
100.0,0.0,100.0,100.0,0,0,0,0,0.0,0.0,0.0,0
86.67,0.0,100.0,46.67,0,0,0,0,0.0,0.0,0.0,0
75.0,0.0,100.0,0.0,0,0,0,0,0.0,0.0,0.0,0
75.0,0.0,100.0,0.0,0,0,0,0,0.0,0.0,0.0,0
75.0,0.0,100.0,0.0,0,0,0,0,0.0,0.0,0.0,0
75.0,0.0,100.0,0.0,0,0,0,0,0.0,0.0,0.0,0
75.0,0.0,100.0,0.0,0,0,0,0,0.0,0.0,0.0,0
75.0,0.0,100.0,0.0,0,0,0,0,0.0,0.0,0.0,0
75.0,0.0,100.0,0.0,0,0,0,0,0.0,0.0,0.0,0
75.0,0.0,100.0,0.0,0,0,0,0,0.0,0.0,0.0,0
75.0,0.0,100.0,0.0,0,0,0,0,0.0,0.0,0.0,0
75.0,0.0,100.0,0.0,0,0,0,0,0.0,0.0,0.0,0
75.0,0.0,100.0,0.0,0,0,0,0,0.0,0.0,0.0,0
75.0,0.0,100.0,0.0,0,0,0,0,0.0,0.0,0.0,0
75.0,0.0,100.0,0.0,0,0,0,0,0.0,0.0,0.0,0
75.0,0.0,100.0,0.0,0,0,0,0,0.0,0.0,0.0,0
75.0,0.0,100.0,0.0,0,0,0,0,0.0,0.0,0.0,0
75.0,0.0,100.0,0.0,0,0,0,0,0.0,0.0,0.0,0
75.0,0.0,100.0,0.0,0,0,0,0,0.0,0.0,0.0,0
75.0,0.0,100.0,0.0,0,0,0,0,0.0,0.0,0.0,0
75.0,0.0,100.0,0.0,0,0,0,0,0.0,0.0,0.0,0
96.0,0.0,96.0,96.0,0,0,0,0,-4.0,0.0,0.0,0
75.0,0.0,100.0,0.0,0,0,0,0,4.0,0.0,0.0,0
75.0,0.0,100.0,0.0,0,0,0,0,0.0,0.0,0.0,0
75.0,0.0,100.0,0.0,0,0,0,0,0.0,0.0,0.0,0
100.0,0.0,100.0,100.0,0,0,0,0,0.0,0.0,0.0,0
100.0,0.0,100.0,100.0,0,0,0,0,0.0,0.0,0.0,0
100.0,0.0,100.0,100.0,0,0,0,0,0.0,0.0,0.0,0
100.0,0.0,100.0,100.0,0,0,0,0,0.0,0.0,0.0,0
100.0,0.0,100.0,100.0,0,0,0,0,0.0,0.0,0.0,0
100.0,0.0,100.0,100.0,0,0,0,0,0.0,0.0,0.0,0
100.0,0.0,100.0,100.0,0,0,0,0,0.0,0.0,0.0,0
100.0,0.0,100.0,100.0,0,0,0,0,0.0,0.0,0.0,0
100.0,0.0,100.0,100.0,0,0,0,0,0.0,0.0,0.0,0
100.0,0.0,100.0,100.0,0,0,0,0,0.0,0.0,0.0,0
100.0,0.0,100.0,100.0,0,0,0,0,0.0,0.0,0.0,0
100.0,0.0,100.0,100.0,0,0,0,0,0.0,0.0,0.0,0
100.0,0.0,100.0,100.0,0,0,0,0,0.0,0.0,0.0,0
100.0,0.0,100.0,100.0,0,0,0,0,0.0,0.0,0.0,0
100.0,0.0,100.0,100.0,0,0,0,0,0.0,0.0,0.0,0
100.0,0.0,100.0,100.0,0,0,0,0,0.0,0.0,0.0,0
100.0,0.0,100.0,100.0,0,0,0,0,0.0,0.0,0.0,0
100.0,0.0,100.0,100.0,0,0,0,0,0.0,0.0,0.0,0
100.0,0.0,100.0,100.0,0,0,0,0,0.0,0.0,0.0,0
100.0,0.0,100.0,100.0,0,0,0,0,0.0,0.0,0.0,0
100.0,0.0,100.0,100.0,0,0,0,0,0.0,0.0,0.0,0
100.0,0.0,100.0,100.0,0,0,0,0,0.0,0.0,0.0,0
100.0,0.0,100.0,100.0,0,0,0,0,0.0,0.0,0.0,0
100.0,0.0,100.0,100.0,0,0,0,0,0.0,0.0,0.0,0
100.0,0.0,100.0,100.0,0,0,0,0,0.0,0.0,0.0,0
100.0,0.0,100.0,100.0,0,0,0,0,0.0,0.0,0.0,0
100.0,0.0,100.0,100.0,0,0,0,0,0.0,0.0,0.0,0
100.0,0.0,100.0,100.0,0,0,0,0,0.0,0.0,0.0,0
87.92,0.0,100.0,51.67,0,0,0,0,0.0,0.0,0.0,0
75.0,0.0,100.0,0.0,0,0,0,0,0.0,0.0,0.0,0
75.0,0.0,100.0,0.0,0,0,0,0,0.0,0.0,0.0,0
75.0,0.0,100.0,0.0,0,0,0,0,0.0,0.0,0.0,0
75.0,0.0,100.0,0.0,0,0,0,0,0.0,0.0,0.0,0
75.0,0.0,100.0,0.0,0,0,0,0,0.0,0.0,0.0,0
75.0,0.0,100.0,0.0,0,0,0,0,0.0,0.0,0.0,0
75.0,0.0,100.0,0.0,0,0,0,0,0.0,0.0,0.0,0
75.0,0.0,100.0,0.0,0,0,0,0,0.0,0.0,0.0,0
75.0,0.0,100.0,0.0,0,0,0,0,0.0,0.0,0.0,0
84.17,0.0,100.0,36.67,0,0,0,0,0.0,0.0,0.0,0
100.0,0.0,100.0,100.0,0,0,0,0,0.0,0.0,0.0,0
100.0,0.0,100.0,100.0,0,0,0,0,0.0,0.0,0.0,0
100.0,0.0,100.0,100.0,0,0,0,0,0.0,0.0,0.0,0
100.0,0.0,100.0,100.0,0,0,0,0,0.0,0.0,0.0,0
100.0,0.0,100.0,100.0,0,0,0,0,0.0,0.0,0.0,0
100.0,0.0,100.0,100.0,0,0,0,0,0.0,0.0,0.0,0
100.0,0.0,100.0,100.0,0,0,0,0,0.0,0.0,0.0,0
100.0,0.0,100.0,100.0,0,0,0,0,0.0,0.0,0.0,0
100.0,0.0,100.0,100.0,0,0,0,0,0.0,0.0,0.0,0
100.0,0.0,100.0,100.0,0,0,0,0,0.0,0.0,0.0,0
100.0,0.0,100.0,100.0,0,0,0,0,0.0,0.0,0.0,0
100.0,0.0,100.0,100.0,0,0,0,0,0.0,0.0,0.0,0
100.0,0.0,100.0,100.0,0,0,0,0,0.0,0.0,0.0,0
100.0,0.0,100.0,100.0,0,0,0,0,0.0,0.0,0.0,0
100.0,0.0,100.0,100.0,0,0,0,0,0.0,0.0,0.0,0
100.0,0.0,100.0,100.0,0,0,0,0,0.0,0.0,0.0,0
100.0,0.0,100.0,100.0,0,0,0,0,0.0,0.0,0.0,0
100.0,0.0,100.0,100.0,0,0,0,0,0.0,0.0,0.0,0
99.55,0.0,100.0,98.18,0,0,0,0,0.0,0.0,0.0,0
100.0,0.0,100.0,100.0,0,0,0,0,0.0,0.0,0.0,0
100.0,0.0,100.0,100.0,0,0,0,0,0.0,0.0,0.0,0
100.0,0.0,100.0,100.0,0,0,0,0,0.0,0.0,0.0,0
100.0,0.0,100.0,100.0,0,0,0,0,0.0,0.0,0.0,0
100.0,0.0,100.0,100.0,0,0,0,0,0.0,0.0,0.0,0
100.0,0.0,100.0,100.0,0,0,0,0,0.0,0.0,0.0,0
100.0,0.0,100.0,100.0,0,0,0,0,0.0,0.0,0.0,0
100.0,0.0,100.0,100.0,0,0,0,0,0.0,0.0,0.0,0
100.0,0.0,100.0,100.0,0,0,0,0,0.0,0.0,0.0,0
100.0,0.0,100.0,100.0,0,0,0,0,0.0,0.0,0.0,0
100.0,0.0,100.0,100.0,0,0,0,0,0.0,0.0,0.0,0
100.0,0.0,100.0,100.0,0,0,0,0,0.0,0.0,0.0,0
100.0,0.0,100.0,100.0,0,0,0,0,0.0,0.0,0.0,0
100.0,0.0,100.0,100.0,0,0,0,0,0.0,0.0,0.0,0
100.0,0.0,100.0,100.0,0,0,0,0,0.0,0.0,0.0,0
100.0,0.0,100.0,100.0,0,0,0,0,0.0,0.0,0.0,0
100.0,0.0,100.0,100.0,0,0,0,0,0.0,0.0,0.0,0
100.0,0.0,100.0,100.0,0,0,0,0,0.0,0.0,0.0,0
100.0,0.0,100.0,100.0,0,0,0,0,0.0,0.0,0.0,0
100.0,0.0,100.0,100.0,0,0,0,0,0.0,0.0,0.0,0
100.0,0.0,100.0,100.0,0,0,0,0,0.0,0.0,0.0,0
100.0,0.0,100.0,100.0,0,0,0,0,0.0,0.0,0.0,0
100.0,0.0,100.0,100.0,0,0,0,0,0.0,0.0,0.0,0
100.0,0.0,100.0,100.0,0,0,0,0,0.0,0.0,0.0,0
100.0,0.0,100.0,100.0,0,0,0,0,0.0,0.0,0.0,0
100.0,0.0,100.0,100.0,0,0,0,0,0.0,0.0,0.0,0
100.0,0.0,100.0,100.0,0,0,0,0,0.0,0.0,0.0,0
100.0,0.0,100.0,100.0,0,0,0,0,0.0,0.0,0.0,0
100.0,0.0,100.0,100.0,0,0,0,0,0.0,0.0,0.0,0
100.0,0.0,100.0,100.0,0,0,0,0,0.0,0.0,0.0,0
100.0,0.0,100.0,100.0,0,0,0,0,0.0,0.0,0.0,0
100.0,0.0,100.0,100.0,0,0,0,0,0.0,0.0,0.0,0
100.0,0.0,100.0,100.0,0,0,0,0,0.0,0.0,0.0,0
100.0,0.0,100.0,100.0,0,0,0,0,0.0,0.0,0.0,0
100.0,0.0,100.0,100.0,0,0,0,0,0.0,0.0,0.0,0
100.0,0.0,100.0,100.0,0,0,0,0,0.0,0.0,0.0,0
100.0,0.0,100.0,100.0,0,0,0,0,0.0,0.0,0.0,0
100.0,0.0,100.0,100.0,0,0,0,0,0.0,0.0,0.0,0
100.0,0.0,100.0,100.0,0,0,0,0,0.0,0.0,0.0,0
100.0,0.0,100.0,100.0,0,0,0,0,0.0,0.0,0.0,0
100.0,0.0,100.0,100.0,0,0,0,0,0.0,0.0,0.0,0
100.0,0.0,100.0,100.0,0,0,0,0,0.0,0.0,0.0,0
100.0,0.0,100.0,100.0,0,0,0,0,0.0,0.0,0.0,0
100.0,0.0,100.0,100.0,0,0,0,0,0.0,0.0,0.0,0
100.0,0.0,100.0,100.0,0,0,0,0,0.0,0.0,0.0,0
100.0,0.0,100.0,100.0,0,0,0,0,0.0,0.0,0.0,0
100.0,0.0,100.0,100.0,0,0,0,0,0.0,0.0,0.0,0
100.0,0.0,100.0,100.0,0,0,0,0,0.0,0.0,0.0,0
100.0,0.0,100.0,100.0,0,0,0,0,0.0,0.0,0.0,0
100.0,0.0,100.0,100.0,0,0,0,0,0.0,0.0,0.0,0
100.0,0.0,100.0,100.0,0,0,0,0,0.0,0.0,0.0,0
86.67,0.0,100.0,46.67,0,0,0,0,0.0,0.0,0.0,0
75.0,0.0,100.0,0.0,0,0,0,0,0.0,0.0,0.0,0
100.0,0.0,100.0,100.0,0,0,0,0,0.0,0.0,0.0,0
100.0,0.0,100.0,100.0,0,0,0,0,0.0,0.0,0.0,0
100.0,0.0,100.0,100.0,0,0,0,0,0.0,0.0,0.0,0
100.0,0.0,100.0,100.0,0,0,0,0,0.0,0.0,0.0,0
100.0,0.0,100.0,100.0,0,0,0,0,0.0,0.0,0.0,0
100.0,0.0,100.0,100.0,0,0,0,0,0.0,0.0,0.0,0
100.0,0.0,100.0,100.0,0,0,0,0,0.0,0.0,0.0,0
100.0,0.0,100.0,100.0,0,0,0,0,0.0,0.0,0.0,0
100.0,0.0,100.0,100.0,0,0,0,0,0.0,0.0,0.0,0
100.0,0.0,100.0,100.0,0,0,0,0,0.0,0.0,0.0,0
100.0,0.0,100.0,100.0,0,0,0,0,0.0,0.0,0.0,0
100.0,0.0,100.0,100.0,0,0,0,0,0.0,0.0,0.0,0
100.0,0.0,100.0,100.0,0,0,0,0,0.0,0.0,0.0,0
100.0,0.0,100.0,100.0,0,0,0,0,0.0,0.0,0.0,0
100.0,0.0,100.0,100.0,0,0,0,0,0.0,0.0,0.0,0
100.0,0.0,100.0,100.0,0,0,0,0,0.0,0.0,0.0,0
100.0,0.0,100.0,100.0,0,0,0,0,0.0,0.0,0.0,0
100.0,0.0,100.0,100.0,0,0,0,0,0.0,0.0,0.0,0
100.0,0.0,100.0,100.0,0,0,0,0,0.0,0.0,0.0,0
100.0,0.0,100.0,100.0,0,0,0,0,0.0,0.0,0.0,0
100.0,0.0,100.0,100.0,0,0,0,0,0.0,0.0,0.0,0
100.0,0.0,100.0,100.0,0,0,0,0,0.0,0.0,0.0,0
100.0,0.0,100.0,100.0,0,0,0,0,0.0,0.0,0.0,0
100.0,0.0,100.0,100.0,0,0,0,0,0.0,0.0,0.0,0
100.0,0.0,100.0,100.0,0,0,0,0,0.0,0.0,0.0,0
100.0,0.0,100.0,100.0,0,0,0,0,0.0,0.0,0.0,0
100.0,0.0,100.0,100.0,0,0,0,0,0.0,0.0,0.0,0
100.0,0.0,100.0,100.0,0,0,0,0,0.0,0.0,0.0,0
100.0,0.0,100.0,100.0,0,0,0,0,0.0,0.0,0.0,0
100.0,0.0,100.0,100.0,0,0,0,0,0.0,0.0,0.0,0
100.0,0.0,100.0,100.0,0,0,0,0,0.0,0.0,0.0,0
100.0,0.0,100.0,100.0,0,0,0,0,0.0,0.0,0.0,0
100.0,0.0,100.0,100.0,0,0,0,0,0.0,0.0,0.0,0
100.0,0.0,100.0,100.0,0,0,0,0,0.0,0.0,0.0,0
100.0,0.0,100.0,100.0,0,0,0,0,0.0,0.0,0.0,0
100.0,0.0,100.0,100.0,0,0,0,0,0.0,0.0,0.0,0
100.0,0.0,100.0,100.0,0,0,0,0,0.0,0.0,0.0,0
71.05,0.0,94.74,0.0,0,0,0,0,-5.260000000000005,0.0,0.0,0
75.0,0.0,100.0,0.0,0,0,0,0,5.260000000000005,0.0,0.0,0
75.0,0.0,100.0,0.0,0,0,0,0,0.0,0.0,0.0,0
81.25,0.0,100.0,25.0,0,0,0,0,0.0,0.0,0.0,0
100.0,0.0,100.0,100.0,0,0,0,0,0.0,0.0,0.0,0
100.0,0.0,100.0,100.0,0,0,0,0,0.0,0.0,0.0,0
99.53,0.0,100.0,98.11,0,0,0,0,0.0,0.0,0.0,0
100.0,0.0,100.0,100.0,0,0,0,0,0.0,0.0,0.0,0
100.0,0.0,100.0,100.0,0,0,0,0,0.0,0.0,0.0,0
100.0,0.0,100.0,100.0,0,0,0,0,0.0,0.0,0.0,0
100.0,0.0,100.0,100.0,0,0,0,0,0.0,0.0,0.0,0
100.0,0.0,100.0,100.0,0,0,0,0,0.0,0.0,0.0,0
100.0,0.0,100.0,100.0,0,0,0,0,0.0,0.0,0.0,0
97.92,0.0,100.0,91.67,0,0,0,0,0.0,0.0,0.0,0
100.0,0.0,100.0,100.0,0,0,0,0,0.0,0.0,0.0,0
100.0,0.0,100.0,100.0,0,0,0,0,0.0,0.0,0.0,0
100.0,0.0,100.0,100.0,0,0,0,0,0.0,0.0,0.0,0
100.0,0.0,100.0,100.0,0,0,0,0,0.0,0.0,0.0,0
100.0,0.0,100.0,100.0,0,0,0,0,0.0,0.0,0.0,0
100.0,0.0,100.0,100.0,0,0,0,0,0.0,0.0,0.0,0
100.0,0.0,100.0,100.0,0,0,0,0,0.0,0.0,0.0,0
100.0,0.0,100.0,100.0,0,0,0,0,0.0,0.0,0.0,0
100.0,0.0,100.0,100.0,0,0,0,0,0.0,0.0,0.0,0
100.0,0.0,100.0,100.0,0,0,0,0,0.0,0.0,0.0,0
100.0,0.0,100.0,100.0,0,0,0,0,0.0,0.0,0.0,0
100.0,0.0,100.0,100.0,0,0,0,0,0.0,0.0,0.0,0
100.0,0.0,100.0,100.0,0,0,0,0,0.0,0.0,0.0,0
100.0,0.0,100.0,100.0,0,0,0,0,0.0,0.0,0.0,0
100.0,0.0,100.0,100.0,0,0,0,0,0.0,0.0,0.0,0
100.0,0.0,100.0,100.0,0,0,0,0,0.0,0.0,0.0,0
100.0,0.0,100.0,100.0,0,0,0,0,0.0,0.0,0.0,0
100.0,0.0,100.0,100.0,0,0,0,0,0.0,0.0,0.0,0
100.0,0.0,100.0,100.0,0,0,0,0,0.0,0.0,0.0,0
100.0,0.0,100.0,100.0,0,0,0,0,0.0,0.0,0.0,0
99.58,0.0,100.0,98.33,0,0,0,0,0.0,0.0,0.0,0
100.0,0.0,100.0,100.0,0,0,0,0,0.0,0.0,0.0,0
100.0,0.0,100.0,100.0,0,0,0,0,0.0,0.0,0.0,0
100.0,0.0,100.0,100.0,0,0,0,0,0.0,0.0,0.0,0
100.0,0.0,100.0,100.0,0,0,0,0,0.0,0.0,0.0,0
100.0,0.0,100.0,100.0,0,0,0,0,0.0,0.0,0.0,0
100.0,0.0,100.0,100.0,0,0,0,0,0.0,0.0,0.0,0
100.0,0.0,100.0,100.0,0,0,0,0,0.0,0.0,0.0,0
100.0,0.0,100.0,100.0,0,0,0,0,0.0,0.0,0.0,0
100.0,0.0,100.0,100.0,0,0,0,0,0.0,0.0,0.0,0
100.0,0.0,100.0,100.0,0,0,0,0,0.0,0.0,0.0,0
100.0,0.0,100.0,100.0,0,0,0,0,0.0,0.0,0.0,0
100.0,0.0,100.0,100.0,0,0,0,0,0.0,0.0,0.0,0
100.0,0.0,100.0,100.0,0,0,0,0,0.0,0.0,0.0,0
100.0,0.0,100.0,100.0,0,0,0,0,0.0,0.0,0.0,0
100.0,0.0,100.0,100.0,0,0,0,0,0.0,0.0,0.0,0
100.0,0.0,100.0,100.0,0,0,0,0,0.0,0.0,0.0,0
100.0,0.0,100.0,100.0,0,0,0,0,0.0,0.0,0.0,0
100.0,0.0,100.0,100.0,0,0,0,0,0.0,0.0,0.0,0
100.0,0.0,100.0,100.0,0,0,0,0,0.0,0.0,0.0,0
100.0,0.0,100.0,100.0,0,0,0,0,0.0,0.0,0.0,0
100.0,0.0,100.0,100.0,0,0,0,0,0.0,0.0,0.0,0
100.0,0.0,100.0,100.0,0,0,0,0,0.0,0.0,0.0,0
100.0,0.0,100.0,100.0,0,0,0,0,0.0,0.0,0.0,0
100.0,0.0,100.0,100.0,0,0,0,0,0.0,0.0,0.0,0
100.0,0.0,100.0,100.0,0,0,0,0,0.0,0.0,0.0,0
100.0,0.0,100.0,100.0,0,0,0,0,0.0,0.0,0.0,0
100.0,0.0,100.0,100.0,0,0,0,0,0.0,0.0,0.0,0
100.0,0.0,100.0,100.0,0,0,0,0,0.0,0.0,0.0,0
100.0,0.0,100.0,100.0,0,0,0,0,0.0,0.0,0.0,0
100.0,0.0,100.0,100.0,0,0,0,0,0.0,0.0,0.0,0
100.0,0.0,100.0,100.0,0,0,0,0,0.0,0.0,0.0,0
100.0,0.0,100.0,100.0,0,0,0,0,0.0,0.0,0.0,0
100.0,0.0,100.0,100.0,0,0,0,0,0.0,0.0,0.0,0
100.0,0.0,100.0,100.0,0,0,0,0,0.0,0.0,0.0,0
100.0,0.0,100.0,100.0,0,0,0,0,0.0,0.0,0.0,0
100.0,0.0,100.0,100.0,0,0,0,0,0.0,0.0,0.0,0
100.0,0.0,100.0,100.0,0,0,0,0,0.0,0.0,0.0,0
100.0,0.0,100.0,100.0,0,0,0,0,0.0,0.0,0.0,0
100.0,0.0,100.0,100.0,0,0,0,0,0.0,0.0,0.0,0
100.0,0.0,100.0,100.0,0,0,0,0,0.0,0.0,0.0,0
93.33,0.0,93.33,93.33,0,0,0,0,-6.670000000000002,0.0,0.0,0
100.0,0.0,100.0,100.0,0,0,0,0,6.670000000000002,0.0,0.0,0
100.0,0.0,100.0,100.0,0,0,0,0,0.0,0.0,0.0,0
100.0,0.0,100.0,100.0,0,0,0,0,0.0,0.0,0.0,0
100.0,0.0,100.0,100.0,0,0,0,0,0.0,0.0,0.0,0
100.0,0.0,100.0,100.0,0,0,0,0,0.0,0.0,0.0,0
100.0,0.0,100.0,100.0,0,0,0,0,0.0,0.0,0.0,0
100.0,0.0,100.0,100.0,0,0,0,0,0.0,0.0,0.0,0
100.0,0.0,100.0,100.0,0,0,0,0,0.0,0.0,0.0,0
100.0,0.0,100.0,100.0,0,0,0,0,0.0,0.0,0.0,0
100.0,0.0,100.0,100.0,0,0,0,0,0.0,0.0,0.0,0
100.0,0.0,100.0,100.0,0,0,0,0,0.0,0.0,0.0,0
100.0,0.0,100.0,100.0,0,0,0,0,0.0,0.0,0.0,0
100.0,0.0,100.0,100.0,0,0,0,0,0.0,0.0,0.0,0
100.0,0.0,100.0,100.0,0,0,0,0,0.0,0.0,0.0,0
100.0,0.0,100.0,100.0,0,0,0,0,0.0,0.0,0.0,0
100.0,0.0,100.0,100.0,0,0,0,0,0.0,0.0,0.0,0
100.0,0.0,100.0,100.0,0,0,0,0,0.0,0.0,0.0,0
100.0,0.0,100.0,100.0,0,0,0,0,0.0,0.0,0.0,0
100.0,0.0,100.0,100.0,0,0,0,0,0.0,0.0,0.0,0
100.0,0.0,100.0,100.0,0,0,0,0,0.0,0.0,0.0,0
100.0,0.0,100.0,100.0,0,0,0,0,0.0,0.0,0.0,0
100.0,0.0,100.0,100.0,0,0,0,0,0.0,0.0,0.0,0
100.0,0.0,100.0,100.0,0,0,0,0,0.0,0.0,0.0,0
100.0,0.0,100.0,100.0,0,0,0,0,0.0,0.0,0.0,0
100.0,0.0,100.0,100.0,0,0,0,0,0.0,0.0,0.0,0
100.0,0.0,100.0,100.0,0,0,0,0,0.0,0.0,0.0,0
100.0,0.0,100.0,100.0,0,0,0,0,0.0,0.0,0.0,0
100.0,0.0,100.0,100.0,0,0,0,0,0.0,0.0,0.0,0
100.0,0.0,100.0,100.0,0,0,0,0,0.0,0.0,0.0,0
100.0,0.0,100.0,100.0,0,0,0,0,0.0,0.0,0.0,0
100.0,0.0,100.0,100.0,0,0,0,0,0.0,0.0,0.0,0
100.0,0.0,100.0,100.0,0,0,0,0,0.0,0.0,0.0,0
100.0,0.0,100.0,100.0,0,0,0,0,0.0,0.0,0.0,0
100.0,0.0,100.0,100.0,0,0,0,0,0.0,0.0,0.0,0
100.0,0.0,100.0,100.0,0,0,0,0,0.0,0.0,0.0,0
100.0,0.0,100.0,100.0,0,0,0,0,0.0,0.0,0.0,0
100.0,0.0,100.0,100.0,0,0,0,0,0.0,0.0,0.0,0
100.0,0.0,100.0,100.0,0,0,0,0,0.0,0.0,0.0,0
100.0,0.0,100.0,100.0,0,0,0,0,0.0,0.0,0.0,0
100.0,0.0,100.0,100.0,0,0,0,0,0.0,0.0,0.0,0
100.0,0.0,100.0,100.0,0,0,0,0,0.0,0.0,0.0,0
100.0,0.0,100.0,100.0,0,0,0,0,0.0,0.0,0.0,0
100.0,0.0,100.0,100.0,0,0,0,0,0.0,0.0,0.0,0
100.0,0.0,100.0,100.0,0,0,0,0,0.0,0.0,0.0,0
100.0,0.0,100.0,100.0,0,0,0,0,0.0,0.0,0.0,0
89.17,0.0,100.0,56.67,0,0,0,0,0.0,0.0,0.0,0
100.0,0.0,100.0,100.0,0,0,0,0,0.0,0.0,0.0,0
100.0,0.0,100.0,100.0,0,0,0,0,0.0,0.0,0.0,0
100.0,0.0,100.0,100.0,0,0,0,0,0.0,0.0,0.0,0
100.0,0.0,100.0,100.0,0,0,0,0,0.0,0.0,0.0,0
100.0,0.0,100.0,100.0,0,0,0,0,0.0,0.0,0.0,0
100.0,0.0,100.0,100.0,0,0,0,0,0.0,0.0,0.0,0
100.0,0.0,100.0,100.0,0,0,0,0,0.0,0.0,0.0,0
100.0,0.0,100.0,100.0,0,0,0,0,0.0,0.0,0.0,0
100.0,0.0,100.0,100.0,0,0,0,0,0.0,0.0,0.0,0
100.0,0.0,100.0,100.0,0,0,0,0,0.0,0.0,0.0,0
100.0,0.0,100.0,100.0,0,0,0,0,0.0,0.0,0.0,0
100.0,0.0,100.0,100.0,0,0,0,0,0.0,0.0,0.0,0
100.0,0.0,100.0,100.0,0,0,0,0,0.0,0.0,0.0,0
100.0,0.0,100.0,100.0,0,0,0,0,0.0,0.0,0.0,0
100.0,0.0,100.0,100.0,0,0,0,0,0.0,0.0,0.0,0
100.0,0.0,100.0,100.0,0,0,0,0,0.0,0.0,0.0,0
100.0,0.0,100.0,100.0,0,0,0,0,0.0,0.0,0.0,0
100.0,0.0,100.0,100.0,0,0,0,0,0.0,0.0,0.0,0
100.0,0.0,100.0,100.0,0,0,0,0,0.0,0.0,0.0,0
100.0,0.0,100.0,100.0,0,0,0,0,0.0,0.0,0.0,0
100.0,0.0,100.0,100.0,0,0,0,0,0.0,0.0,0.0,0
100.0,0.0,100.0,100.0,0,0,0,0,0.0,0.0,0.0,0
100.0,0.0,100.0,100.0,0,0,0,0,0.0,0.0,0.0,0
100.0,0.0,100.0,100.0,0,0,0,0,0.0,0.0,0.0,0
100.0,0.0,100.0,100.0,0,0,0,0,0.0,0.0,0.0,0
100.0,0.0,100.0,100.0,0,0,0,0,0.0,0.0,0.0,0
100.0,0.0,100.0,100.0,0,0,0,0,0.0,0.0,0.0,0
100.0,0.0,100.0,100.0,0,0,0,0,0.0,0.0,0.0,0
100.0,0.0,100.0,100.0,0,0,0,0,0.0,0.0,0.0,0
100.0,0.0,100.0,100.0,0,0,0,0,0.0,0.0,0.0,0
100.0,0.0,100.0,100.0,0,0,0,0,0.0,0.0,0.0,0
100.0,0.0,100.0,100.0,0,0,0,0,0.0,0.0,0.0,0
100.0,0.0,100.0,100.0,0,0,0,0,0.0,0.0,0.0,0
100.0,0.0,100.0,100.0,0,0,0,0,0.0,0.0,0.0,0
100.0,0.0,100.0,100.0,0,0,0,0,0.0,0.0,0.0,0
75.0,0.0,100.0,0.0,0,0,0,0,0.0,0.0,0.0,0
90.0,0.0,100.0,60.0,0,0,0,0,0.0,0.0,0.0,0
100.0,0.0,100.0,100.0,0,0,0,0,0.0,0.0,0.0,0
100.0,0.0,100.0,100.0,0,0,0,0,0.0,0.0,0.0,0
100.0,0.0,100.0,100.0,0,0,0,0,0.0,0.0,0.0,0
100.0,0.0,100.0,100.0,0,0,0,0,0.0,0.0,0.0,0
100.0,0.0,100.0,100.0,0,0,0,0,0.0,0.0,0.0,0
100.0,0.0,100.0,100.0,0,0,0,0,0.0,0.0,0.0,0
100.0,0.0,100.0,100.0,0,0,0,0,0.0,0.0,0.0,0
100.0,0.0,100.0,100.0,0,0,0,0,0.0,0.0,0.0,0
100.0,0.0,100.0,100.0,0,0,0,0,0.0,0.0,0.0,0
100.0,0.0,100.0,100.0,0,0,0,0,0.0,0.0,0.0,0
100.0,0.0,100.0,100.0,0,0,0,0,0.0,0.0,0.0,0
100.0,0.0,100.0,100.0,0,0,0,0,0.0,0.0,0.0,0
100.0,0.0,100.0,100.0,0,0,0,0,0.0,0.0,0.0,0
100.0,0.0,100.0,100.0,0,0,0,0,0.0,0.0,0.0,0
100.0,0.0,100.0,100.0,0,0,0,0,0.0,0.0,0.0,0
100.0,0.0,100.0,100.0,0,0,0,0,0.0,0.0,0.0,0
100.0,0.0,100.0,100.0,0,0,0,0,0.0,0.0,0.0,0
100.0,0.0,100.0,100.0,0,0,0,0,0.0,0.0,0.0,0
100.0,0.0,100.0,100.0,0,0,0,0,0.0,0.0,0.0,0
100.0,0.0,100.0,100.0,0,0,0,0,0.0,0.0,0.0,0
100.0,0.0,100.0,100.0,0,0,0,0,0.0,0.0,0.0,0
100.0,0.0,100.0,100.0,0,0,0,0,0.0,0.0,0.0,0
100.0,0.0,100.0,100.0,0,0,0,0,0.0,0.0,0.0,0
100.0,0.0,100.0,100.0,0,0,0,0,0.0,0.0,0.0,0
100.0,0.0,100.0,100.0,0,0,0,0,0.0,0.0,0.0,0
100.0,0.0,100.0,100.0,0,0,0,0,0.0,0.0,0.0,0
100.0,0.0,100.0,100.0,0,0,0,0,0.0,0.0,0.0,0
100.0,0.0,100.0,100.0,0,0,0,0,0.0,0.0,0.0,0
100.0,0.0,100.0,100.0,0,0,0,0,0.0,0.0,0.0,0
100.0,0.0,100.0,100.0,0,0,0,0,0.0,0.0,0.0,0
100.0,0.0,100.0,100.0,0,0,0,0,0.0,0.0,0.0,0
100.0,0.0,100.0,100.0,0,0,0,0,0.0,0.0,0.0,0
100.0,0.0,100.0,100.0,0,0,0,0,0.0,0.0,0.0,0
100.0,0.0,100.0,100.0,0,0,0,0,0.0,0.0,0.0,0
100.0,0.0,100.0,100.0,0,0,0,0,0.0,0.0,0.0,0
100.0,0.0,100.0,100.0,0,0,0,0,0.0,0.0,0.0,0
100.0,0.0,100.0,100.0,0,0,0,0,0.0,0.0,0.0,0
100.0,0.0,100.0,100.0,0,0,0,0,0.0,0.0,0.0,0
100.0,0.0,100.0,100.0,0,0,0,0,0.0,0.0,0.0,0
100.0,0.0,100.0,100.0,0,0,0,0,0.0,0.0,0.0,0
100.0,0.0,100.0,100.0,0,0,0,0,0.0,0.0,0.0,0
100.0,0.0,100.0,100.0,0,0,0,0,0.0,0.0,0.0,0
100.0,0.0,100.0,100.0,0,0,0,0,0.0,0.0,0.0,0
100.0,0.0,100.0,100.0,0,0,0,0,0.0,0.0,0.0,0
100.0,0.0,100.0,100.0,0,0,0,0,0.0,0.0,0.0,0
100.0,0.0,100.0,100.0,0,0,0,0,0.0,0.0,0.0,0
100.0,0.0,100.0,100.0,0,0,0,0,0.0,0.0,0.0,0
100.0,0.0,100.0,100.0,0,0,0,0,0.0,0.0,0.0,0
100.0,0.0,100.0,100.0,0,0,0,0,0.0,0.0,0.0,0
100.0,0.0,100.0,100.0,0,0,0,0,0.0,0.0,0.0,0
100.0,0.0,100.0,100.0,0,0,0,0,0.0,0.0,0.0,0
100.0,0.0,100.0,100.0,0,0,0,0,0.0,0.0,0.0,0
100.0,0.0,100.0,100.0,0,0,0,0,0.0,0.0,0.0,0
100.0,0.0,100.0,100.0,0,0,0,0,0.0,0.0,0.0,0
100.0,0.0,100.0,100.0,0,0,0,0,0.0,0.0,0.0,0
100.0,0.0,100.0,100.0,0,0,0,0,0.0,0.0,0.0,0
100.0,0.0,100.0,100.0,0,0,0,0,0.0,0.0,0.0,0
100.0,0.0,100.0,100.0,0,0,0,0,0.0,0.0,0.0,0
100.0,0.0,100.0,100.0,0,0,0,0,0.0,0.0,0.0,0
100.0,0.0,100.0,100.0,0,0,0,0,0.0,0.0,0.0,0
100.0,0.0,100.0,100.0,0,0,0,0,0.0,0.0,0.0,0
100.0,0.0,100.0,100.0,0,0,0,0,0.0,0.0,0.0,0
100.0,0.0,100.0,100.0,0,0,0,0,0.0,0.0,0.0,0
100.0,0.0,100.0,100.0,0,0,0,0,0.0,0.0,0.0,0
100.0,0.0,100.0,100.0,0,0,0,0,0.0,0.0,0.0,0
100.0,0.0,100.0,100.0,0,0,0,0,0.0,0.0,0.0,0
100.0,0.0,100.0,100.0,0,0,0,0,0.0,0.0,0.0,0
100.0,0.0,100.0,100.0,0,0,0,0,0.0,0.0,0.0,0
100.0,0.0,100.0,100.0,0,0,0,0,0.0,0.0,0.0,0
100.0,0.0,100.0,100.0,0,0,0,0,0.0,0.0,0.0,0
100.0,0.0,100.0,100.0,0,0,0,0,0.0,0.0,0.0,0
100.0,0.0,100.0,100.0,0,0,0,0,0.0,0.0,0.0,0
100.0,0.0,100.0,100.0,0,0,0,0,0.0,0.0,0.0,0
100.0,0.0,100.0,100.0,0,0,0,0,0.0,0.0,0.0,0
100.0,0.0,100.0,100.0,0,0,0,0,0.0,0.0,0.0,0
100.0,0.0,100.0,100.0,0,0,0,0,0.0,0.0,0.0,0
100.0,0.0,100.0,100.0,0,0,0,0,0.0,0.0,0.0,0
100.0,0.0,100.0,100.0,0,0,0,0,0.0,0.0,0.0,0
100.0,0.0,100.0,100.0,0,0,0,0,0.0,0.0,0.0,0
100.0,0.0,100.0,100.0,0,0,0,0,0.0,0.0,0.0,0
100.0,0.0,100.0,100.0,0,0,0,0,0.0,0.0,0.0,0
100.0,0.0,100.0,100.0,0,0,0,0,0.0,0.0,0.0,0
100.0,0.0,100.0,100.0,0,0,0,0,0.0,0.0,0.0,0
100.0,0.0,100.0,100.0,0,0,0,0,0.0,0.0,0.0,0
100.0,0.0,100.0,100.0,0,0,0,0,0.0,0.0,0.0,0
100.0,0.0,100.0,100.0,0,0,0,0,0.0,0.0,0.0,0
100.0,0.0,100.0,100.0,0,0,0,0,0.0,0.0,0.0,0
100.0,0.0,100.0,100.0,0,0,0,0,0.0,0.0,0.0,0
100.0,0.0,100.0,100.0,0,0,0,0,0.0,0.0,0.0,0
100.0,0.0,100.0,100.0,0,0,0,0,0.0,0.0,0.0,0
100.0,0.0,100.0,100.0,0,0,0,0,0.0,0.0,0.0,0
100.0,0.0,100.0,100.0,0,0,0,0,0.0,0.0,0.0,0
100.0,0.0,100.0,100.0,0,0,0,0,0.0,0.0,0.0,0
100.0,0.0,100.0,100.0,0,0,0,0,0.0,0.0,0.0,0
100.0,0.0,100.0,100.0,0,0,0,0,0.0,0.0,0.0,0
100.0,0.0,100.0,100.0,0,0,0,0,0.0,0.0,0.0,0
100.0,0.0,100.0,100.0,0,0,0,0,0.0,0.0,0.0,0
100.0,0.0,100.0,100.0,0,0,0,0,0.0,0.0,0.0,0
100.0,0.0,100.0,100.0,0,0,0,0,0.0,0.0,0.0,0
100.0,0.0,100.0,100.0,0,0,0,0,0.0,0.0,0.0,0
100.0,0.0,100.0,100.0,0,0,0,0,0.0,0.0,0.0,0
100.0,0.0,100.0,100.0,0,0,0,0,0.0,0.0,0.0,0
100.0,0.0,100.0,100.0,0,0,0,0,0.0,0.0,0.0,0
100.0,0.0,100.0,100.0,0,0,0,0,0.0,0.0,0.0,0
100.0,0.0,100.0,100.0,0,0,0,0,0.0,0.0,0.0,0
100.0,0.0,100.0,100.0,0,0,0,0,0.0,0.0,0.0,0
100.0,0.0,100.0,100.0,0,0,0,0,0.0,0.0,0.0,0
100.0,0.0,100.0,100.0,0,0,0,0,0.0,0.0,0.0,0
100.0,0.0,100.0,100.0,0,0,0,0,0.0,0.0,0.0,0
100.0,0.0,100.0,100.0,0,0,0,0,0.0,0.0,0.0,0
75.0,0.0,100.0,0.0,0,0,0,0,0.0,0.0,0.0,0
75.42,0.0,100.0,1.67,0,0,0,0,0.0,0.0,0.0,0
75.0,0.0,100.0,0.0,0,0,0,0,0.0,0.0,0.0,0
75.0,0.0,100.0,0.0,0,0,0,0,0.0,0.0,0.0,0
75.0,0.0,100.0,0.0,0,0,0,0,0.0,0.0,0.0,0
75.0,0.0,100.0,0.0,0,0,0,0,0.0,0.0,0.0,0
75.0,0.0,100.0,0.0,0,0,0,0,0.0,0.0,0.0,0
88.75,0.0,100.0,55.0,0,0,0,0,0.0,0.0,0.0,0
86.31,0.0,100.0,45.24,0,0,0,0,0.0,0.0,0.0,0
75.0,0.0,100.0,0.0,0,0,0,0,0.0,0.0,0.0,0
75.0,0.0,100.0,0.0,0,0,0,0,0.0,0.0,0.0,0
75.0,0.0,100.0,0.0,0,0,0,0,0.0,0.0,0.0,0
100.0,0.0,100.0,100.0,0,0,0,0,0.0,0.0,0.0,0
100.0,0.0,100.0,100.0,0,0,0,0,0.0,0.0,0.0,0
100.0,0.0,100.0,100.0,0,0,0,0,0.0,0.0,0.0,0
100.0,0.0,100.0,100.0,0,0,0,0,0.0,0.0,0.0,0
100.0,0.0,100.0,100.0,0,0,0,0,0.0,0.0,0.0,0
100.0,0.0,100.0,100.0,0,0,0,0,0.0,0.0,0.0,0
100.0,0.0,100.0,100.0,0,0,0,0,0.0,0.0,0.0,0
100.0,0.0,100.0,100.0,0,0,0,0,0.0,0.0,0.0,0
100.0,0.0,100.0,100.0,0,0,0,0,0.0,0.0,0.0,0
100.0,0.0,100.0,100.0,0,0,0,0,0.0,0.0,0.0,0
100.0,0.0,100.0,100.0,0,0,0,0,0.0,0.0,0.0,0
100.0,0.0,100.0,100.0,0,0,0,0,0.0,0.0,0.0,0
100.0,0.0,100.0,100.0,0,0,0,0,0.0,0.0,0.0,0
100.0,0.0,100.0,100.0,0,0,0,0,0.0,0.0,0.0,0
100.0,0.0,100.0,100.0,0,0,0,0,0.0,0.0,0.0,0
100.0,0.0,100.0,100.0,0,0,0,0,0.0,0.0,0.0,0
100.0,0.0,100.0,100.0,0,0,0,0,0.0,0.0,0.0,0
100.0,0.0,100.0,100.0,0,0,0,0,0.0,0.0,0.0,0
100.0,0.0,100.0,100.0,0,0,0,0,0.0,0.0,0.0,0
100.0,0.0,100.0,100.0,0,0,0,0,0.0,0.0,0.0,0
100.0,0.0,100.0,100.0,0,0,0,0,0.0,0.0,0.0,0
100.0,0.0,100.0,100.0,0,0,0,0,0.0,0.0,0.0,0
100.0,0.0,100.0,100.0,0,0,0,0,0.0,0.0,0.0,0
100.0,0.0,100.0,100.0,0,0,0,0,0.0,0.0,0.0,0
100.0,0.0,100.0,100.0,0,0,0,0,0.0,0.0,0.0,0
100.0,0.0,100.0,100.0,0,0,0,0,0.0,0.0,0.0,0
100.0,0.0,100.0,100.0,0,0,0,0,0.0,0.0,0.0,0
100.0,0.0,100.0,100.0,0,0,0,0,0.0,0.0,0.0,0
100.0,0.0,100.0,100.0,0,0,0,0,0.0,0.0,0.0,0
100.0,0.0,100.0,100.0,0,0,0,0,0.0,0.0,0.0,0
100.0,0.0,100.0,100.0,0,0,0,0,0.0,0.0,0.0,0
100.0,0.0,100.0,100.0,0,0,0,0,0.0,0.0,0.0,0
100.0,0.0,100.0,100.0,0,0,0,0,0.0,0.0,0.0,0
100.0,0.0,100.0,100.0,0,0,0,0,0.0,0.0,0.0,0
100.0,0.0,100.0,100.0,0,0,0,0,0.0,0.0,0.0,0
100.0,0.0,100.0,100.0,0,0,0,0,0.0,0.0,0.0,0
100.0,0.0,100.0,100.0,0,0,0,0,0.0,0.0,0.0,0
100.0,0.0,100.0,100.0,0,0,0,0,0.0,0.0,0.0,0
100.0,0.0,100.0,100.0,0,0,0,0,0.0,0.0,0.0,0
100.0,0.0,100.0,100.0,0,0,0,0,0.0,0.0,0.0,0
100.0,0.0,100.0,100.0,0,0,0,0,0.0,0.0,0.0,0
100.0,0.0,100.0,100.0,0,0,0,0,0.0,0.0,0.0,0
100.0,0.0,100.0,100.0,0,0,0,0,0.0,0.0,0.0,0
100.0,0.0,100.0,100.0,0,0,0,0,0.0,0.0,0.0,0
100.0,0.0,100.0,100.0,0,0,0,0,0.0,0.0,0.0,0
100.0,0.0,100.0,100.0,0,0,0,0,0.0,0.0,0.0,0
100.0,0.0,100.0,100.0,0,0,0,0,0.0,0.0,0.0,0
100.0,0.0,100.0,100.0,0,0,0,0,0.0,0.0,0.0,0
100.0,0.0,100.0,100.0,0,0,0,0,0.0,0.0,0.0,0
100.0,0.0,100.0,100.0,0,0,0,0,0.0,0.0,0.0,0
100.0,0.0,100.0,100.0,0,0,0,0,0.0,0.0,0.0,0
100.0,0.0,100.0,100.0,0,0,0,0,0.0,0.0,0.0,0
79.17,0.0,100.0,16.67,0,0,0,0,0.0,0.0,0.0,0
75.0,0.0,100.0,0.0,0,0,0,0,0.0,0.0,0.0,0
75.42,0.0,100.0,1.67,0,0,0,0,0.0,0.0,0.0,0
100.0,0.0,100.0,100.0,0,0,0,0,0.0,0.0,0.0,0
100.0,0.0,100.0,100.0,0,0,0,0,0.0,0.0,0.0,0
100.0,0.0,100.0,100.0,0,0,0,0,0.0,0.0,0.0,0
100.0,0.0,100.0,100.0,0,0,0,0,0.0,0.0,0.0,0
100.0,0.0,100.0,100.0,0,0,0,0,0.0,0.0,0.0,0
100.0,0.0,100.0,100.0,0,0,0,0,0.0,0.0,0.0,0
100.0,0.0,100.0,100.0,0,0,0,0,0.0,0.0,0.0,0
100.0,0.0,100.0,100.0,0,0,0,0,0.0,0.0,0.0,0
100.0,0.0,100.0,100.0,0,0,0,0,0.0,0.0,0.0,0
100.0,0.0,100.0,100.0,0,0,0,0,0.0,0.0,0.0,0
100.0,0.0,100.0,100.0,0,0,0,0,0.0,0.0,0.0,0
92.92,0.0,100.0,71.67,0,0,0,0,0.0,0.0,0.0,0
75.0,0.0,100.0,0.0,0,0,0,0,0.0,0.0,0.0,0
75.0,0.0,100.0,0.0,0,0,0,0,0.0,0.0,0.0,0
75.42,0.0,100.0,1.67,0,0,0,0,0.0,0.0,0.0,0
76.34,0.0,100.0,5.36,0,0,0,0,0.0,0.0,0.0,0
82.08,0.0,100.0,28.33,0,0,0,0,0.0,0.0,0.0,0
100.0,0.0,100.0,100.0,0,0,0,0,0.0,0.0,0.0,0
98.84,0.0,100.0,95.35,0,0,0,0,0.0,0.0,0.0,0
100.0,0.0,100.0,100.0,0,0,0,0,0.0,0.0,0.0,0
75.0,0.0,100.0,0.0,0,0,0,0,0.0,0.0,0.0,0
97.08,0.0,100.0,88.33,0,0,0,0,0.0,0.0,0.0,0
100.0,0.0,100.0,100.0,0,0,0,0,0.0,0.0,0.0,0
100.0,0.0,100.0,100.0,0,0,0,0,0.0,0.0,0.0,0
100.0,0.0,100.0,100.0,0,0,0,0,0.0,0.0,0.0,0
100.0,0.0,100.0,100.0,0,0,0,0,0.0,0.0,0.0,0
100.0,0.0,100.0,100.0,0,0,0,0,0.0,0.0,0.0,0
100.0,0.0,100.0,100.0,0,0,0,0,0.0,0.0,0.0,0
100.0,0.0,100.0,100.0,0,0,0,0,0.0,0.0,0.0,0
100.0,0.0,100.0,100.0,0,0,0,0,0.0,0.0,0.0,0
100.0,0.0,100.0,100.0,0,0,0,0,0.0,0.0,0.0,0
100.0,0.0,100.0,100.0,0,0,0,0,0.0,0.0,0.0,0
100.0,0.0,100.0,100.0,0,0,0,0,0.0,0.0,0.0,0
100.0,0.0,100.0,100.0,0,0,0,0,0.0,0.0,0.0,0
100.0,0.0,100.0,100.0,0,0,0,0,0.0,0.0,0.0,0
100.0,0.0,100.0,100.0,0,0,0,0,0.0,0.0,0.0,0
100.0,0.0,100.0,100.0,0,0,0,0,0.0,0.0,0.0,0
100.0,0.0,100.0,100.0,0,0,0,0,0.0,0.0,0.0,0
100.0,0.0,100.0,100.0,0,0,0,0,0.0,0.0,0.0,0
100.0,0.0,100.0,100.0,0,0,0,0,0.0,0.0,0.0,0
100.0,0.0,100.0,100.0,0,0,0,0,0.0,0.0,0.0,0
100.0,0.0,100.0,100.0,0,0,0,0,0.0,0.0,0.0,0
100.0,0.0,100.0,100.0,0,0,0,0,0.0,0.0,0.0,0
100.0,0.0,100.0,100.0,0,0,0,0,0.0,0.0,0.0,0
100.0,0.0,100.0,100.0,0,0,0,0,0.0,0.0,0.0,0
100.0,0.0,100.0,100.0,0,0,0,0,0.0,0.0,0.0,0
100.0,0.0,100.0,100.0,0,0,0,0,0.0,0.0,0.0,0
100.0,0.0,100.0,100.0,0,0,0,0,0.0,0.0,0.0,0
100.0,0.0,100.0,100.0,0,0,0,0,0.0,0.0,0.0,0
100.0,0.0,100.0,100.0,0,0,0,0,0.0,0.0,0.0,0
100.0,0.0,100.0,100.0,0,0,0,0,0.0,0.0,0.0,0
100.0,0.0,100.0,100.0,0,0,0,0,0.0,0.0,0.0,0
100.0,0.0,100.0,100.0,0,0,0,0,0.0,0.0,0.0,0
100.0,0.0,100.0,100.0,0,0,0,0,0.0,0.0,0.0,0
100.0,0.0,100.0,100.0,0,0,0,0,0.0,0.0,0.0,0
100.0,0.0,100.0,100.0,0,0,0,0,0.0,0.0,0.0,0
100.0,0.0,100.0,100.0,0,0,0,0,0.0,0.0,0.0,0
100.0,0.0,100.0,100.0,0,0,0,0,0.0,0.0,0.0,0
100.0,0.0,100.0,100.0,0,0,0,0,0.0,0.0,0.0,0
100.0,0.0,100.0,100.0,0,0,0,0,0.0,0.0,0.0,0
100.0,0.0,100.0,100.0,0,0,0,0,0.0,0.0,0.0,0
100.0,0.0,100.0,100.0,0,0,0,0,0.0,0.0,0.0,0
100.0,0.0,100.0,100.0,0,0,0,0,0.0,0.0,0.0,0
100.0,0.0,100.0,100.0,0,0,0,0,0.0,0.0,0.0,0
100.0,0.0,100.0,100.0,0,0,0,0,0.0,0.0,0.0,0
100.0,0.0,100.0,100.0,0,0,0,0,0.0,0.0,0.0,0
100.0,0.0,100.0,100.0,0,0,0,0,0.0,0.0,0.0,0
100.0,0.0,100.0,100.0,0,0,0,0,0.0,0.0,0.0,0
100.0,0.0,100.0,100.0,0,0,0,0,0.0,0.0,0.0,0
100.0,0.0,100.0,100.0,0,0,0,0,0.0,0.0,0.0,0
100.0,0.0,100.0,100.0,0,0,0,0,0.0,0.0,0.0,0
100.0,0.0,100.0,100.0,0,0,0,0,0.0,0.0,0.0,0
100.0,0.0,100.0,100.0,0,0,0,0,0.0,0.0,0.0,0
100.0,0.0,100.0,100.0,0,0,0,0,0.0,0.0,0.0,0
100.0,0.0,100.0,100.0,0,0,0,0,0.0,0.0,0.0,0
100.0,0.0,100.0,100.0,0,0,0,0,0.0,0.0,0.0,0
100.0,0.0,100.0,100.0,0,0,0,0,0.0,0.0,0.0,0
100.0,0.0,100.0,100.0,0,0,0,0,0.0,0.0,0.0,0
100.0,0.0,100.0,100.0,0,0,0,0,0.0,0.0,0.0,0
100.0,0.0,100.0,100.0,0,0,0,0,0.0,0.0,0.0,0
100.0,0.0,100.0,100.0,0,0,0,0,0.0,0.0,0.0,0
100.0,0.0,100.0,100.0,0,0,0,0,0.0,0.0,0.0,0
100.0,0.0,100.0,100.0,0,0,0,0,0.0,0.0,0.0,0
100.0,0.0,100.0,100.0,0,0,0,0,0.0,0.0,0.0,0
100.0,0.0,100.0,100.0,0,0,0,0,0.0,0.0,0.0,0
100.0,0.0,100.0,100.0,0,0,0,0,0.0,0.0,0.0,0
100.0,0.0,100.0,100.0,0,0,0,0,0.0,0.0,0.0,0
100.0,0.0,100.0,100.0,0,0,0,0,0.0,0.0,0.0,0
100.0,0.0,100.0,100.0,0,0,0,0,0.0,0.0,0.0,0
100.0,0.0,100.0,100.0,0,0,0,0,0.0,0.0,0.0,0
100.0,0.0,100.0,100.0,0,0,0,0,0.0,0.0,0.0,0
100.0,0.0,100.0,100.0,0,0,0,0,0.0,0.0,0.0,0
100.0,0.0,100.0,100.0,0,0,0,0,0.0,0.0,0.0,0
100.0,0.0,100.0,100.0,0,0,0,0,0.0,0.0,0.0,0
100.0,0.0,100.0,100.0,0,0,0,0,0.0,0.0,0.0,0
100.0,0.0,100.0,100.0,0,0,0,0,0.0,0.0,0.0,0
100.0,0.0,100.0,100.0,0,0,0,0,0.0,0.0,0.0,0
100.0,0.0,100.0,100.0,0,0,0,0,0.0,0.0,0.0,0
85.83,0.0,100.0,43.33,0,0,0,0,0.0,0.0,0.0,0
75.0,0.0,100.0,0.0,0,0,0,0,0.0,0.0,0.0,0
75.0,0.0,100.0,0.0,0,0,0,0,0.0,0.0,0.0,0
75.0,0.0,100.0,0.0,0,0,0,0,0.0,0.0,0.0,0
100.0,0.0,100.0,100.0,0,0,0,0,0.0,0.0,0.0,0
100.0,0.0,100.0,100.0,0,0,0,0,0.0,0.0,0.0,0
100.0,0.0,100.0,100.0,0,0,0,0,0.0,0.0,0.0,0
100.0,0.0,100.0,100.0,0,0,0,0,0.0,0.0,0.0,0
100.0,0.0,100.0,100.0,0,0,0,0,0.0,0.0,0.0,0
100.0,0.0,100.0,100.0,0,0,0,0,0.0,0.0,0.0,0
100.0,0.0,100.0,100.0,0,0,0,0,0.0,0.0,0.0,0
100.0,0.0,100.0,100.0,0,0,0,0,0.0,0.0,0.0,0
100.0,0.0,100.0,100.0,0,0,0,0,0.0,0.0,0.0,0
100.0,0.0,100.0,100.0,0,0,0,0,0.0,0.0,0.0,0
100.0,0.0,100.0,100.0,0,0,0,0,0.0,0.0,0.0,0
100.0,0.0,100.0,100.0,0,0,0,0,0.0,0.0,0.0,0
100.0,0.0,100.0,100.0,0,0,0,0,0.0,0.0,0.0,0
100.0,0.0,100.0,100.0,0,0,0,0,0.0,0.0,0.0,0
100.0,0.0,100.0,100.0,0,0,0,0,0.0,0.0,0.0,0
100.0,0.0,100.0,100.0,0,0,0,0,0.0,0.0,0.0,0
100.0,0.0,100.0,100.0,0,0,0,0,0.0,0.0,0.0,0
100.0,0.0,100.0,100.0,0,0,0,0,0.0,0.0,0.0,0
100.0,0.0,100.0,100.0,0,0,0,0,0.0,0.0,0.0,0
100.0,0.0,100.0,100.0,0,0,0,0,0.0,0.0,0.0,0
100.0,0.0,100.0,100.0,0,0,0,0,0.0,0.0,0.0,0
100.0,0.0,100.0,100.0,0,0,0,0,0.0,0.0,0.0,0
100.0,0.0,100.0,100.0,0,0,0,0,0.0,0.0,0.0,0
100.0,0.0,100.0,100.0,0,0,0,0,0.0,0.0,0.0,0
100.0,0.0,100.0,100.0,0,0,0,0,0.0,0.0,0.0,0
100.0,0.0,100.0,100.0,0,0,0,0,0.0,0.0,0.0,0
100.0,0.0,100.0,100.0,0,0,0,0,0.0,0.0,0.0,0
100.0,0.0,100.0,100.0,0,0,0,0,0.0,0.0,0.0,0
100.0,0.0,100.0,100.0,0,0,0,0,0.0,0.0,0.0,0
100.0,0.0,100.0,100.0,0,0,0,0,0.0,0.0,0.0,0
100.0,0.0,100.0,100.0,0,0,0,0,0.0,0.0,0.0,0
100.0,0.0,100.0,100.0,0,0,0,0,0.0,0.0,0.0,0
100.0,0.0,100.0,100.0,0,0,0,0,0.0,0.0,0.0,0
100.0,0.0,100.0,100.0,0,0,0,0,0.0,0.0,0.0,0
100.0,0.0,100.0,100.0,0,0,0,0,0.0,0.0,0.0,0
100.0,0.0,100.0,100.0,0,0,0,0,0.0,0.0,0.0,0
100.0,0.0,100.0,100.0,0,0,0,0,0.0,0.0,0.0,0
100.0,0.0,100.0,100.0,0,0,0,0,0.0,0.0,0.0,0
100.0,0.0,100.0,100.0,0,0,0,0,0.0,0.0,0.0,0
100.0,0.0,100.0,100.0,0,0,0,0,0.0,0.0,0.0,0
100.0,0.0,100.0,100.0,0,0,0,0,0.0,0.0,0.0,0
100.0,0.0,100.0,100.0,0,0,0,0,0.0,0.0,0.0,0
100.0,0.0,100.0,100.0,0,0,0,0,0.0,0.0,0.0,0
100.0,0.0,100.0,100.0,0,0,0,0,0.0,0.0,0.0,0
100.0,0.0,100.0,100.0,0,0,0,0,0.0,0.0,0.0,0
100.0,0.0,100.0,100.0,0,0,0,0,0.0,0.0,0.0,0
100.0,0.0,100.0,100.0,0,0,0,0,0.0,0.0,0.0,0
100.0,0.0,100.0,100.0,0,0,0,0,0.0,0.0,0.0,0
100.0,0.0,100.0,100.0,0,0,0,0,0.0,0.0,0.0,0
100.0,0.0,100.0,100.0,0,0,0,0,0.0,0.0,0.0,0
100.0,0.0,100.0,100.0,0,0,0,0,0.0,0.0,0.0,0
100.0,0.0,100.0,100.0,0,0,0,0,0.0,0.0,0.0,0
100.0,0.0,100.0,100.0,0,0,0,0,0.0,0.0,0.0,0
100.0,0.0,100.0,100.0,0,0,0,0,0.0,0.0,0.0,0
100.0,0.0,100.0,100.0,0,0,0,0,0.0,0.0,0.0,0
100.0,0.0,100.0,100.0,0,0,0,0,0.0,0.0,0.0,0
100.0,0.0,100.0,100.0,0,0,0,0,0.0,0.0,0.0,0
100.0,0.0,100.0,100.0,0,0,0,0,0.0,0.0,0.0,0
100.0,0.0,100.0,100.0,0,0,0,0,0.0,0.0,0.0,0
100.0,0.0,100.0,100.0,0,0,0,0,0.0,0.0,0.0,0
100.0,0.0,100.0,100.0,0,0,0,0,0.0,0.0,0.0,0
100.0,0.0,100.0,100.0,0,0,0,0,0.0,0.0,0.0,0
100.0,0.0,100.0,100.0,0,0,0,0,0.0,0.0,0.0,0
100.0,0.0,100.0,100.0,0,0,0,0,0.0,0.0,0.0,0
100.0,0.0,100.0,100.0,0,0,0,0,0.0,0.0,0.0,0
100.0,0.0,100.0,100.0,0,0,0,0,0.0,0.0,0.0,0
100.0,0.0,100.0,100.0,0,0,0,0,0.0,0.0,0.0,0
100.0,0.0,100.0,100.0,0,0,0,0,0.0,0.0,0.0,0
100.0,0.0,100.0,100.0,0,0,0,0,0.0,0.0,0.0,0
100.0,0.0,100.0,100.0,0,0,0,0,0.0,0.0,0.0,0
100.0,0.0,100.0,100.0,0,0,0,0,0.0,0.0,0.0,0
100.0,0.0,100.0,100.0,0,0,0,0,0.0,0.0,0.0,0
100.0,0.0,100.0,100.0,0,0,0,0,0.0,0.0,0.0,0
100.0,0.0,100.0,100.0,0,0,0,0,0.0,0.0,0.0,0
100.0,0.0,100.0,100.0,0,0,0,0,0.0,0.0,0.0,0
100.0,0.0,100.0,100.0,0,0,0,0,0.0,0.0,0.0,0
100.0,0.0,100.0,100.0,0,0,0,0,0.0,0.0,0.0,0
100.0,0.0,100.0,100.0,0,0,0,0,0.0,0.0,0.0,0
100.0,0.0,100.0,100.0,0,0,0,0,0.0,0.0,0.0,0
100.0,0.0,100.0,100.0,0,0,0,0,0.0,0.0,0.0,0
100.0,0.0,100.0,100.0,0,0,0,0,0.0,0.0,0.0,0
100.0,0.0,100.0,100.0,0,0,0,0,0.0,0.0,0.0,0
100.0,0.0,100.0,100.0,0,0,0,0,0.0,0.0,0.0,0
100.0,0.0,100.0,100.0,0,0,0,0,0.0,0.0,0.0,0
100.0,0.0,100.0,100.0,0,0,0,0,0.0,0.0,0.0,0
100.0,0.0,100.0,100.0,0,0,0,0,0.0,0.0,0.0,0
100.0,0.0,100.0,100.0,0,0,0,0,0.0,0.0,0.0,0
100.0,0.0,100.0,100.0,0,0,0,0,0.0,0.0,0.0,0
100.0,0.0,100.0,100.0,0,0,0,0,0.0,0.0,0.0,0
100.0,0.0,100.0,100.0,0,0,0,0,0.0,0.0,0.0,0
100.0,0.0,100.0,100.0,0,0,0,0,0.0,0.0,0.0,0
100.0,0.0,100.0,100.0,0,0,0,0,0.0,0.0,0.0,0
100.0,0.0,100.0,100.0,0,0,0,0,0.0,0.0,0.0,0
100.0,0.0,100.0,100.0,0,0,0,0,0.0,0.0,0.0,0
100.0,0.0,100.0,100.0,0,0,0,0,0.0,0.0,0.0,0
100.0,0.0,100.0,100.0,0,0,0,0,0.0,0.0,0.0,0
100.0,0.0,100.0,100.0,0,0,0,0,0.0,0.0,0.0,0
100.0,0.0,100.0,100.0,0,0,0,0,0.0,0.0,0.0,0
100.0,0.0,100.0,100.0,0,0,0,0,0.0,0.0,0.0,0
100.0,0.0,100.0,100.0,0,0,0,0,0.0,0.0,0.0,0
100.0,0.0,100.0,100.0,0,0,0,0,0.0,0.0,0.0,0
100.0,0.0,100.0,100.0,0,0,0,0,0.0,0.0,0.0,0
100.0,0.0,100.0,100.0,0,0,0,0,0.0,0.0,0.0,0
100.0,0.0,100.0,100.0,0,0,0,0,0.0,0.0,0.0,0
100.0,0.0,100.0,100.0,0,0,0,0,0.0,0.0,0.0,0
100.0,0.0,100.0,100.0,0,0,0,0,0.0,0.0,0.0,0
100.0,0.0,100.0,100.0,0,0,0,0,0.0,0.0,0.0,0
100.0,0.0,100.0,100.0,0,0,0,0,0.0,0.0,0.0,0
100.0,0.0,100.0,100.0,0,0,0,0,0.0,0.0,0.0,0
100.0,0.0,100.0,100.0,0,0,0,0,0.0,0.0,0.0,0
100.0,0.0,100.0,100.0,0,0,0,0,0.0,0.0,0.0,0
100.0,0.0,100.0,100.0,0,0,0,0,0.0,0.0,0.0,0
100.0,0.0,100.0,100.0,0,0,0,0,0.0,0.0,0.0,0
100.0,0.0,100.0,100.0,0,0,0,0,0.0,0.0,0.0,0
100.0,0.0,100.0,100.0,0,0,0,0,0.0,0.0,0.0,0
100.0,0.0,100.0,100.0,0,0,0,0,0.0,0.0,0.0,0
100.0,0.0,100.0,100.0,0,0,0,0,0.0,0.0,0.0,0
100.0,0.0,100.0,100.0,0,0,0,0,0.0,0.0,0.0,0
100.0,0.0,100.0,100.0,0,0,0,0,0.0,0.0,0.0,0
100.0,0.0,100.0,100.0,0,0,0,0,0.0,0.0,0.0,0
100.0,0.0,100.0,100.0,0,0,0,0,0.0,0.0,0.0,0
100.0,0.0,100.0,100.0,0,0,0,0,0.0,0.0,0.0,0
100.0,0.0,100.0,100.0,0,0,0,0,0.0,0.0,0.0,0
100.0,0.0,100.0,100.0,0,0,0,0,0.0,0.0,0.0,0
100.0,0.0,100.0,100.0,0,0,0,0,0.0,0.0,0.0,0
88.89,0.0,85.19,100.0,0,0,0,0,-14.810000000000002,0.0,0.0,0
100.0,0.0,100.0,100.0,0,0,0,0,14.810000000000002,0.0,0.0,0
100.0,0.0,100.0,100.0,0,0,0,0,0.0,0.0,0.0,0
100.0,0.0,100.0,100.0,0,0,0,0,0.0,0.0,0.0,0
100.0,0.0,100.0,100.0,0,0,0,0,0.0,0.0,0.0,0
100.0,0.0,100.0,100.0,0,0,0,0,0.0,0.0,0.0,0
100.0,0.0,100.0,100.0,0,0,0,0,0.0,0.0,0.0,0
100.0,0.0,100.0,100.0,0,0,0,0,0.0,0.0,0.0,0
100.0,0.0,100.0,100.0,0,0,0,0,0.0,0.0,0.0,0
100.0,0.0,100.0,100.0,0,0,0,0,0.0,0.0,0.0,0
100.0,0.0,100.0,100.0,0,0,0,0,0.0,0.0,0.0,0
100.0,0.0,100.0,100.0,0,0,0,0,0.0,0.0,0.0,0
100.0,0.0,100.0,100.0,0,0,0,0,0.0,0.0,0.0,0
100.0,0.0,100.0,100.0,0,0,0,0,0.0,0.0,0.0,0
100.0,0.0,100.0,100.0,0,0,0,0,0.0,0.0,0.0,0
100.0,0.0,100.0,100.0,0,0,0,0,0.0,0.0,0.0,0
100.0,0.0,100.0,100.0,0,0,0,0,0.0,0.0,0.0,0
100.0,0.0,100.0,100.0,0,0,0,0,0.0,0.0,0.0,0
100.0,0.0,100.0,100.0,0,0,0,0,0.0,0.0,0.0,0
100.0,0.0,100.0,100.0,0,0,0,0,0.0,0.0,0.0,0
100.0,0.0,100.0,100.0,0,0,0,0,0.0,0.0,0.0,0
100.0,0.0,100.0,100.0,0,0,0,0,0.0,0.0,0.0,0
100.0,0.0,100.0,100.0,0,0,0,0,0.0,0.0,0.0,0
100.0,0.0,100.0,100.0,0,0,0,0,0.0,0.0,0.0,0
100.0,0.0,100.0,100.0,0,0,0,0,0.0,0.0,0.0,0
100.0,0.0,100.0,100.0,0,0,0,0,0.0,0.0,0.0,0
100.0,0.0,100.0,100.0,0,0,0,0,0.0,0.0,0.0,0
100.0,0.0,100.0,100.0,0,0,0,0,0.0,0.0,0.0,0
100.0,0.0,100.0,100.0,0,0,0,0,0.0,0.0,0.0,0
100.0,0.0,100.0,100.0,0,0,0,0,0.0,0.0,0.0,0
100.0,0.0,100.0,100.0,0,0,0,0,0.0,0.0,0.0,0
100.0,0.0,100.0,100.0,0,0,0,0,0.0,0.0,0.0,0
100.0,0.0,100.0,100.0,0,0,0,0,0.0,0.0,0.0,0
100.0,0.0,100.0,100.0,0,0,0,0,0.0,0.0,0.0,0
100.0,0.0,100.0,100.0,0,0,0,0,0.0,0.0,0.0,0
100.0,0.0,100.0,100.0,0,0,0,0,0.0,0.0,0.0,0
100.0,0.0,100.0,100.0,0,0,0,0,0.0,0.0,0.0,0
100.0,0.0,100.0,100.0,0,0,0,0,0.0,0.0,0.0,0
100.0,0.0,100.0,100.0,0,0,0,0,0.0,0.0,0.0,0
100.0,0.0,100.0,100.0,0,0,0,0,0.0,0.0,0.0,0
100.0,0.0,100.0,100.0,0,0,0,0,0.0,0.0,0.0,0
100.0,0.0,100.0,100.0,0,0,0,0,0.0,0.0,0.0,0
100.0,0.0,100.0,100.0,0,0,0,0,0.0,0.0,0.0,0
100.0,0.0,100.0,100.0,0,0,0,0,0.0,0.0,0.0,0
100.0,0.0,100.0,100.0,0,0,0,0,0.0,0.0,0.0,0
100.0,0.0,100.0,100.0,0,0,0,0,0.0,0.0,0.0,0
100.0,0.0,100.0,100.0,0,0,0,0,0.0,0.0,0.0,0
100.0,0.0,100.0,100.0,0,0,0,0,0.0,0.0,0.0,0
100.0,0.0,100.0,100.0,0,0,0,0,0.0,0.0,0.0,0
100.0,0.0,100.0,100.0,0,0,0,0,0.0,0.0,0.0,0
85.87,0.0,100.0,43.48,0,0,0,0,0.0,0.0,0.0,0
100.0,0.0,100.0,100.0,0,0,0,0,0.0,0.0,0.0,0
100.0,0.0,100.0,100.0,0,0,0,0,0.0,0.0,0.0,0
100.0,0.0,100.0,100.0,0,0,0,0,0.0,0.0,0.0,0
100.0,0.0,100.0,100.0,0,0,0,0,0.0,0.0,0.0,0
80.43,0.0,97.83,28.26,0,0,0,0,-2.1700000000000017,0.0,0.0,0
100.0,0.0,100.0,100.0,0,0,0,0,2.1700000000000017,0.0,0.0,0
100.0,0.0,100.0,100.0,0,0,0,0,0.0,0.0,0.0,0
100.0,0.0,100.0,100.0,0,0,0,0,0.0,0.0,0.0,0
100.0,0.0,100.0,100.0,0,0,0,0,0.0,0.0,0.0,0
100.0,0.0,100.0,100.0,0,0,0,0,0.0,0.0,0.0,0
100.0,0.0,100.0,100.0,0,0,0,0,0.0,0.0,0.0,0
100.0,0.0,100.0,100.0,0,0,0,0,0.0,0.0,0.0,0
100.0,0.0,100.0,100.0,0,0,0,0,0.0,0.0,0.0,0
100.0,0.0,100.0,100.0,0,0,0,0,0.0,0.0,0.0,0
100.0,0.0,100.0,100.0,0,0,0,0,0.0,0.0,0.0,0
100.0,0.0,100.0,100.0,0,0,0,0,0.0,0.0,0.0,0
100.0,0.0,100.0,100.0,0,0,0,0,0.0,0.0,0.0,0
100.0,0.0,100.0,100.0,0,0,0,0,0.0,0.0,0.0,0
100.0,0.0,100.0,100.0,0,0,0,0,0.0,0.0,0.0,0
100.0,0.0,100.0,100.0,0,0,0,0,0.0,0.0,0.0,0
100.0,0.0,100.0,100.0,0,0,0,0,0.0,0.0,0.0,0
100.0,0.0,100.0,100.0,0,0,0,0,0.0,0.0,0.0,0
100.0,0.0,100.0,100.0,0,0,0,0,0.0,0.0,0.0,0
100.0,0.0,100.0,100.0,0,0,0,0,0.0,0.0,0.0,0
100.0,0.0,100.0,100.0,0,0,0,0,0.0,0.0,0.0,0
100.0,0.0,100.0,100.0,0,0,0,0,0.0,0.0,0.0,0
100.0,0.0,100.0,100.0,0,0,0,0,0.0,0.0,0.0,0
100.0,0.0,100.0,100.0,0,0,0,0,0.0,0.0,0.0,0
100.0,0.0,100.0,100.0,0,0,0,0,0.0,0.0,0.0,0
100.0,0.0,100.0,100.0,0,0,0,0,0.0,0.0,0.0,0
100.0,0.0,100.0,100.0,0,0,0,0,0.0,0.0,0.0,0
100.0,0.0,100.0,100.0,0,0,0,0,0.0,0.0,0.0,0
100.0,0.0,100.0,100.0,0,0,0,0,0.0,0.0,0.0,0
100.0,0.0,100.0,100.0,0,0,0,0,0.0,0.0,0.0,0
100.0,0.0,100.0,100.0,0,0,0,0,0.0,0.0,0.0,0
100.0,0.0,100.0,100.0,0,0,0,0,0.0,0.0,0.0,0
100.0,0.0,100.0,100.0,0,0,0,0,0.0,0.0,0.0,0
100.0,0.0,100.0,100.0,0,0,0,0,0.0,0.0,0.0,0
100.0,0.0,100.0,100.0,0,0,0,0,0.0,0.0,0.0,0
100.0,0.0,100.0,100.0,0,0,0,0,0.0,0.0,0.0,0
100.0,0.0,100.0,100.0,0,0,0,0,0.0,0.0,0.0,0
100.0,0.0,100.0,100.0,0,0,0,0,0.0,0.0,0.0,0
100.0,0.0,100.0,100.0,0,0,0,0,0.0,0.0,0.0,0
100.0,0.0,100.0,100.0,0,0,0,0,0.0,0.0,0.0,0
100.0,0.0,100.0,100.0,0,0,0,0,0.0,0.0,0.0,0
100.0,0.0,100.0,100.0,0,0,0,0,0.0,0.0,0.0,0
100.0,0.0,100.0,100.0,0,0,0,0,0.0,0.0,0.0,0
100.0,0.0,100.0,100.0,0,0,0,0,0.0,0.0,0.0,0
100.0,0.0,100.0,100.0,0,0,0,0,0.0,0.0,0.0,0
100.0,0.0,100.0,100.0,0,0,0,0,0.0,0.0,0.0,0
100.0,0.0,100.0,100.0,0,0,0,0,0.0,0.0,0.0,0
98.75,0.0,100.0,95.0,0,0,0,0,0.0,0.0,0.0,0
100.0,0.0,100.0,100.0,0,0,0,0,0.0,0.0,0.0,0
100.0,0.0,100.0,100.0,0,0,0,0,0.0,0.0,0.0,0
100.0,0.0,100.0,100.0,0,0,0,0,0.0,0.0,0.0,0
97.5,0.0,100.0,90.0,0,0,0,0,0.0,0.0,0.0,0
100.0,0.0,100.0,100.0,0,0,0,0,0.0,0.0,0.0,0
100.0,0.0,100.0,100.0,0,0,0,0,0.0,0.0,0.0,0
100.0,0.0,100.0,100.0,0,0,0,0,0.0,0.0,0.0,0
100.0,0.0,100.0,100.0,0,0,0,0,0.0,0.0,0.0,0
100.0,0.0,100.0,100.0,0,0,0,0,0.0,0.0,0.0,0
100.0,0.0,100.0,100.0,0,0,0,0,0.0,0.0,0.0,0
100.0,0.0,100.0,100.0,0,0,0,0,0.0,0.0,0.0,0
100.0,0.0,100.0,100.0,0,0,0,0,0.0,0.0,0.0,0
100.0,0.0,100.0,100.0,0,0,0,0,0.0,0.0,0.0,0
100.0,0.0,100.0,100.0,0,0,0,0,0.0,0.0,0.0,0
100.0,0.0,100.0,100.0,0,0,0,0,0.0,0.0,0.0,0
100.0,0.0,100.0,100.0,0,0,0,0,0.0,0.0,0.0,0
100.0,0.0,100.0,100.0,0,0,0,0,0.0,0.0,0.0,0
100.0,0.0,100.0,100.0,0,0,0,0,0.0,0.0,0.0,0
100.0,0.0,100.0,100.0,0,0,0,0,0.0,0.0,0.0,0
100.0,0.0,100.0,100.0,0,0,0,0,0.0,0.0,0.0,0
100.0,0.0,100.0,100.0,0,0,0,0,0.0,0.0,0.0,0
100.0,0.0,100.0,100.0,0,0,0,0,0.0,0.0,0.0,0
99.29,0.0,100.0,97.14,0,0,0,0,0.0,0.0,0.0,0
100.0,0.0,100.0,100.0,0,0,0,0,0.0,0.0,0.0,0
100.0,0.0,100.0,100.0,0,0,0,0,0.0,0.0,0.0,0
100.0,0.0,100.0,100.0,0,0,0,0,0.0,0.0,0.0,0
100.0,0.0,100.0,100.0,0,0,0,0,0.0,0.0,0.0,0
100.0,0.0,100.0,100.0,0,0,0,0,0.0,0.0,0.0,0
100.0,0.0,100.0,100.0,0,0,0,0,0.0,0.0,0.0,0
100.0,0.0,100.0,100.0,0,0,0,0,0.0,0.0,0.0,0
100.0,0.0,100.0,100.0,0,0,0,0,0.0,0.0,0.0,0
100.0,0.0,100.0,100.0,0,0,0,0,0.0,0.0,0.0,0
100.0,0.0,100.0,100.0,0,0,0,0,0.0,0.0,0.0,0
100.0,0.0,100.0,100.0,0,0,0,0,0.0,0.0,0.0,0
100.0,0.0,100.0,100.0,0,0,0,0,0.0,0.0,0.0,0
100.0,0.0,100.0,100.0,0,0,0,0,0.0,0.0,0.0,0
100.0,0.0,100.0,100.0,0,0,0,0,0.0,0.0,0.0,0
100.0,0.0,100.0,100.0,0,0,0,0,0.0,0.0,0.0,0
100.0,0.0,100.0,100.0,0,0,0,0,0.0,0.0,0.0,0
100.0,0.0,100.0,100.0,0,0,0,0,0.0,0.0,0.0,0
100.0,0.0,100.0,100.0,0,0,0,0,0.0,0.0,0.0,0
100.0,0.0,100.0,100.0,0,0,0,0,0.0,0.0,0.0,0
100.0,0.0,100.0,100.0,0,0,0,0,0.0,0.0,0.0,0
100.0,0.0,100.0,100.0,0,0,0,0,0.0,0.0,0.0,0
100.0,0.0,100.0,100.0,0,0,0,0,0.0,0.0,0.0,0
100.0,0.0,100.0,100.0,0,0,0,0,0.0,0.0,0.0,0
100.0,0.0,100.0,100.0,0,0,0,0,0.0,0.0,0.0,0
100.0,0.0,100.0,100.0,0,0,0,0,0.0,0.0,0.0,0
100.0,0.0,100.0,100.0,0,0,0,0,0.0,0.0,0.0,0
100.0,0.0,100.0,100.0,0,0,0,0,0.0,0.0,0.0,0
100.0,0.0,100.0,100.0,0,0,0,0,0.0,0.0,0.0,0
100.0,0.0,100.0,100.0,0,0,0,0,0.0,0.0,0.0,0
100.0,0.0,100.0,100.0,0,0,0,0,0.0,0.0,0.0,0
100.0,0.0,100.0,100.0,0,0,0,0,0.0,0.0,0.0,0
100.0,0.0,100.0,100.0,0,0,0,0,0.0,0.0,0.0,0
100.0,0.0,100.0,100.0,0,0,0,0,0.0,0.0,0.0,0
100.0,0.0,100.0,100.0,0,0,0,0,0.0,0.0,0.0,0
100.0,0.0,100.0,100.0,0,0,0,0,0.0,0.0,0.0,0
100.0,0.0,100.0,100.0,0,0,0,0,0.0,0.0,0.0,0
100.0,0.0,100.0,100.0,0,0,0,0,0.0,0.0,0.0,0
100.0,0.0,100.0,100.0,0,0,0,0,0.0,0.0,0.0,0
100.0,0.0,100.0,100.0,0,0,0,0,0.0,0.0,0.0,0
100.0,0.0,100.0,100.0,0,0,0,0,0.0,0.0,0.0,0
100.0,0.0,100.0,100.0,0,0,0,0,0.0,0.0,0.0,0
100.0,0.0,100.0,100.0,0,0,0,0,0.0,0.0,0.0,0
100.0,0.0,100.0,100.0,0,0,0,0,0.0,0.0,0.0,0
100.0,0.0,100.0,100.0,0,0,0,0,0.0,0.0,0.0,0
100.0,0.0,100.0,100.0,0,0,0,0,0.0,0.0,0.0,0
100.0,0.0,100.0,100.0,0,0,0,0,0.0,0.0,0.0,0
100.0,0.0,100.0,100.0,0,0,0,0,0.0,0.0,0.0,0
100.0,0.0,100.0,100.0,0,0,0,0,0.0,0.0,0.0,0
100.0,0.0,100.0,100.0,0,0,0,0,0.0,0.0,0.0,0
100.0,0.0,100.0,100.0,0,0,0,0,0.0,0.0,0.0,0
100.0,0.0,100.0,100.0,0,0,0,0,0.0,0.0,0.0,0
100.0,0.0,100.0,100.0,0,0,0,0,0.0,0.0,0.0,0
100.0,0.0,100.0,100.0,0,0,0,0,0.0,0.0,0.0,0
100.0,0.0,100.0,100.0,0,0,0,0,0.0,0.0,0.0,0
100.0,0.0,100.0,100.0,0,0,0,0,0.0,0.0,0.0,0
100.0,0.0,100.0,100.0,0,0,0,0,0.0,0.0,0.0,0
100.0,0.0,100.0,100.0,0,0,0,0,0.0,0.0,0.0,0
100.0,0.0,100.0,100.0,0,0,0,0,0.0,0.0,0.0,0
100.0,0.0,100.0,100.0,0,0,0,0,0.0,0.0,0.0,0
100.0,0.0,100.0,100.0,0,0,0,0,0.0,0.0,0.0,0
100.0,0.0,100.0,100.0,0,0,0,0,0.0,0.0,0.0,0
100.0,0.0,100.0,100.0,0,0,0,0,0.0,0.0,0.0,0
100.0,0.0,100.0,100.0,0,0,0,0,0.0,0.0,0.0,0
100.0,0.0,100.0,100.0,0,0,0,0,0.0,0.0,0.0,0
100.0,0.0,100.0,100.0,0,0,0,0,0.0,0.0,0.0,0
100.0,0.0,100.0,100.0,0,0,0,0,0.0,0.0,0.0,0
100.0,0.0,100.0,100.0,0,0,0,0,0.0,0.0,0.0,0
100.0,0.0,100.0,100.0,0,0,0,0,0.0,0.0,0.0,0
100.0,0.0,100.0,100.0,0,0,0,0,0.0,0.0,0.0,0
100.0,0.0,100.0,100.0,0,0,0,0,0.0,0.0,0.0,0
100.0,0.0,100.0,100.0,0,0,0,0,0.0,0.0,0.0,0
100.0,0.0,100.0,100.0,0,0,0,0,0.0,0.0,0.0,0
100.0,0.0,100.0,100.0,0,0,0,0,0.0,0.0,0.0,0
100.0,0.0,100.0,100.0,0,0,0,0,0.0,0.0,0.0,0
100.0,0.0,100.0,100.0,0,0,0,0,0.0,0.0,0.0,0
100.0,0.0,100.0,100.0,0,0,0,0,0.0,0.0,0.0,0
100.0,0.0,100.0,100.0,0,0,0,0,0.0,0.0,0.0,0
100.0,0.0,100.0,100.0,0,0,0,0,0.0,0.0,0.0,0
100.0,0.0,100.0,100.0,0,0,0,0,0.0,0.0,0.0,0
100.0,0.0,100.0,100.0,0,0,0,0,0.0,0.0,0.0,0
100.0,0.0,100.0,100.0,0,0,0,0,0.0,0.0,0.0,0
100.0,0.0,100.0,100.0,0,0,0,0,0.0,0.0,0.0,0
100.0,0.0,100.0,100.0,0,0,0,0,0.0,0.0,0.0,0
100.0,0.0,100.0,100.0,0,0,0,0,0.0,0.0,0.0,0
100.0,0.0,100.0,100.0,0,0,0,0,0.0,0.0,0.0,0
100.0,0.0,100.0,100.0,0,0,0,0,0.0,0.0,0.0,0
100.0,0.0,100.0,100.0,0,0,0,0,0.0,0.0,0.0,0
100.0,0.0,100.0,100.0,0,0,0,0,0.0,0.0,0.0,0
100.0,0.0,100.0,100.0,0,0,0,0,0.0,0.0,0.0,0
100.0,0.0,100.0,100.0,0,0,0,0,0.0,0.0,0.0,0
100.0,0.0,100.0,100.0,0,0,0,0,0.0,0.0,0.0,0
100.0,0.0,100.0,100.0,0,0,0,0,0.0,0.0,0.0,0
100.0,0.0,100.0,100.0,0,0,0,0,0.0,0.0,0.0,0
100.0,0.0,100.0,100.0,0,0,0,0,0.0,0.0,0.0,0
100.0,0.0,100.0,100.0,0,0,0,0,0.0,0.0,0.0,0
100.0,0.0,100.0,100.0,0,0,0,0,0.0,0.0,0.0,0
100.0,0.0,100.0,100.0,0,0,0,0,0.0,0.0,0.0,0
100.0,0.0,100.0,100.0,0,0,0,0,0.0,0.0,0.0,0
100.0,0.0,100.0,100.0,0,0,0,0,0.0,0.0,0.0,0
100.0,0.0,100.0,100.0,0,0,0,0,0.0,0.0,0.0,0
100.0,0.0,100.0,100.0,0,0,0,0,0.0,0.0,0.0,0
100.0,0.0,100.0,100.0,0,0,0,0,0.0,0.0,0.0,0
100.0,0.0,100.0,100.0,0,0,0,0,0.0,0.0,0.0,0
100.0,0.0,100.0,100.0,0,0,0,0,0.0,0.0,0.0,0
100.0,0.0,100.0,100.0,0,0,0,0,0.0,0.0,0.0,0
100.0,0.0,100.0,100.0,0,0,0,0,0.0,0.0,0.0,0
100.0,0.0,100.0,100.0,0,0,0,0,0.0,0.0,0.0,0
100.0,0.0,100.0,100.0,0,0,0,0,0.0,0.0,0.0,0
100.0,0.0,100.0,100.0,0,0,0,0,0.0,0.0,0.0,0
100.0,0.0,100.0,100.0,0,0,0,0,0.0,0.0,0.0,0
100.0,0.0,100.0,100.0,0,0,0,0,0.0,0.0,0.0,0
100.0,0.0,100.0,100.0,0,0,0,0,0.0,0.0,0.0,0
100.0,0.0,100.0,100.0,0,0,0,0,0.0,0.0,0.0,0
100.0,0.0,100.0,100.0,0,0,0,0,0.0,0.0,0.0,0
100.0,0.0,100.0,100.0,0,0,0,0,0.0,0.0,0.0,0
100.0,0.0,100.0,100.0,0,0,0,0,0.0,0.0,0.0,0
100.0,0.0,100.0,100.0,0,0,0,0,0.0,0.0,0.0,0
100.0,0.0,100.0,100.0,0,0,0,0,0.0,0.0,0.0,0
100.0,0.0,100.0,100.0,0,0,0,0,0.0,0.0,0.0,0
100.0,0.0,100.0,100.0,0,0,0,0,0.0,0.0,0.0,0
100.0,0.0,100.0,100.0,0,0,0,0,0.0,0.0,0.0,0
84.58,0.0,100.0,38.33,0,0,0,0,0.0,0.0,0.0,0
97.5,0.0,100.0,90.0,0,0,0,0,0.0,0.0,0.0,0
100.0,0.0,100.0,100.0,0,0,0,0,0.0,0.0,0.0,0
100.0,0.0,100.0,100.0,0,0,0,0,0.0,0.0,0.0,0
100.0,0.0,100.0,100.0,0,0,0,0,0.0,0.0,0.0,0
100.0,0.0,100.0,100.0,0,0,0,0,0.0,0.0,0.0,0
100.0,0.0,100.0,100.0,0,0,0,0,0.0,0.0,0.0,0
100.0,0.0,100.0,100.0,0,0,0,0,0.0,0.0,0.0,0
95.19,0.0,100.0,80.77,0,0,0,0,0.0,0.0,0.0,0
100.0,0.0,100.0,100.0,0,0,0,0,0.0,0.0,0.0,0
100.0,0.0,100.0,100.0,0,0,0,0,0.0,0.0,0.0,0
100.0,0.0,100.0,100.0,0,0,0,0,0.0,0.0,0.0,0
100.0,0.0,100.0,100.0,0,0,0,0,0.0,0.0,0.0,0
100.0,0.0,100.0,100.0,0,0,0,0,0.0,0.0,0.0,0
100.0,0.0,100.0,100.0,0,0,0,0,0.0,0.0,0.0,0
100.0,0.0,100.0,100.0,0,0,0,0,0.0,0.0,0.0,0
100.0,0.0,100.0,100.0,0,0,0,0,0.0,0.0,0.0,0
100.0,0.0,100.0,100.0,0,0,0,0,0.0,0.0,0.0,0
100.0,0.0,100.0,100.0,0,0,0,0,0.0,0.0,0.0,0
100.0,0.0,100.0,100.0,0,0,0,0,0.0,0.0,0.0,0
100.0,0.0,100.0,100.0,0,0,0,0,0.0,0.0,0.0,0
100.0,0.0,100.0,100.0,0,0,0,0,0.0,0.0,0.0,0
100.0,0.0,100.0,100.0,0,0,0,0,0.0,0.0,0.0,0
100.0,0.0,100.0,100.0,0,0,0,0,0.0,0.0,0.0,0
100.0,0.0,100.0,100.0,0,0,0,0,0.0,0.0,0.0,0
100.0,0.0,100.0,100.0,0,0,0,0,0.0,0.0,0.0,0
100.0,0.0,100.0,100.0,0,0,0,0,0.0,0.0,0.0,0
100.0,0.0,100.0,100.0,0,0,0,0,0.0,0.0,0.0,0
94.58,0.0,100.0,78.33,0,0,0,0,0.0,0.0,0.0,0
75.0,0.0,100.0,0.0,0,0,0,0,0.0,0.0,0.0,0
75.0,0.0,100.0,0.0,0,0,0,0,0.0,0.0,0.0,0
97.62,0.0,100.0,90.48,0,0,0,0,0.0,0.0,0.0,0
100.0,0.0,100.0,100.0,0,0,0,0,0.0,0.0,0.0,0
100.0,0.0,100.0,100.0,0,0,0,0,0.0,0.0,0.0,0
100.0,0.0,100.0,100.0,0,0,0,0,0.0,0.0,0.0,0
100.0,0.0,100.0,100.0,0,0,0,0,0.0,0.0,0.0,0
100.0,0.0,100.0,100.0,0,0,0,0,0.0,0.0,0.0,0
50.0,0.0,33.33,100.0,0,0,0,0,-66.67,0.0,0.0,0
25.0,0.0,0.0,100.0,0,0,0,0,-33.33,0.0,0.0,0
25.0,0.0,0.0,100.0,0,0,0,0,0.0,0.0,0.0,0
25.0,0.0,0.0,100.0,0,0,0,0,0.0,0.0,0.0,0
75.0,0.0,100.0,0.0,0,0,0,0,100.0,0.0,0.0,0
75.0,0.0,100.0,0.0,0,0,0,0,0.0,0.0,0.0,0
100.0,0.0,100.0,100.0,0,0,0,0,0.0,0.0,0.0,0
100.0,0.0,100.0,100.0,0,0,0,0,0.0,0.0,0.0,0
100.0,0.0,100.0,100.0,0,0,0,0,0.0,0.0,0.0,0
100.0,0.0,100.0,100.0,0,0,0,0,0.0,0.0,0.0,0
100.0,0.0,100.0,100.0,0,0,0,0,0.0,0.0,0.0,0
100.0,0.0,100.0,100.0,0,0,0,0,0.0,0.0,0.0,0
100.0,0.0,100.0,100.0,0,0,0,0,0.0,0.0,0.0,0
100.0,0.0,100.0,100.0,0,0,0,0,0.0,0.0,0.0,0
100.0,0.0,100.0,100.0,0,0,0,0,0.0,0.0,0.0,0
100.0,0.0,100.0,100.0,0,0,0,0,0.0,0.0,0.0,0
100.0,0.0,100.0,100.0,0,0,0,0,0.0,0.0,0.0,0
100.0,0.0,100.0,100.0,0,0,0,0,0.0,0.0,0.0,0
100.0,0.0,100.0,100.0,0,0,0,0,0.0,0.0,0.0,0
100.0,0.0,100.0,100.0,0,0,0,0,0.0,0.0,0.0,0
100.0,0.0,100.0,100.0,0,0,0,0,0.0,0.0,0.0,0
100.0,0.0,100.0,100.0,0,0,0,0,0.0,0.0,0.0,0
100.0,0.0,100.0,100.0,0,0,0,0,0.0,0.0,0.0,0
100.0,0.0,100.0,100.0,0,0,0,0,0.0,0.0,0.0,0
98.91,0.0,100.0,95.65,0,0,0,0,0.0,0.0,0.0,0
100.0,0.0,100.0,100.0,0,0,0,0,0.0,0.0,0.0,0
100.0,0.0,100.0,100.0,0,0,0,0,0.0,0.0,0.0,0
100.0,0.0,100.0,100.0,0,0,0,0,0.0,0.0,0.0,0
100.0,0.0,100.0,100.0,0,0,0,0,0.0,0.0,0.0,0
100.0,0.0,100.0,100.0,0,0,0,0,0.0,0.0,0.0,0
100.0,0.0,100.0,100.0,0,0,0,0,0.0,0.0,0.0,0
100.0,0.0,100.0,100.0,0,0,0,0,0.0,0.0,0.0,0
100.0,0.0,100.0,100.0,0,0,0,0,0.0,0.0,0.0,0
100.0,0.0,100.0,100.0,0,0,0,0,0.0,0.0,0.0,0
100.0,0.0,100.0,100.0,0,0,0,0,0.0,0.0,0.0,0
100.0,0.0,100.0,100.0,0,0,0,0,0.0,0.0,0.0,0
100.0,0.0,100.0,100.0,0,0,0,0,0.0,0.0,0.0,0
100.0,0.0,100.0,100.0,0,0,0,0,0.0,0.0,0.0,0
100.0,0.0,100.0,100.0,0,0,0,0,0.0,0.0,0.0,0
81.25,0.0,100.0,25.0,0,0,0,0,0.0,0.0,0.0,0
75.0,0.0,100.0,0.0,0,0,0,0,0.0,0.0,0.0,0
75.0,0.0,100.0,0.0,0,0,0,0,0.0,0.0,0.0,0
75.0,0.0,100.0,0.0,0,0,0,0,0.0,0.0,0.0,0
89.17,0.0,100.0,56.67,0,0,0,0,0.0,0.0,0.0,0
88.33,0.0,100.0,53.33,0,0,0,0,0.0,0.0,0.0,0
75.0,0.0,100.0,0.0,0,0,0,0,0.0,0.0,0.0,0
75.0,0.0,100.0,0.0,0,0,0,0,0.0,0.0,0.0,0
75.0,0.0,100.0,0.0,0,0,0,0,0.0,0.0,0.0,0
100.0,0.0,100.0,100.0,0,0,0,0,0.0,0.0,0.0,0
99.58,0.0,100.0,98.33,0,0,0,0,0.0,0.0,0.0,0
100.0,0.0,100.0,100.0,0,0,0,0,0.0,0.0,0.0,0
100.0,0.0,100.0,100.0,0,0,0,0,0.0,0.0,0.0,0
100.0,0.0,100.0,100.0,0,0,0,0,0.0,0.0,0.0,0
100.0,0.0,100.0,100.0,0,0,0,0,0.0,0.0,0.0,0
100.0,0.0,100.0,100.0,0,0,0,0,0.0,0.0,0.0,0
100.0,0.0,100.0,100.0,0,0,0,0,0.0,0.0,0.0,0
100.0,0.0,100.0,100.0,0,0,0,0,0.0,0.0,0.0,0
100.0,0.0,100.0,100.0,0,0,0,0,0.0,0.0,0.0,0
100.0,0.0,100.0,100.0,0,0,0,0,0.0,0.0,0.0,0
100.0,0.0,100.0,100.0,0,0,0,0,0.0,0.0,0.0,0
100.0,0.0,100.0,100.0,0,0,0,0,0.0,0.0,0.0,0
100.0,0.0,100.0,100.0,0,0,0,0,0.0,0.0,0.0,0
100.0,0.0,100.0,100.0,0,0,0,0,0.0,0.0,0.0,0
100.0,0.0,100.0,100.0,0,0,0,0,0.0,0.0,0.0,0
100.0,0.0,100.0,100.0,0,0,0,0,0.0,0.0,0.0,0
100.0,0.0,100.0,100.0,0,0,0,0,0.0,0.0,0.0,0
100.0,0.0,100.0,100.0,0,0,0,0,0.0,0.0,0.0,0
100.0,0.0,100.0,100.0,0,0,0,0,0.0,0.0,0.0,0
100.0,0.0,100.0,100.0,0,0,0,0,0.0,0.0,0.0,0
100.0,0.0,100.0,100.0,0,0,0,0,0.0,0.0,0.0,0
100.0,0.0,100.0,100.0,0,0,0,0,0.0,0.0,0.0,0
100.0,0.0,100.0,100.0,0,0,0,0,0.0,0.0,0.0,0
100.0,0.0,100.0,100.0,0,0,0,0,0.0,0.0,0.0,0
100.0,0.0,100.0,100.0,0,0,0,0,0.0,0.0,0.0,0
100.0,0.0,100.0,100.0,0,0,0,0,0.0,0.0,0.0,0
100.0,0.0,100.0,100.0,0,0,0,0,0.0,0.0,0.0,0
100.0,0.0,100.0,100.0,0,0,0,0,0.0,0.0,0.0,0
100.0,0.0,100.0,100.0,0,0,0,0,0.0,0.0,0.0,0
100.0,0.0,100.0,100.0,0,0,0,0,0.0,0.0,0.0,0
100.0,0.0,100.0,100.0,0,0,0,0,0.0,0.0,0.0,0
100.0,0.0,100.0,100.0,0,0,0,0,0.0,0.0,0.0,0
100.0,0.0,100.0,100.0,0,0,0,0,0.0,0.0,0.0,0
100.0,0.0,100.0,100.0,0,0,0,0,0.0,0.0,0.0,0
100.0,0.0,100.0,100.0,0,0,0,0,0.0,0.0,0.0,0
100.0,0.0,100.0,100.0,0,0,0,0,0.0,0.0,0.0,0
100.0,0.0,100.0,100.0,0,0,0,0,0.0,0.0,0.0,0
100.0,0.0,100.0,100.0,0,0,0,0,0.0,0.0,0.0,0
100.0,0.0,100.0,100.0,0,0,0,0,0.0,0.0,0.0,0
100.0,0.0,100.0,100.0,0,0,0,0,0.0,0.0,0.0,0
100.0,0.0,100.0,100.0,0,0,0,0,0.0,0.0,0.0,0
100.0,0.0,100.0,100.0,0,0,0,0,0.0,0.0,0.0,0
100.0,0.0,100.0,100.0,0,0,0,0,0.0,0.0,0.0,0
100.0,0.0,100.0,100.0,0,0,0,0,0.0,0.0,0.0,0
100.0,0.0,100.0,100.0,0,0,0,0,0.0,0.0,0.0,0
100.0,0.0,100.0,100.0,0,0,0,0,0.0,0.0,0.0,0
100.0,0.0,100.0,100.0,0,0,0,0,0.0,0.0,0.0,0
100.0,0.0,100.0,100.0,0,0,0,0,0.0,0.0,0.0,0
100.0,0.0,100.0,100.0,0,0,0,0,0.0,0.0,0.0,0
100.0,0.0,100.0,100.0,0,0,0,0,0.0,0.0,0.0,0
100.0,0.0,100.0,100.0,0,0,0,0,0.0,0.0,0.0,0
100.0,0.0,100.0,100.0,0,0,0,0,0.0,0.0,0.0,0
100.0,0.0,100.0,100.0,0,0,0,0,0.0,0.0,0.0,0
100.0,0.0,100.0,100.0,0,0,0,0,0.0,0.0,0.0,0
100.0,0.0,100.0,100.0,0,0,0,0,0.0,0.0,0.0,0
100.0,0.0,100.0,100.0,0,0,0,0,0.0,0.0,0.0,0
100.0,0.0,100.0,100.0,0,0,0,0,0.0,0.0,0.0,0
100.0,0.0,100.0,100.0,0,0,0,0,0.0,0.0,0.0,0
100.0,0.0,100.0,100.0,0,0,0,0,0.0,0.0,0.0,0
100.0,0.0,100.0,100.0,0,0,0,0,0.0,0.0,0.0,0
100.0,0.0,100.0,100.0,0,0,0,0,0.0,0.0,0.0,0
100.0,0.0,100.0,100.0,0,0,0,0,0.0,0.0,0.0,0
100.0,0.0,100.0,100.0,0,0,0,0,0.0,0.0,0.0,0
100.0,0.0,100.0,100.0,0,0,0,0,0.0,0.0,0.0,0
100.0,0.0,100.0,100.0,0,0,0,0,0.0,0.0,0.0,0
100.0,0.0,100.0,100.0,0,0,0,0,0.0,0.0,0.0,0
100.0,0.0,100.0,100.0,0,0,0,0,0.0,0.0,0.0,0
100.0,0.0,100.0,100.0,0,0,0,0,0.0,0.0,0.0,0
100.0,0.0,100.0,100.0,0,0,0,0,0.0,0.0,0.0,0
100.0,0.0,100.0,100.0,0,0,0,0,0.0,0.0,0.0,0
100.0,0.0,100.0,100.0,0,0,0,0,0.0,0.0,0.0,0
100.0,0.0,100.0,100.0,0,0,0,0,0.0,0.0,0.0,0
100.0,0.0,100.0,100.0,0,0,0,0,0.0,0.0,0.0,0
100.0,0.0,100.0,100.0,0,0,0,0,0.0,0.0,0.0,0
100.0,0.0,100.0,100.0,0,0,0,0,0.0,0.0,0.0,0
100.0,0.0,100.0,100.0,0,0,0,0,0.0,0.0,0.0,0
100.0,0.0,100.0,100.0,0,0,0,0,0.0,0.0,0.0,0
100.0,0.0,100.0,100.0,0,0,0,0,0.0,0.0,0.0,0
100.0,0.0,100.0,100.0,0,0,0,0,0.0,0.0,0.0,0
100.0,0.0,100.0,100.0,0,0,0,0,0.0,0.0,0.0,0
100.0,0.0,100.0,100.0,0,0,0,0,0.0,0.0,0.0,0
100.0,0.0,100.0,100.0,0,0,0,0,0.0,0.0,0.0,0
100.0,0.0,100.0,100.0,0,0,0,0,0.0,0.0,0.0,0
100.0,0.0,100.0,100.0,0,0,0,0,0.0,0.0,0.0,0
100.0,0.0,100.0,100.0,0,0,0,0,0.0,0.0,0.0,0
100.0,0.0,100.0,100.0,0,0,0,0,0.0,0.0,0.0,0
100.0,0.0,100.0,100.0,0,0,0,0,0.0,0.0,0.0,0
100.0,0.0,100.0,100.0,0,0,0,0,0.0,0.0,0.0,0
100.0,0.0,100.0,100.0,0,0,0,0,0.0,0.0,0.0,0
100.0,0.0,100.0,100.0,0,0,0,0,0.0,0.0,0.0,0
100.0,0.0,100.0,100.0,0,0,0,0,0.0,0.0,0.0,0
100.0,0.0,100.0,100.0,0,0,0,0,0.0,0.0,0.0,0
100.0,0.0,100.0,100.0,0,0,0,0,0.0,0.0,0.0,0
100.0,0.0,100.0,100.0,0,0,0,0,0.0,0.0,0.0,0
100.0,0.0,100.0,100.0,0,0,0,0,0.0,0.0,0.0,0
100.0,0.0,100.0,100.0,0,0,0,0,0.0,0.0,0.0,0
100.0,0.0,100.0,100.0,0,0,0,0,0.0,0.0,0.0,0
100.0,0.0,100.0,100.0,0,0,0,0,0.0,0.0,0.0,0
100.0,0.0,100.0,100.0,0,0,0,0,0.0,0.0,0.0,0
100.0,0.0,100.0,100.0,0,0,0,0,0.0,0.0,0.0,0
100.0,0.0,100.0,100.0,0,0,0,0,0.0,0.0,0.0,0
100.0,0.0,100.0,100.0,0,0,0,0,0.0,0.0,0.0,0
100.0,0.0,100.0,100.0,0,0,0,0,0.0,0.0,0.0,0
100.0,0.0,100.0,100.0,0,0,0,0,0.0,0.0,0.0,0
100.0,0.0,100.0,100.0,0,0,0,0,0.0,0.0,0.0,0
100.0,0.0,100.0,100.0,0,0,0,0,0.0,0.0,0.0,0
100.0,0.0,100.0,100.0,0,0,0,0,0.0,0.0,0.0,0
100.0,0.0,100.0,100.0,0,0,0,0,0.0,0.0,0.0,0
100.0,0.0,100.0,100.0,0,0,0,0,0.0,0.0,0.0,0
100.0,0.0,100.0,100.0,0,0,0,0,0.0,0.0,0.0,0
100.0,0.0,100.0,100.0,0,0,0,0,0.0,0.0,0.0,0
100.0,0.0,100.0,100.0,0,0,0,0,0.0,0.0,0.0,0
100.0,0.0,100.0,100.0,0,0,0,0,0.0,0.0,0.0,0
100.0,0.0,100.0,100.0,0,0,0,0,0.0,0.0,0.0,0
100.0,0.0,100.0,100.0,0,0,0,0,0.0,0.0,0.0,0
100.0,0.0,100.0,100.0,0,0,0,0,0.0,0.0,0.0,0
100.0,0.0,100.0,100.0,0,0,0,0,0.0,0.0,0.0,0
100.0,0.0,100.0,100.0,0,0,0,0,0.0,0.0,0.0,0
100.0,0.0,100.0,100.0,0,0,0,0,0.0,0.0,0.0,0
100.0,0.0,100.0,100.0,0,0,0,0,0.0,0.0,0.0,0
100.0,0.0,100.0,100.0,0,0,0,0,0.0,0.0,0.0,0
100.0,0.0,100.0,100.0,0,0,0,0,0.0,0.0,0.0,0
100.0,0.0,100.0,100.0,0,0,0,0,0.0,0.0,0.0,0
100.0,0.0,100.0,100.0,0,0,0,0,0.0,0.0,0.0,0
100.0,0.0,100.0,100.0,0,0,0,0,0.0,0.0,0.0,0
100.0,0.0,100.0,100.0,0,0,0,0,0.0,0.0,0.0,0
100.0,0.0,100.0,100.0,0,0,0,0,0.0,0.0,0.0,0
100.0,0.0,100.0,100.0,0,0,0,0,0.0,0.0,0.0,0
100.0,0.0,100.0,100.0,0,0,0,0,0.0,0.0,0.0,0
100.0,0.0,100.0,100.0,0,0,0,0,0.0,0.0,0.0,0
100.0,0.0,100.0,100.0,0,0,0,0,0.0,0.0,0.0,0
100.0,0.0,100.0,100.0,0,0,0,0,0.0,0.0,0.0,0
100.0,0.0,100.0,100.0,0,0,0,0,0.0,0.0,0.0,0
100.0,0.0,100.0,100.0,0,0,0,0,0.0,0.0,0.0,0
100.0,0.0,100.0,100.0,0,0,0,0,0.0,0.0,0.0,0
100.0,0.0,100.0,100.0,0,0,0,0,0.0,0.0,0.0,0
100.0,0.0,100.0,100.0,0,0,0,0,0.0,0.0,0.0,0
100.0,0.0,100.0,100.0,0,0,0,0,0.0,0.0,0.0,0
100.0,0.0,100.0,100.0,0,0,0,0,0.0,0.0,0.0,0
100.0,0.0,100.0,100.0,0,0,0,0,0.0,0.0,0.0,0
100.0,0.0,100.0,100.0,0,0,0,0,0.0,0.0,0.0,0
100.0,0.0,100.0,100.0,0,0,0,0,0.0,0.0,0.0,0
100.0,0.0,100.0,100.0,0,0,0,0,0.0,0.0,0.0,0
100.0,0.0,100.0,100.0,0,0,0,0,0.0,0.0,0.0,0
100.0,0.0,100.0,100.0,0,0,0,0,0.0,0.0,0.0,0
100.0,0.0,100.0,100.0,0,0,0,0,0.0,0.0,0.0,0
100.0,0.0,100.0,100.0,0,0,0,0,0.0,0.0,0.0,0
100.0,0.0,100.0,100.0,0,0,0,0,0.0,0.0,0.0,0
100.0,0.0,100.0,100.0,0,0,0,0,0.0,0.0,0.0,0
100.0,0.0,100.0,100.0,0,0,0,0,0.0,0.0,0.0,0
100.0,0.0,100.0,100.0,0,0,0,0,0.0,0.0,0.0,0
100.0,0.0,100.0,100.0,0,0,0,0,0.0,0.0,0.0,0
100.0,0.0,100.0,100.0,0,0,0,0,0.0,0.0,0.0,0
100.0,0.0,100.0,100.0,0,0,0,0,0.0,0.0,0.0,0
100.0,0.0,100.0,100.0,0,0,0,0,0.0,0.0,0.0,0
100.0,0.0,100.0,100.0,0,0,0,0,0.0,0.0,0.0,0
100.0,0.0,100.0,100.0,0,0,0,0,0.0,0.0,0.0,0
100.0,0.0,100.0,100.0,0,0,0,0,0.0,0.0,0.0,0
100.0,0.0,100.0,100.0,0,0,0,0,0.0,0.0,0.0,0
100.0,0.0,100.0,100.0,0,0,0,0,0.0,0.0,0.0,0
100.0,0.0,100.0,100.0,0,0,0,0,0.0,0.0,0.0,0
100.0,0.0,100.0,100.0,0,0,0,0,0.0,0.0,0.0,0
100.0,0.0,100.0,100.0,0,0,0,0,0.0,0.0,0.0,0
100.0,0.0,100.0,100.0,0,0,0,0,0.0,0.0,0.0,0
100.0,0.0,100.0,100.0,0,0,0,0,0.0,0.0,0.0,0
100.0,0.0,100.0,100.0,0,0,0,0,0.0,0.0,0.0,0
100.0,0.0,100.0,100.0,0,0,0,0,0.0,0.0,0.0,0
100.0,0.0,100.0,100.0,0,0,0,0,0.0,0.0,0.0,0
100.0,0.0,100.0,100.0,0,0,0,0,0.0,0.0,0.0,0
100.0,0.0,100.0,100.0,0,0,0,0,0.0,0.0,0.0,0
100.0,0.0,100.0,100.0,0,0,0,0,0.0,0.0,0.0,0
100.0,0.0,100.0,100.0,0,0,0,0,0.0,0.0,0.0,0
100.0,0.0,100.0,100.0,0,0,0,0,0.0,0.0,0.0,0
100.0,0.0,100.0,100.0,0,0,0,0,0.0,0.0,0.0,0
100.0,0.0,100.0,100.0,0,0,0,0,0.0,0.0,0.0,0
100.0,0.0,100.0,100.0,0,0,0,0,0.0,0.0,0.0,0
100.0,0.0,100.0,100.0,0,0,0,0,0.0,0.0,0.0,0
100.0,0.0,100.0,100.0,0,0,0,0,0.0,0.0,0.0,0
100.0,0.0,100.0,100.0,0,0,0,0,0.0,0.0,0.0,0
100.0,0.0,100.0,100.0,0,0,0,0,0.0,0.0,0.0,0
100.0,0.0,100.0,100.0,0,0,0,0,0.0,0.0,0.0,0
100.0,0.0,100.0,100.0,0,0,0,0,0.0,0.0,0.0,0
100.0,0.0,100.0,100.0,0,0,0,0,0.0,0.0,0.0,0
92.5,0.0,100.0,70.0,0,0,0,0,0.0,0.0,0.0,0
100.0,0.0,100.0,100.0,0,0,0,0,0.0,0.0,0.0,0
100.0,0.0,100.0,100.0,0,0,0,0,0.0,0.0,0.0,0
100.0,0.0,100.0,100.0,0,0,0,0,0.0,0.0,0.0,0
100.0,0.0,100.0,100.0,0,0,0,0,0.0,0.0,0.0,0
100.0,0.0,100.0,100.0,0,0,0,0,0.0,0.0,0.0,0
100.0,0.0,100.0,100.0,0,0,0,0,0.0,0.0,0.0,0
100.0,0.0,100.0,100.0,0,0,0,0,0.0,0.0,0.0,0
100.0,0.0,100.0,100.0,0,0,0,0,0.0,0.0,0.0,0
100.0,0.0,100.0,100.0,0,0,0,0,0.0,0.0,0.0,0
100.0,0.0,100.0,100.0,0,0,0,0,0.0,0.0,0.0,0
100.0,0.0,100.0,100.0,0,0,0,0,0.0,0.0,0.0,0
100.0,0.0,100.0,100.0,0,0,0,0,0.0,0.0,0.0,0
95.42,0.0,100.0,81.67,0,0,0,0,0.0,0.0,0.0,0
100.0,0.0,100.0,100.0,0,0,0,0,0.0,0.0,0.0,0
100.0,0.0,100.0,100.0,0,0,0,0,0.0,0.0,0.0,0
100.0,0.0,100.0,100.0,0,0,0,0,0.0,0.0,0.0,0
100.0,0.0,100.0,100.0,0,0,0,0,0.0,0.0,0.0,0
100.0,0.0,100.0,100.0,0,0,0,0,0.0,0.0,0.0,0
100.0,0.0,100.0,100.0,0,0,0,0,0.0,0.0,0.0,0
100.0,0.0,100.0,100.0,0,0,0,0,0.0,0.0,0.0,0
100.0,0.0,100.0,100.0,0,0,0,0,0.0,0.0,0.0,0
100.0,0.0,100.0,100.0,0,0,0,0,0.0,0.0,0.0,0
100.0,0.0,100.0,100.0,0,0,0,0,0.0,0.0,0.0,0
100.0,0.0,100.0,100.0,0,0,0,0,0.0,0.0,0.0,0
100.0,0.0,100.0,100.0,0,0,0,0,0.0,0.0,0.0,0
100.0,0.0,100.0,100.0,0,0,0,0,0.0,0.0,0.0,0
100.0,0.0,100.0,100.0,0,0,0,0,0.0,0.0,0.0,0
100.0,0.0,100.0,100.0,0,0,0,0,0.0,0.0,0.0,0
100.0,0.0,100.0,100.0,0,0,0,0,0.0,0.0,0.0,0
100.0,0.0,100.0,100.0,0,0,0,0,0.0,0.0,0.0,0
100.0,0.0,100.0,100.0,0,0,0,0,0.0,0.0,0.0,0
100.0,0.0,100.0,100.0,0,0,0,0,0.0,0.0,0.0,0
100.0,0.0,100.0,100.0,0,0,0,0,0.0,0.0,0.0,0
100.0,0.0,100.0,100.0,0,0,0,0,0.0,0.0,0.0,0
100.0,0.0,100.0,100.0,0,0,0,0,0.0,0.0,0.0,0
100.0,0.0,100.0,100.0,0,0,0,0,0.0,0.0,0.0,0
100.0,0.0,100.0,100.0,0,0,0,0,0.0,0.0,0.0,0
100.0,0.0,100.0,100.0,0,0,0,0,0.0,0.0,0.0,0
100.0,0.0,100.0,100.0,0,0,0,0,0.0,0.0,0.0,0
100.0,0.0,100.0,100.0,0,0,0,0,0.0,0.0,0.0,0
100.0,0.0,100.0,100.0,0,0,0,0,0.0,0.0,0.0,0
100.0,0.0,100.0,100.0,0,0,0,0,0.0,0.0,0.0,0
100.0,0.0,100.0,100.0,0,0,0,0,0.0,0.0,0.0,0
100.0,0.0,100.0,100.0,0,0,0,0,0.0,0.0,0.0,0
100.0,0.0,100.0,100.0,0,0,0,0,0.0,0.0,0.0,0
100.0,0.0,100.0,100.0,0,0,0,0,0.0,0.0,0.0,0
100.0,0.0,100.0,100.0,0,0,0,0,0.0,0.0,0.0,0
100.0,0.0,100.0,100.0,0,0,0,0,0.0,0.0,0.0,0
100.0,0.0,100.0,100.0,0,0,0,0,0.0,0.0,0.0,0
100.0,0.0,100.0,100.0,0,0,0,0,0.0,0.0,0.0,0
100.0,0.0,100.0,100.0,0,0,0,0,0.0,0.0,0.0,0
100.0,0.0,100.0,100.0,0,0,0,0,0.0,0.0,0.0,0
100.0,0.0,100.0,100.0,0,0,0,0,0.0,0.0,0.0,0
100.0,0.0,100.0,100.0,0,0,0,0,0.0,0.0,0.0,0
100.0,0.0,100.0,100.0,0,0,0,0,0.0,0.0,0.0,0
77.92,0.0,100.0,11.67,0,0,0,0,0.0,0.0,0.0,0
98.75,0.0,100.0,95.0,0,0,0,0,0.0,0.0,0.0,0
100.0,0.0,100.0,100.0,0,0,0,0,0.0,0.0,0.0,0
100.0,0.0,100.0,100.0,0,0,0,0,0.0,0.0,0.0,0
100.0,0.0,100.0,100.0,0,0,0,0,0.0,0.0,0.0,0
100.0,0.0,100.0,100.0,0,0,0,0,0.0,0.0,0.0,0
100.0,0.0,100.0,100.0,0,0,0,0,0.0,0.0,0.0,0
100.0,0.0,100.0,100.0,0,0,0,0,0.0,0.0,0.0,0
100.0,0.0,100.0,100.0,0,0,0,0,0.0,0.0,0.0,0
100.0,0.0,100.0,100.0,0,0,0,0,0.0,0.0,0.0,0
100.0,0.0,100.0,100.0,0,0,0,0,0.0,0.0,0.0,0
100.0,0.0,100.0,100.0,0,0,0,0,0.0,0.0,0.0,0
100.0,0.0,100.0,100.0,0,0,0,0,0.0,0.0,0.0,0
100.0,0.0,100.0,100.0,0,0,0,0,0.0,0.0,0.0,0
100.0,0.0,100.0,100.0,0,0,0,0,0.0,0.0,0.0,0
100.0,0.0,100.0,100.0,0,0,0,0,0.0,0.0,0.0,0
100.0,0.0,100.0,100.0,0,0,0,0,0.0,0.0,0.0,0
100.0,0.0,100.0,100.0,0,0,0,0,0.0,0.0,0.0,0
100.0,0.0,100.0,100.0,0,0,0,0,0.0,0.0,0.0,0
100.0,0.0,100.0,100.0,0,0,0,0,0.0,0.0,0.0,0
100.0,0.0,100.0,100.0,0,0,0,0,0.0,0.0,0.0,0
100.0,0.0,100.0,100.0,0,0,0,0,0.0,0.0,0.0,0
100.0,0.0,100.0,100.0,0,0,0,0,0.0,0.0,0.0,0
100.0,0.0,100.0,100.0,0,0,0,0,0.0,0.0,0.0,0
100.0,0.0,100.0,100.0,0,0,0,0,0.0,0.0,0.0,0
100.0,0.0,100.0,100.0,0,0,0,0,0.0,0.0,0.0,0
100.0,0.0,100.0,100.0,0,0,0,0,0.0,0.0,0.0,0
100.0,0.0,100.0,100.0,0,0,0,0,0.0,0.0,0.0,0
100.0,0.0,100.0,100.0,0,0,0,0,0.0,0.0,0.0,0
100.0,0.0,100.0,100.0,0,0,0,0,0.0,0.0,0.0,0
100.0,0.0,100.0,100.0,0,0,0,0,0.0,0.0,0.0,0
100.0,0.0,100.0,100.0,0,0,0,0,0.0,0.0,0.0,0
100.0,0.0,100.0,100.0,0,0,0,0,0.0,0.0,0.0,0
100.0,0.0,100.0,100.0,0,0,0,0,0.0,0.0,0.0,0
100.0,0.0,100.0,100.0,0,0,0,0,0.0,0.0,0.0,0
100.0,0.0,100.0,100.0,0,0,0,0,0.0,0.0,0.0,0
100.0,0.0,100.0,100.0,0,0,0,0,0.0,0.0,0.0,0
100.0,0.0,100.0,100.0,0,0,0,0,0.0,0.0,0.0,0
100.0,0.0,100.0,100.0,0,0,0,0,0.0,0.0,0.0,0
100.0,0.0,100.0,100.0,0,0,0,0,0.0,0.0,0.0,0
100.0,0.0,100.0,100.0,0,0,0,0,0.0,0.0,0.0,0
100.0,0.0,100.0,100.0,0,0,0,0,0.0,0.0,0.0,0
100.0,0.0,100.0,100.0,0,0,0,0,0.0,0.0,0.0,0
100.0,0.0,100.0,100.0,0,0,0,0,0.0,0.0,0.0,0
100.0,0.0,100.0,100.0,0,0,0,0,0.0,0.0,0.0,0
100.0,0.0,100.0,100.0,0,0,0,0,0.0,0.0,0.0,0
100.0,0.0,100.0,100.0,0,0,0,0,0.0,0.0,0.0,0
100.0,0.0,100.0,100.0,0,0,0,0,0.0,0.0,0.0,0
100.0,0.0,100.0,100.0,0,0,0,0,0.0,0.0,0.0,0
100.0,0.0,100.0,100.0,0,0,0,0,0.0,0.0,0.0,0
100.0,0.0,100.0,100.0,0,0,0,0,0.0,0.0,0.0,0
100.0,0.0,100.0,100.0,0,0,0,0,0.0,0.0,0.0,0
100.0,0.0,100.0,100.0,0,0,0,0,0.0,0.0,0.0,0
100.0,0.0,100.0,100.0,0,0,0,0,0.0,0.0,0.0,0
100.0,0.0,100.0,100.0,0,0,0,0,0.0,0.0,0.0,0
100.0,0.0,100.0,100.0,0,0,0,0,0.0,0.0,0.0,0
100.0,0.0,100.0,100.0,0,0,0,0,0.0,0.0,0.0,0
100.0,0.0,100.0,100.0,0,0,0,0,0.0,0.0,0.0,0
100.0,0.0,100.0,100.0,0,0,0,0,0.0,0.0,0.0,0
100.0,0.0,100.0,100.0,0,0,0,0,0.0,0.0,0.0,0
100.0,0.0,100.0,100.0,0,0,0,0,0.0,0.0,0.0,0
100.0,0.0,100.0,100.0,0,0,0,0,0.0,0.0,0.0,0
100.0,0.0,100.0,100.0,0,0,0,0,0.0,0.0,0.0,0
100.0,0.0,100.0,100.0,0,0,0,0,0.0,0.0,0.0,0
100.0,0.0,100.0,100.0,0,0,0,0,0.0,0.0,0.0,0
100.0,0.0,100.0,100.0,0,0,0,0,0.0,0.0,0.0,0
100.0,0.0,100.0,100.0,0,0,0,0,0.0,0.0,0.0,0
100.0,0.0,100.0,100.0,0,0,0,0,0.0,0.0,0.0,0
100.0,0.0,100.0,100.0,0,0,0,0,0.0,0.0,0.0,0
100.0,0.0,100.0,100.0,0,0,0,0,0.0,0.0,0.0,0
100.0,0.0,100.0,100.0,0,0,0,0,0.0,0.0,0.0,0
100.0,0.0,100.0,100.0,0,0,0,0,0.0,0.0,0.0,0
100.0,0.0,100.0,100.0,0,0,0,0,0.0,0.0,0.0,0
100.0,0.0,100.0,100.0,0,0,0,0,0.0,0.0,0.0,0
100.0,0.0,100.0,100.0,0,0,0,0,0.0,0.0,0.0,0
100.0,0.0,100.0,100.0,0,0,0,0,0.0,0.0,0.0,0
100.0,0.0,100.0,100.0,0,0,0,0,0.0,0.0,0.0,0
100.0,0.0,100.0,100.0,0,0,0,0,0.0,0.0,0.0,0
100.0,0.0,100.0,100.0,0,0,0,0,0.0,0.0,0.0,0
100.0,0.0,100.0,100.0,0,0,0,0,0.0,0.0,0.0,0
100.0,0.0,100.0,100.0,0,0,0,0,0.0,0.0,0.0,0
81.25,0.0,100.0,25.0,0,0,0,0,0.0,0.0,0.0,0
75.0,0.0,100.0,0.0,0,0,0,0,0.0,0.0,0.0,0
75.0,0.0,100.0,0.0,0,0,0,0,0.0,0.0,0.0,0
82.92,0.0,100.0,31.67,0,0,0,0,0.0,0.0,0.0,0
100.0,0.0,100.0,100.0,0,0,0,0,0.0,0.0,0.0,0
100.0,0.0,100.0,100.0,0,0,0,0,0.0,0.0,0.0,0
100.0,0.0,100.0,100.0,0,0,0,0,0.0,0.0,0.0,0
100.0,0.0,100.0,100.0,0,0,0,0,0.0,0.0,0.0,0
100.0,0.0,100.0,100.0,0,0,0,0,0.0,0.0,0.0,0
100.0,0.0,100.0,100.0,0,0,0,0,0.0,0.0,0.0,0
100.0,0.0,100.0,100.0,0,0,0,0,0.0,0.0,0.0,0
100.0,0.0,100.0,100.0,0,0,0,0,0.0,0.0,0.0,0
100.0,0.0,100.0,100.0,0,0,0,0,0.0,0.0,0.0,0
100.0,0.0,100.0,100.0,0,0,0,0,0.0,0.0,0.0,0
100.0,0.0,100.0,100.0,0,0,0,0,0.0,0.0,0.0,0
100.0,0.0,100.0,100.0,0,0,0,0,0.0,0.0,0.0,0
100.0,0.0,100.0,100.0,0,0,0,0,0.0,0.0,0.0,0
100.0,0.0,100.0,100.0,0,0,0,0,0.0,0.0,0.0,0
100.0,0.0,100.0,100.0,0,0,0,0,0.0,0.0,0.0,0
100.0,0.0,100.0,100.0,0,0,0,0,0.0,0.0,0.0,0
100.0,0.0,100.0,100.0,0,0,0,0,0.0,0.0,0.0,0
100.0,0.0,100.0,100.0,0,0,0,0,0.0,0.0,0.0,0
100.0,0.0,100.0,100.0,0,0,0,0,0.0,0.0,0.0,0
100.0,0.0,100.0,100.0,0,0,0,0,0.0,0.0,0.0,0
100.0,0.0,100.0,100.0,0,0,0,0,0.0,0.0,0.0,0
100.0,0.0,100.0,100.0,0,0,0,0,0.0,0.0,0.0,0
100.0,0.0,100.0,100.0,0,0,0,0,0.0,0.0,0.0,0
100.0,0.0,100.0,100.0,0,0,0,0,0.0,0.0,0.0,0
100.0,0.0,100.0,100.0,0,0,0,0,0.0,0.0,0.0,0
100.0,0.0,100.0,100.0,0,0,0,0,0.0,0.0,0.0,0
100.0,0.0,100.0,100.0,0,0,0,0,0.0,0.0,0.0,0
100.0,0.0,100.0,100.0,0,0,0,0,0.0,0.0,0.0,0
100.0,0.0,100.0,100.0,0,0,0,0,0.0,0.0,0.0,0
100.0,0.0,100.0,100.0,0,0,0,0,0.0,0.0,0.0,0
100.0,0.0,100.0,100.0,0,0,0,0,0.0,0.0,0.0,0
100.0,0.0,100.0,100.0,0,0,0,0,0.0,0.0,0.0,0
100.0,0.0,100.0,100.0,0,0,0,0,0.0,0.0,0.0,0
100.0,0.0,100.0,100.0,0,0,0,0,0.0,0.0,0.0,0
100.0,0.0,100.0,100.0,0,0,0,0,0.0,0.0,0.0,0
100.0,0.0,100.0,100.0,0,0,0,0,0.0,0.0,0.0,0
100.0,0.0,100.0,100.0,0,0,0,0,0.0,0.0,0.0,0
100.0,0.0,100.0,100.0,0,0,0,0,0.0,0.0,0.0,0
100.0,0.0,100.0,100.0,0,0,0,0,0.0,0.0,0.0,0
100.0,0.0,100.0,100.0,0,0,0,0,0.0,0.0,0.0,0
100.0,0.0,100.0,100.0,0,0,0,0,0.0,0.0,0.0,0
100.0,0.0,100.0,100.0,0,0,0,0,0.0,0.0,0.0,0
100.0,0.0,100.0,100.0,0,0,0,0,0.0,0.0,0.0,0
100.0,0.0,100.0,100.0,0,0,0,0,0.0,0.0,0.0,0
100.0,0.0,100.0,100.0,0,0,0,0,0.0,0.0,0.0,0
100.0,0.0,100.0,100.0,0,0,0,0,0.0,0.0,0.0,0
100.0,0.0,100.0,100.0,0,0,0,0,0.0,0.0,0.0,0
100.0,0.0,100.0,100.0,0,0,0,0,0.0,0.0,0.0,0
100.0,0.0,100.0,100.0,0,0,0,0,0.0,0.0,0.0,0
100.0,0.0,100.0,100.0,0,0,0,0,0.0,0.0,0.0,0
100.0,0.0,100.0,100.0,0,0,0,0,0.0,0.0,0.0,0
100.0,0.0,100.0,100.0,0,0,0,0,0.0,0.0,0.0,0
100.0,0.0,100.0,100.0,0,0,0,0,0.0,0.0,0.0,0
100.0,0.0,100.0,100.0,0,0,0,0,0.0,0.0,0.0,0
100.0,0.0,100.0,100.0,0,0,0,0,0.0,0.0,0.0,0
100.0,0.0,100.0,100.0,0,0,0,0,0.0,0.0,0.0,0
100.0,0.0,100.0,100.0,0,0,0,0,0.0,0.0,0.0,0
100.0,0.0,100.0,100.0,0,0,0,0,0.0,0.0,0.0,0
100.0,0.0,100.0,100.0,0,0,0,0,0.0,0.0,0.0,0
100.0,0.0,100.0,100.0,0,0,0,0,0.0,0.0,0.0,0
100.0,0.0,100.0,100.0,0,0,0,0,0.0,0.0,0.0,0
100.0,0.0,100.0,100.0,0,0,0,0,0.0,0.0,0.0,0
100.0,0.0,100.0,100.0,0,0,0,0,0.0,0.0,0.0,0
100.0,0.0,100.0,100.0,0,0,0,0,0.0,0.0,0.0,0
100.0,0.0,100.0,100.0,0,0,0,0,0.0,0.0,0.0,0
100.0,0.0,100.0,100.0,0,0,0,0,0.0,0.0,0.0,0
100.0,0.0,100.0,100.0,0,0,0,0,0.0,0.0,0.0,0
100.0,0.0,100.0,100.0,0,0,0,0,0.0,0.0,0.0,0
100.0,0.0,100.0,100.0,0,0,0,0,0.0,0.0,0.0,0
100.0,0.0,100.0,100.0,0,0,0,0,0.0,0.0,0.0,0
100.0,0.0,100.0,100.0,0,0,0,0,0.0,0.0,0.0,0
100.0,0.0,100.0,100.0,0,0,0,0,0.0,0.0,0.0,0
100.0,0.0,100.0,100.0,0,0,0,0,0.0,0.0,0.0,0
100.0,0.0,100.0,100.0,0,0,0,0,0.0,0.0,0.0,0
100.0,0.0,100.0,100.0,0,0,0,0,0.0,0.0,0.0,0
100.0,0.0,100.0,100.0,0,0,0,0,0.0,0.0,0.0,0
100.0,0.0,100.0,100.0,0,0,0,0,0.0,0.0,0.0,0
100.0,0.0,100.0,100.0,0,0,0,0,0.0,0.0,0.0,0
100.0,0.0,100.0,100.0,0,0,0,0,0.0,0.0,0.0,0
100.0,0.0,100.0,100.0,0,0,0,0,0.0,0.0,0.0,0
100.0,0.0,100.0,100.0,0,0,0,0,0.0,0.0,0.0,0
100.0,0.0,100.0,100.0,0,0,0,0,0.0,0.0,0.0,0
100.0,0.0,100.0,100.0,0,0,0,0,0.0,0.0,0.0,0
100.0,0.0,100.0,100.0,0,0,0,0,0.0,0.0,0.0,0
100.0,0.0,100.0,100.0,0,0,0,0,0.0,0.0,0.0,0
100.0,0.0,100.0,100.0,0,0,0,0,0.0,0.0,0.0,0
100.0,0.0,100.0,100.0,0,0,0,0,0.0,0.0,0.0,0
100.0,0.0,100.0,100.0,0,0,0,0,0.0,0.0,0.0,0
100.0,0.0,100.0,100.0,0,0,0,0,0.0,0.0,0.0,0
100.0,0.0,100.0,100.0,0,0,0,0,0.0,0.0,0.0,0
100.0,0.0,100.0,100.0,0,0,0,0,0.0,0.0,0.0,0
100.0,0.0,100.0,100.0,0,0,0,0,0.0,0.0,0.0,0
100.0,0.0,100.0,100.0,0,0,0,0,0.0,0.0,0.0,0
100.0,0.0,100.0,100.0,0,0,0,0,0.0,0.0,0.0,0
100.0,0.0,100.0,100.0,0,0,0,0,0.0,0.0,0.0,0
100.0,0.0,100.0,100.0,0,0,0,0,0.0,0.0,0.0,0
100.0,0.0,100.0,100.0,0,0,0,0,0.0,0.0,0.0,0
100.0,0.0,100.0,100.0,0,0,0,0,0.0,0.0,0.0,0
100.0,0.0,100.0,100.0,0,0,0,0,0.0,0.0,0.0,0
100.0,0.0,100.0,100.0,0,0,0,0,0.0,0.0,0.0,0
100.0,0.0,100.0,100.0,0,0,0,0,0.0,0.0,0.0,0
100.0,0.0,100.0,100.0,0,0,0,0,0.0,0.0,0.0,0
100.0,0.0,100.0,100.0,0,0,0,0,0.0,0.0,0.0,0
100.0,0.0,100.0,100.0,0,0,0,0,0.0,0.0,0.0,0
100.0,0.0,100.0,100.0,0,0,0,0,0.0,0.0,0.0,0
100.0,0.0,100.0,100.0,0,0,0,0,0.0,0.0,0.0,0
100.0,0.0,100.0,100.0,0,0,0,0,0.0,0.0,0.0,0
100.0,0.0,100.0,100.0,0,0,0,0,0.0,0.0,0.0,0
100.0,0.0,100.0,100.0,0,0,0,0,0.0,0.0,0.0,0
100.0,0.0,100.0,100.0,0,0,0,0,0.0,0.0,0.0,0
100.0,0.0,100.0,100.0,0,0,0,0,0.0,0.0,0.0,0
100.0,0.0,100.0,100.0,0,0,0,0,0.0,0.0,0.0,0
100.0,0.0,100.0,100.0,0,0,0,0,0.0,0.0,0.0,0
100.0,0.0,100.0,100.0,0,0,0,0,0.0,0.0,0.0,0
100.0,0.0,100.0,100.0,0,0,0,0,0.0,0.0,0.0,0
100.0,0.0,100.0,100.0,0,0,0,0,0.0,0.0,0.0,0
100.0,0.0,100.0,100.0,0,0,0,0,0.0,0.0,0.0,0
100.0,0.0,100.0,100.0,0,0,0,0,0.0,0.0,0.0,0
100.0,0.0,100.0,100.0,0,0,0,0,0.0,0.0,0.0,0
100.0,0.0,100.0,100.0,0,0,0,0,0.0,0.0,0.0,0
100.0,0.0,100.0,100.0,0,0,0,0,0.0,0.0,0.0,0
100.0,0.0,100.0,100.0,0,0,0,0,0.0,0.0,0.0,0
100.0,0.0,100.0,100.0,0,0,0,0,0.0,0.0,0.0,0
100.0,0.0,100.0,100.0,0,0,0,0,0.0,0.0,0.0,0
100.0,0.0,100.0,100.0,0,0,0,0,0.0,0.0,0.0,0
100.0,0.0,100.0,100.0,0,0,0,0,0.0,0.0,0.0,0
100.0,0.0,100.0,100.0,0,0,0,0,0.0,0.0,0.0,0
100.0,0.0,100.0,100.0,0,0,0,0,0.0,0.0,0.0,0
100.0,0.0,100.0,100.0,0,0,0,0,0.0,0.0,0.0,0
100.0,0.0,100.0,100.0,0,0,0,0,0.0,0.0,0.0,0
100.0,0.0,100.0,100.0,0,0,0,0,0.0,0.0,0.0,0
100.0,0.0,100.0,100.0,0,0,0,0,0.0,0.0,0.0,0
100.0,0.0,100.0,100.0,0,0,0,0,0.0,0.0,0.0,0
100.0,0.0,100.0,100.0,0,0,0,0,0.0,0.0,0.0,0
100.0,0.0,100.0,100.0,0,0,0,0,0.0,0.0,0.0,0
100.0,0.0,100.0,100.0,0,0,0,0,0.0,0.0,0.0,0
100.0,0.0,100.0,100.0,0,0,0,0,0.0,0.0,0.0,0
100.0,0.0,100.0,100.0,0,0,0,0,0.0,0.0,0.0,0
100.0,0.0,100.0,100.0,0,0,0,0,0.0,0.0,0.0,0
100.0,0.0,100.0,100.0,0,0,0,0,0.0,0.0,0.0,0
100.0,0.0,100.0,100.0,0,0,0,0,0.0,0.0,0.0,0
100.0,0.0,100.0,100.0,0,0,0,0,0.0,0.0,0.0,0
100.0,0.0,100.0,100.0,0,0,0,0,0.0,0.0,0.0,0
100.0,0.0,100.0,100.0,0,0,0,0,0.0,0.0,0.0,0
75.0,0.0,100.0,0.0,0,0,0,0,0.0,0.0,0.0,0
95.83,0.0,100.0,83.33,0,0,0,0,0.0,0.0,0.0,0
100.0,0.0,100.0,100.0,0,0,0,0,0.0,0.0,0.0,0
100.0,0.0,100.0,100.0,0,0,0,0,0.0,0.0,0.0,0
100.0,0.0,100.0,100.0,0,0,0,0,0.0,0.0,0.0,0
100.0,0.0,100.0,100.0,0,0,0,0,0.0,0.0,0.0,0
100.0,0.0,100.0,100.0,0,0,0,0,0.0,0.0,0.0,0
81.67,0.0,100.0,26.67,0,0,0,0,0.0,0.0,0.0,0
75.0,0.0,100.0,0.0,0,0,0,0,0.0,0.0,0.0,0
75.0,0.0,100.0,0.0,0,0,0,0,0.0,0.0,0.0,0
75.0,0.0,100.0,0.0,0,0,0,0,0.0,0.0,0.0,0
75.0,0.0,100.0,0.0,0,0,0,0,0.0,0.0,0.0,0
75.0,0.0,100.0,0.0,0,0,0,0,0.0,0.0,0.0,0
75.0,0.0,100.0,0.0,0,0,0,0,0.0,0.0,0.0,0
75.0,0.0,100.0,0.0,0,0,0,0,0.0,0.0,0.0,0
75.0,0.0,100.0,0.0,0,0,0,0,0.0,0.0,0.0,0
75.0,0.0,100.0,0.0,0,0,0,0,0.0,0.0,0.0,0
75.0,0.0,100.0,0.0,0,0,0,0,0.0,0.0,0.0,0
75.0,0.0,100.0,0.0,0,0,0,0,0.0,0.0,0.0,0
96.25,0.0,100.0,85.0,0,0,0,0,0.0,0.0,0.0,0
100.0,0.0,100.0,100.0,0,0,0,0,0.0,0.0,0.0,0
100.0,0.0,100.0,100.0,0,0,0,0,0.0,0.0,0.0,0
100.0,0.0,100.0,100.0,0,0,0,0,0.0,0.0,0.0,0
100.0,0.0,100.0,100.0,0,0,0,0,0.0,0.0,0.0,0
100.0,0.0,100.0,100.0,0,0,0,0,0.0,0.0,0.0,0
100.0,0.0,100.0,100.0,0,0,0,0,0.0,0.0,0.0,0
100.0,0.0,100.0,100.0,0,0,0,0,0.0,0.0,0.0,0
100.0,0.0,100.0,100.0,0,0,0,0,0.0,0.0,0.0,0
100.0,0.0,100.0,100.0,0,0,0,0,0.0,0.0,0.0,0
100.0,0.0,100.0,100.0,0,0,0,0,0.0,0.0,0.0,0
100.0,0.0,100.0,100.0,0,0,0,0,0.0,0.0,0.0,0
100.0,0.0,100.0,100.0,0,0,0,0,0.0,0.0,0.0,0
100.0,0.0,100.0,100.0,0,0,0,0,0.0,0.0,0.0,0
100.0,0.0,100.0,100.0,0,0,0,0,0.0,0.0,0.0,0
100.0,0.0,100.0,100.0,0,0,0,0,0.0,0.0,0.0,0
100.0,0.0,100.0,100.0,0,0,0,0,0.0,0.0,0.0,0
100.0,0.0,100.0,100.0,0,0,0,0,0.0,0.0,0.0,0
100.0,0.0,100.0,100.0,0,0,0,0,0.0,0.0,0.0,0
100.0,0.0,100.0,100.0,0,0,0,0,0.0,0.0,0.0,0
100.0,0.0,100.0,100.0,0,0,0,0,0.0,0.0,0.0,0
100.0,0.0,100.0,100.0,0,0,0,0,0.0,0.0,0.0,0
100.0,0.0,100.0,100.0,0,0,0,0,0.0,0.0,0.0,0
100.0,0.0,100.0,100.0,0,0,0,0,0.0,0.0,0.0,0
100.0,0.0,100.0,100.0,0,0,0,0,0.0,0.0,0.0,0
100.0,0.0,100.0,100.0,0,0,0,0,0.0,0.0,0.0,0
100.0,0.0,100.0,100.0,0,0,0,0,0.0,0.0,0.0,0
100.0,0.0,100.0,100.0,0,0,0,0,0.0,0.0,0.0,0
25.0,0.0,0.0,100.0,0,0,0,0,-100.0,0.0,0.0,0
100.0,0.0,100.0,100.0,0,0,0,0,100.0,0.0,0.0,0
100.0,0.0,100.0,100.0,0,0,0,0,0.0,0.0,0.0,0
100.0,0.0,100.0,100.0,0,0,0,0,0.0,0.0,0.0,0
100.0,0.0,100.0,100.0,0,0,0,0,0.0,0.0,0.0,0
100.0,0.0,100.0,100.0,0,0,0,0,0.0,0.0,0.0,0
100.0,0.0,100.0,100.0,0,0,0,0,0.0,0.0,0.0,0
87.5,0.0,83.33,100.0,0,0,0,0,-16.67,0.0,0.0,0
77.5,0.0,70.0,100.0,0,0,0,0,-13.329999999999998,0.0,0.0,0
100.0,0.0,100.0,100.0,0,0,0,0,30.0,0.0,0.0,0
100.0,0.0,100.0,100.0,0,0,0,0,0.0,0.0,0.0,0
100.0,0.0,100.0,100.0,0,0,0,0,0.0,0.0,0.0,0
100.0,0.0,100.0,100.0,0,0,0,0,0.0,0.0,0.0,0
100.0,0.0,100.0,100.0,0,0,0,0,0.0,0.0,0.0,0
100.0,0.0,100.0,100.0,0,0,0,0,0.0,0.0,0.0,0
100.0,0.0,100.0,100.0,0,0,0,0,0.0,0.0,0.0,0
100.0,0.0,100.0,100.0,0,0,0,0,0.0,0.0,0.0,0
100.0,0.0,100.0,100.0,0,0,0,0,0.0,0.0,0.0,0
100.0,0.0,100.0,100.0,0,0,0,0,0.0,0.0,0.0,0
100.0,0.0,100.0,100.0,0,0,0,0,0.0,0.0,0.0,0
100.0,0.0,100.0,100.0,0,0,0,0,0.0,0.0,0.0,0
100.0,0.0,100.0,100.0,0,0,0,0,0.0,0.0,0.0,0
100.0,0.0,100.0,100.0,0,0,0,0,0.0,0.0,0.0,0
100.0,0.0,100.0,100.0,0,0,0,0,0.0,0.0,0.0,0
100.0,0.0,100.0,100.0,0,0,0,0,0.0,0.0,0.0,0
100.0,0.0,100.0,100.0,0,0,0,0,0.0,0.0,0.0,0
100.0,0.0,100.0,100.0,0,0,0,0,0.0,0.0,0.0,0
100.0,0.0,100.0,100.0,0,0,0,0,0.0,0.0,0.0,0
100.0,0.0,100.0,100.0,0,0,0,0,0.0,0.0,0.0,0
100.0,0.0,100.0,100.0,0,0,0,0,0.0,0.0,0.0,0
100.0,0.0,100.0,100.0,0,0,0,0,0.0,0.0,0.0,0
100.0,0.0,100.0,100.0,0,0,0,0,0.0,0.0,0.0,0
100.0,0.0,100.0,100.0,0,0,0,0,0.0,0.0,0.0,0
100.0,0.0,100.0,100.0,0,0,0,0,0.0,0.0,0.0,0
100.0,0.0,100.0,100.0,0,0,0,0,0.0,0.0,0.0,0
100.0,0.0,100.0,100.0,0,0,0,0,0.0,0.0,0.0,0
100.0,0.0,100.0,100.0,0,0,0,0,0.0,0.0,0.0,0
100.0,0.0,100.0,100.0,0,0,0,0,0.0,0.0,0.0,0
100.0,0.0,100.0,100.0,0,0,0,0,0.0,0.0,0.0,0
100.0,0.0,100.0,100.0,0,0,0,0,0.0,0.0,0.0,0
100.0,0.0,100.0,100.0,0,0,0,0,0.0,0.0,0.0,0
100.0,0.0,100.0,100.0,0,0,0,0,0.0,0.0,0.0,0
100.0,0.0,100.0,100.0,0,0,0,0,0.0,0.0,0.0,0
100.0,0.0,100.0,100.0,0,0,0,0,0.0,0.0,0.0,0
100.0,0.0,100.0,100.0,0,0,0,0,0.0,0.0,0.0,0
100.0,0.0,100.0,100.0,0,0,0,0,0.0,0.0,0.0,0
100.0,0.0,100.0,100.0,0,0,0,0,0.0,0.0,0.0,0
100.0,0.0,100.0,100.0,0,0,0,0,0.0,0.0,0.0,0
100.0,0.0,100.0,100.0,0,0,0,0,0.0,0.0,0.0,0
100.0,0.0,100.0,100.0,0,0,0,0,0.0,0.0,0.0,0
100.0,0.0,100.0,100.0,0,0,0,0,0.0,0.0,0.0,0
100.0,0.0,100.0,100.0,0,0,0,0,0.0,0.0,0.0,0
100.0,0.0,100.0,100.0,0,0,0,0,0.0,0.0,0.0,0
100.0,0.0,100.0,100.0,0,0,0,0,0.0,0.0,0.0,0
100.0,0.0,100.0,100.0,0,0,0,0,0.0,0.0,0.0,0
100.0,0.0,100.0,100.0,0,0,0,0,0.0,0.0,0.0,0
100.0,0.0,100.0,100.0,0,0,0,0,0.0,0.0,0.0,0
100.0,0.0,100.0,100.0,0,0,0,0,0.0,0.0,0.0,0
100.0,0.0,100.0,100.0,0,0,0,0,0.0,0.0,0.0,0
100.0,0.0,100.0,100.0,0,0,0,0,0.0,0.0,0.0,0
100.0,0.0,100.0,100.0,0,0,0,0,0.0,0.0,0.0,0
100.0,0.0,100.0,100.0,0,0,0,0,0.0,0.0,0.0,0
100.0,0.0,100.0,100.0,0,0,0,0,0.0,0.0,0.0,0
100.0,0.0,100.0,100.0,0,0,0,0,0.0,0.0,0.0,0
100.0,0.0,100.0,100.0,0,0,0,0,0.0,0.0,0.0,0
100.0,0.0,100.0,100.0,0,0,0,0,0.0,0.0,0.0,0
100.0,0.0,100.0,100.0,0,0,0,0,0.0,0.0,0.0,0
100.0,0.0,100.0,100.0,0,0,0,0,0.0,0.0,0.0,0
100.0,0.0,100.0,100.0,0,0,0,0,0.0,0.0,0.0,0
100.0,0.0,100.0,100.0,0,0,0,0,0.0,0.0,0.0,0
100.0,0.0,100.0,100.0,0,0,0,0,0.0,0.0,0.0,0
100.0,0.0,100.0,100.0,0,0,0,0,0.0,0.0,0.0,0
100.0,0.0,100.0,100.0,0,0,0,0,0.0,0.0,0.0,0
100.0,0.0,100.0,100.0,0,0,0,0,0.0,0.0,0.0,0
100.0,0.0,100.0,100.0,0,0,0,0,0.0,0.0,0.0,0
100.0,0.0,100.0,100.0,0,0,0,0,0.0,0.0,0.0,0
100.0,0.0,100.0,100.0,0,0,0,0,0.0,0.0,0.0,0
100.0,0.0,100.0,100.0,0,0,0,0,0.0,0.0,0.0,0
100.0,0.0,100.0,100.0,0,0,0,0,0.0,0.0,0.0,0
100.0,0.0,100.0,100.0,0,0,0,0,0.0,0.0,0.0,0
100.0,0.0,100.0,100.0,0,0,0,0,0.0,0.0,0.0,0
100.0,0.0,100.0,100.0,0,0,0,0,0.0,0.0,0.0,0
100.0,0.0,100.0,100.0,0,0,0,0,0.0,0.0,0.0,0
100.0,0.0,100.0,100.0,0,0,0,0,0.0,0.0,0.0,0
100.0,0.0,100.0,100.0,0,0,0,0,0.0,0.0,0.0,0
100.0,0.0,100.0,100.0,0,0,0,0,0.0,0.0,0.0,0
100.0,0.0,100.0,100.0,0,0,0,0,0.0,0.0,0.0,0
100.0,0.0,100.0,100.0,0,0,0,0,0.0,0.0,0.0,0
100.0,0.0,100.0,100.0,0,0,0,0,0.0,0.0,0.0,0
100.0,0.0,100.0,100.0,0,0,0,0,0.0,0.0,0.0,0
100.0,0.0,100.0,100.0,0,0,0,0,0.0,0.0,0.0,0
100.0,0.0,100.0,100.0,0,0,0,0,0.0,0.0,0.0,0
100.0,0.0,100.0,100.0,0,0,0,0,0.0,0.0,0.0,0
100.0,0.0,100.0,100.0,0,0,0,0,0.0,0.0,0.0,0
100.0,0.0,100.0,100.0,0,0,0,0,0.0,0.0,0.0,0
100.0,0.0,100.0,100.0,0,0,0,0,0.0,0.0,0.0,0
100.0,0.0,100.0,100.0,0,0,0,0,0.0,0.0,0.0,0
100.0,0.0,100.0,100.0,0,0,0,0,0.0,0.0,0.0,0
100.0,0.0,100.0,100.0,0,0,0,0,0.0,0.0,0.0,0
100.0,0.0,100.0,100.0,0,0,0,0,0.0,0.0,0.0,0
100.0,0.0,100.0,100.0,0,0,0,0,0.0,0.0,0.0,0
100.0,0.0,100.0,100.0,0,0,0,0,0.0,0.0,0.0,0
100.0,0.0,100.0,100.0,0,0,0,0,0.0,0.0,0.0,0
100.0,0.0,100.0,100.0,0,0,0,0,0.0,0.0,0.0,0
100.0,0.0,100.0,100.0,0,0,0,0,0.0,0.0,0.0,0
100.0,0.0,100.0,100.0,0,0,0,0,0.0,0.0,0.0,0
100.0,0.0,100.0,100.0,0,0,0,0,0.0,0.0,0.0,0
100.0,0.0,100.0,100.0,0,0,0,0,0.0,0.0,0.0,0
100.0,0.0,100.0,100.0,0,0,0,0,0.0,0.0,0.0,0
100.0,0.0,100.0,100.0,0,0,0,0,0.0,0.0,0.0,0
100.0,0.0,100.0,100.0,0,0,0,0,0.0,0.0,0.0,0
100.0,0.0,100.0,100.0,0,0,0,0,0.0,0.0,0.0,0
100.0,0.0,100.0,100.0,0,0,0,0,0.0,0.0,0.0,0
100.0,0.0,100.0,100.0,0,0,0,0,0.0,0.0,0.0,0
100.0,0.0,100.0,100.0,0,0,0,0,0.0,0.0,0.0,0
100.0,0.0,100.0,100.0,0,0,0,0,0.0,0.0,0.0,0
100.0,0.0,100.0,100.0,0,0,0,0,0.0,0.0,0.0,0
100.0,0.0,100.0,100.0,0,0,0,0,0.0,0.0,0.0,0
100.0,0.0,100.0,100.0,0,0,0,0,0.0,0.0,0.0,0
100.0,0.0,100.0,100.0,0,0,0,0,0.0,0.0,0.0,0
100.0,0.0,100.0,100.0,0,0,0,0,0.0,0.0,0.0,0
100.0,0.0,100.0,100.0,0,0,0,0,0.0,0.0,0.0,0
100.0,0.0,100.0,100.0,0,0,0,0,0.0,0.0,0.0,0
100.0,0.0,100.0,100.0,0,0,0,0,0.0,0.0,0.0,0
100.0,0.0,100.0,100.0,0,0,0,0,0.0,0.0,0.0,0
100.0,0.0,100.0,100.0,0,0,0,0,0.0,0.0,0.0,0
100.0,0.0,100.0,100.0,0,0,0,0,0.0,0.0,0.0,0
100.0,0.0,100.0,100.0,0,0,0,0,0.0,0.0,0.0,0
100.0,0.0,100.0,100.0,0,0,0,0,0.0,0.0,0.0,0
100.0,0.0,100.0,100.0,0,0,0,0,0.0,0.0,0.0,0
100.0,0.0,100.0,100.0,0,0,0,0,0.0,0.0,0.0,0
100.0,0.0,100.0,100.0,0,0,0,0,0.0,0.0,0.0,0
100.0,0.0,100.0,100.0,0,0,0,0,0.0,0.0,0.0,0
100.0,0.0,100.0,100.0,0,0,0,0,0.0,0.0,0.0,0
100.0,0.0,100.0,100.0,0,0,0,0,0.0,0.0,0.0,0
100.0,0.0,100.0,100.0,0,0,0,0,0.0,0.0,0.0,0
100.0,0.0,100.0,100.0,0,0,0,0,0.0,0.0,0.0,0
100.0,0.0,100.0,100.0,0,0,0,0,0.0,0.0,0.0,0
100.0,0.0,100.0,100.0,0,0,0,0,0.0,0.0,0.0,0
85.83,0.0,100.0,43.33,0,0,0,0,0.0,0.0,0.0,0
93.75,0.0,100.0,75.0,0,0,0,0,0.0,0.0,0.0,0
100.0,0.0,100.0,100.0,0,0,0,0,0.0,0.0,0.0,0
100.0,0.0,100.0,100.0,0,0,0,0,0.0,0.0,0.0,0
100.0,0.0,100.0,100.0,0,0,0,0,0.0,0.0,0.0,0
100.0,0.0,100.0,100.0,0,0,0,0,0.0,0.0,0.0,0
100.0,0.0,100.0,100.0,0,0,0,0,0.0,0.0,0.0,0
100.0,0.0,100.0,100.0,0,0,0,0,0.0,0.0,0.0,0
100.0,0.0,100.0,100.0,0,0,0,0,0.0,0.0,0.0,0
100.0,0.0,100.0,100.0,0,0,0,0,0.0,0.0,0.0,0
100.0,0.0,100.0,100.0,0,0,0,0,0.0,0.0,0.0,0
100.0,0.0,100.0,100.0,0,0,0,0,0.0,0.0,0.0,0
100.0,0.0,100.0,100.0,0,0,0,0,0.0,0.0,0.0,0
100.0,0.0,100.0,100.0,0,0,0,0,0.0,0.0,0.0,0
100.0,0.0,100.0,100.0,0,0,0,0,0.0,0.0,0.0,0
100.0,0.0,100.0,100.0,0,0,0,0,0.0,0.0,0.0,0
100.0,0.0,100.0,100.0,0,0,0,0,0.0,0.0,0.0,0
100.0,0.0,100.0,100.0,0,0,0,0,0.0,0.0,0.0,0
100.0,0.0,100.0,100.0,0,0,0,0,0.0,0.0,0.0,0
100.0,0.0,100.0,100.0,0,0,0,0,0.0,0.0,0.0,0
100.0,0.0,100.0,100.0,0,0,0,0,0.0,0.0,0.0,0
100.0,0.0,100.0,100.0,0,0,0,0,0.0,0.0,0.0,0
100.0,0.0,100.0,100.0,0,0,0,0,0.0,0.0,0.0,0
100.0,0.0,100.0,100.0,0,0,0,0,0.0,0.0,0.0,0
100.0,0.0,100.0,100.0,0,0,0,0,0.0,0.0,0.0,0
100.0,0.0,100.0,100.0,0,0,0,0,0.0,0.0,0.0,0
100.0,0.0,100.0,100.0,0,0,0,0,0.0,0.0,0.0,0
100.0,0.0,100.0,100.0,0,0,0,0,0.0,0.0,0.0,0
100.0,0.0,100.0,100.0,0,0,0,0,0.0,0.0,0.0,0
100.0,0.0,100.0,100.0,0,0,0,0,0.0,0.0,0.0,0
100.0,0.0,100.0,100.0,0,0,0,0,0.0,0.0,0.0,0
100.0,0.0,100.0,100.0,0,0,0,0,0.0,0.0,0.0,0
100.0,0.0,100.0,100.0,0,0,0,0,0.0,0.0,0.0,0
100.0,0.0,100.0,100.0,0,0,0,0,0.0,0.0,0.0,0
100.0,0.0,100.0,100.0,0,0,0,0,0.0,0.0,0.0,0
100.0,0.0,100.0,100.0,0,0,0,0,0.0,0.0,0.0,0
100.0,0.0,100.0,100.0,0,0,0,0,0.0,0.0,0.0,0
100.0,0.0,100.0,100.0,0,0,0,0,0.0,0.0,0.0,0
100.0,0.0,100.0,100.0,0,0,0,0,0.0,0.0,0.0,0
100.0,0.0,100.0,100.0,0,0,0,0,0.0,0.0,0.0,0
100.0,0.0,100.0,100.0,0,0,0,0,0.0,0.0,0.0,0
100.0,0.0,100.0,100.0,0,0,0,0,0.0,0.0,0.0,0
100.0,0.0,100.0,100.0,0,0,0,0,0.0,0.0,0.0,0
100.0,0.0,100.0,100.0,0,0,0,0,0.0,0.0,0.0,0
100.0,0.0,100.0,100.0,0,0,0,0,0.0,0.0,0.0,0
100.0,0.0,100.0,100.0,0,0,0,0,0.0,0.0,0.0,0
100.0,0.0,100.0,100.0,0,0,0,0,0.0,0.0,0.0,0
100.0,0.0,100.0,100.0,0,0,0,0,0.0,0.0,0.0,0
100.0,0.0,100.0,100.0,0,0,0,0,0.0,0.0,0.0,0
100.0,0.0,100.0,100.0,0,0,0,0,0.0,0.0,0.0,0
100.0,0.0,100.0,100.0,0,0,0,0,0.0,0.0,0.0,0
100.0,0.0,100.0,100.0,0,0,0,0,0.0,0.0,0.0,0
100.0,0.0,100.0,100.0,0,0,0,0,0.0,0.0,0.0,0
100.0,0.0,100.0,100.0,0,0,0,0,0.0,0.0,0.0,0
100.0,0.0,100.0,100.0,0,0,0,0,0.0,0.0,0.0,0
100.0,0.0,100.0,100.0,0,0,0,0,0.0,0.0,0.0,0
100.0,0.0,100.0,100.0,0,0,0,0,0.0,0.0,0.0,0
100.0,0.0,100.0,100.0,0,0,0,0,0.0,0.0,0.0,0
100.0,0.0,100.0,100.0,0,0,0,0,0.0,0.0,0.0,0
100.0,0.0,100.0,100.0,0,0,0,0,0.0,0.0,0.0,0
100.0,0.0,100.0,100.0,0,0,0,0,0.0,0.0,0.0,0
100.0,0.0,100.0,100.0,0,0,0,0,0.0,0.0,0.0,0
100.0,0.0,100.0,100.0,0,0,0,0,0.0,0.0,0.0,0
100.0,0.0,100.0,100.0,0,0,0,0,0.0,0.0,0.0,0
100.0,0.0,100.0,100.0,0,0,0,0,0.0,0.0,0.0,0
100.0,0.0,100.0,100.0,0,0,0,0,0.0,0.0,0.0,0
100.0,0.0,100.0,100.0,0,0,0,0,0.0,0.0,0.0,0
100.0,0.0,100.0,100.0,0,0,0,0,0.0,0.0,0.0,0
100.0,0.0,100.0,100.0,0,0,0,0,0.0,0.0,0.0,0
100.0,0.0,100.0,100.0,0,0,0,0,0.0,0.0,0.0,0
100.0,0.0,100.0,100.0,0,0,0,0,0.0,0.0,0.0,0
100.0,0.0,100.0,100.0,0,0,0,0,0.0,0.0,0.0,0
100.0,0.0,100.0,100.0,0,0,0,0,0.0,0.0,0.0,0
100.0,0.0,100.0,100.0,0,0,0,0,0.0,0.0,0.0,0
100.0,0.0,100.0,100.0,0,0,0,0,0.0,0.0,0.0,0
100.0,0.0,100.0,100.0,0,0,0,0,0.0,0.0,0.0,0
100.0,0.0,100.0,100.0,0,0,0,0,0.0,0.0,0.0,0
100.0,0.0,100.0,100.0,0,0,0,0,0.0,0.0,0.0,0
100.0,0.0,100.0,100.0,0,0,0,0,0.0,0.0,0.0,0
100.0,0.0,100.0,100.0,0,0,0,0,0.0,0.0,0.0,0
100.0,0.0,100.0,100.0,0,0,0,0,0.0,0.0,0.0,0
100.0,0.0,100.0,100.0,0,0,0,0,0.0,0.0,0.0,0
100.0,0.0,100.0,100.0,0,0,0,0,0.0,0.0,0.0,0
100.0,0.0,100.0,100.0,0,0,0,0,0.0,0.0,0.0,0
100.0,0.0,100.0,100.0,0,0,0,0,0.0,0.0,0.0,0
100.0,0.0,100.0,100.0,0,0,0,0,0.0,0.0,0.0,0
100.0,0.0,100.0,100.0,0,0,0,0,0.0,0.0,0.0,0
100.0,0.0,100.0,100.0,0,0,0,0,0.0,0.0,0.0,0
100.0,0.0,100.0,100.0,0,0,0,0,0.0,0.0,0.0,0
100.0,0.0,100.0,100.0,0,0,0,0,0.0,0.0,0.0,0
100.0,0.0,100.0,100.0,0,0,0,0,0.0,0.0,0.0,0
100.0,0.0,100.0,100.0,0,0,0,0,0.0,0.0,0.0,0
100.0,0.0,100.0,100.0,0,0,0,0,0.0,0.0,0.0,0
100.0,0.0,100.0,100.0,0,0,0,0,0.0,0.0,0.0,0
100.0,0.0,100.0,100.0,0,0,0,0,0.0,0.0,0.0,0
100.0,0.0,100.0,100.0,0,0,0,0,0.0,0.0,0.0,0
100.0,0.0,100.0,100.0,0,0,0,0,0.0,0.0,0.0,0
100.0,0.0,100.0,100.0,0,0,0,0,0.0,0.0,0.0,0
100.0,0.0,100.0,100.0,0,0,0,0,0.0,0.0,0.0,0
100.0,0.0,100.0,100.0,0,0,0,0,0.0,0.0,0.0,0
100.0,0.0,100.0,100.0,0,0,0,0,0.0,0.0,0.0,0
100.0,0.0,100.0,100.0,0,0,0,0,0.0,0.0,0.0,0
100.0,0.0,100.0,100.0,0,0,0,0,0.0,0.0,0.0,0
100.0,0.0,100.0,100.0,0,0,0,0,0.0,0.0,0.0,0
100.0,0.0,100.0,100.0,0,0,0,0,0.0,0.0,0.0,0
100.0,0.0,100.0,100.0,0,0,0,0,0.0,0.0,0.0,0
100.0,0.0,100.0,100.0,0,0,0,0,0.0,0.0,0.0,0
100.0,0.0,100.0,100.0,0,0,0,0,0.0,0.0,0.0,0
100.0,0.0,100.0,100.0,0,0,0,0,0.0,0.0,0.0,0
100.0,0.0,100.0,100.0,0,0,0,0,0.0,0.0,0.0,0
100.0,0.0,100.0,100.0,0,0,0,0,0.0,0.0,0.0,0
100.0,0.0,100.0,100.0,0,0,0,0,0.0,0.0,0.0,0
100.0,0.0,100.0,100.0,0,0,0,0,0.0,0.0,0.0,0
100.0,0.0,100.0,100.0,0,0,0,0,0.0,0.0,0.0,0
100.0,0.0,100.0,100.0,0,0,0,0,0.0,0.0,0.0,0
100.0,0.0,100.0,100.0,0,0,0,0,0.0,0.0,0.0,0
100.0,0.0,100.0,100.0,0,0,0,0,0.0,0.0,0.0,0
100.0,0.0,100.0,100.0,0,0,0,0,0.0,0.0,0.0,0
100.0,0.0,100.0,100.0,0,0,0,0,0.0,0.0,0.0,0
100.0,0.0,100.0,100.0,0,0,0,0,0.0,0.0,0.0,0
100.0,0.0,100.0,100.0,0,0,0,0,0.0,0.0,0.0,0
100.0,0.0,100.0,100.0,0,0,0,0,0.0,0.0,0.0,0
100.0,0.0,100.0,100.0,0,0,0,0,0.0,0.0,0.0,0
100.0,0.0,100.0,100.0,0,0,0,0,0.0,0.0,0.0,0
100.0,0.0,100.0,100.0,0,0,0,0,0.0,0.0,0.0,0
100.0,0.0,100.0,100.0,0,0,0,0,0.0,0.0,0.0,0
100.0,0.0,100.0,100.0,0,0,0,0,0.0,0.0,0.0,0
100.0,0.0,100.0,100.0,0,0,0,0,0.0,0.0,0.0,0
100.0,0.0,100.0,100.0,0,0,0,0,0.0,0.0,0.0,0
100.0,0.0,100.0,100.0,0,0,0,0,0.0,0.0,0.0,0
100.0,0.0,100.0,100.0,0,0,0,0,0.0,0.0,0.0,0
100.0,0.0,100.0,100.0,0,0,0,0,0.0,0.0,0.0,0
100.0,0.0,100.0,100.0,0,0,0,0,0.0,0.0,0.0,0
100.0,0.0,100.0,100.0,0,0,0,0,0.0,0.0,0.0,0
100.0,0.0,100.0,100.0,0,0,0,0,0.0,0.0,0.0,0
100.0,0.0,100.0,100.0,0,0,0,0,0.0,0.0,0.0,0
100.0,0.0,100.0,100.0,0,0,0,0,0.0,0.0,0.0,0
100.0,0.0,100.0,100.0,0,0,0,0,0.0,0.0,0.0,0
100.0,0.0,100.0,100.0,0,0,0,0,0.0,0.0,0.0,0
100.0,0.0,100.0,100.0,0,0,0,0,0.0,0.0,0.0,0
100.0,0.0,100.0,100.0,0,0,0,0,0.0,0.0,0.0,0
100.0,0.0,100.0,100.0,0,0,0,0,0.0,0.0,0.0,0
100.0,0.0,100.0,100.0,0,0,0,0,0.0,0.0,0.0,0
100.0,0.0,100.0,100.0,0,0,0,0,0.0,0.0,0.0,0
100.0,0.0,100.0,100.0,0,0,0,0,0.0,0.0,0.0,0
100.0,0.0,100.0,100.0,0,0,0,0,0.0,0.0,0.0,0
100.0,0.0,100.0,100.0,0,0,0,0,0.0,0.0,0.0,0
100.0,0.0,100.0,100.0,0,0,0,0,0.0,0.0,0.0,0
100.0,0.0,100.0,100.0,0,0,0,0,0.0,0.0,0.0,0
100.0,0.0,100.0,100.0,0,0,0,0,0.0,0.0,0.0,0
100.0,0.0,100.0,100.0,0,0,0,0,0.0,0.0,0.0,0
100.0,0.0,100.0,100.0,0,0,0,0,0.0,0.0,0.0,0
100.0,0.0,100.0,100.0,0,0,0,0,0.0,0.0,0.0,0
100.0,0.0,100.0,100.0,0,0,0,0,0.0,0.0,0.0,0
100.0,0.0,100.0,100.0,0,0,0,0,0.0,0.0,0.0,0
100.0,0.0,100.0,100.0,0,0,0,0,0.0,0.0,0.0,0
100.0,0.0,100.0,100.0,0,0,0,0,0.0,0.0,0.0,0
100.0,0.0,100.0,100.0,0,0,0,0,0.0,0.0,0.0,0
100.0,0.0,100.0,100.0,0,0,0,0,0.0,0.0,0.0,0
100.0,0.0,100.0,100.0,0,0,0,0,0.0,0.0,0.0,0
100.0,0.0,100.0,100.0,0,0,0,0,0.0,0.0,0.0,0
100.0,0.0,100.0,100.0,0,0,0,0,0.0,0.0,0.0,0
100.0,0.0,100.0,100.0,0,0,0,0,0.0,0.0,0.0,0
100.0,0.0,100.0,100.0,0,0,0,0,0.0,0.0,0.0,0
100.0,0.0,100.0,100.0,0,0,0,0,0.0,0.0,0.0,0
100.0,0.0,100.0,100.0,0,0,0,0,0.0,0.0,0.0,0
100.0,0.0,100.0,100.0,0,0,0,0,0.0,0.0,0.0,0
100.0,0.0,100.0,100.0,0,0,0,0,0.0,0.0,0.0,0
100.0,0.0,100.0,100.0,0,0,0,0,0.0,0.0,0.0,0
100.0,0.0,100.0,100.0,0,0,0,0,0.0,0.0,0.0,0
100.0,0.0,100.0,100.0,0,0,0,0,0.0,0.0,0.0,0
100.0,0.0,100.0,100.0,0,0,0,0,0.0,0.0,0.0,0
100.0,0.0,100.0,100.0,0,0,0,0,0.0,0.0,0.0,0
100.0,0.0,100.0,100.0,0,0,0,0,0.0,0.0,0.0,0
100.0,0.0,100.0,100.0,0,0,0,0,0.0,0.0,0.0,0
100.0,0.0,100.0,100.0,0,0,0,0,0.0,0.0,0.0,0
100.0,0.0,100.0,100.0,0,0,0,0,0.0,0.0,0.0,0
100.0,0.0,100.0,100.0,0,0,0,0,0.0,0.0,0.0,0
100.0,0.0,100.0,100.0,0,0,0,0,0.0,0.0,0.0,0
100.0,0.0,100.0,100.0,0,0,0,0,0.0,0.0,0.0,0
100.0,0.0,100.0,100.0,0,0,0,0,0.0,0.0,0.0,0
100.0,0.0,100.0,100.0,0,0,0,0,0.0,0.0,0.0,0
100.0,0.0,100.0,100.0,0,0,0,0,0.0,0.0,0.0,0
100.0,0.0,100.0,100.0,0,0,0,0,0.0,0.0,0.0,0
100.0,0.0,100.0,100.0,0,0,0,0,0.0,0.0,0.0,0
100.0,0.0,100.0,100.0,0,0,0,0,0.0,0.0,0.0,0
100.0,0.0,100.0,100.0,0,0,0,0,0.0,0.0,0.0,0
100.0,0.0,100.0,100.0,0,0,0,0,0.0,0.0,0.0,0
100.0,0.0,100.0,100.0,0,0,0,0,0.0,0.0,0.0,0
100.0,0.0,100.0,100.0,0,0,0,0,0.0,0.0,0.0,0
100.0,0.0,100.0,100.0,0,0,0,0,0.0,0.0,0.0,0
100.0,0.0,100.0,100.0,0,0,0,0,0.0,0.0,0.0,0
100.0,0.0,100.0,100.0,0,0,0,0,0.0,0.0,0.0,0
100.0,0.0,100.0,100.0,0,0,0,0,0.0,0.0,0.0,0
100.0,0.0,100.0,100.0,0,0,0,0,0.0,0.0,0.0,0
100.0,0.0,100.0,100.0,0,0,0,0,0.0,0.0,0.0,0
100.0,0.0,100.0,100.0,0,0,0,0,0.0,0.0,0.0,0
100.0,0.0,100.0,100.0,0,0,0,0,0.0,0.0,0.0,0
100.0,0.0,100.0,100.0,0,0,0,0,0.0,0.0,0.0,0
100.0,0.0,100.0,100.0,0,0,0,0,0.0,0.0,0.0,0
100.0,0.0,100.0,100.0,0,0,0,0,0.0,0.0,0.0,0
100.0,0.0,100.0,100.0,0,0,0,0,0.0,0.0,0.0,0
100.0,0.0,100.0,100.0,0,0,0,0,0.0,0.0,0.0,0
100.0,0.0,100.0,100.0,0,0,0,0,0.0,0.0,0.0,0
100.0,0.0,100.0,100.0,0,0,0,0,0.0,0.0,0.0,0
100.0,0.0,100.0,100.0,0,0,0,0,0.0,0.0,0.0,0
100.0,0.0,100.0,100.0,0,0,0,0,0.0,0.0,0.0,0
100.0,0.0,100.0,100.0,0,0,0,0,0.0,0.0,0.0,0
100.0,0.0,100.0,100.0,0,0,0,0,0.0,0.0,0.0,0
100.0,0.0,100.0,100.0,0,0,0,0,0.0,0.0,0.0,0
100.0,0.0,100.0,100.0,0,0,0,0,0.0,0.0,0.0,0
100.0,0.0,100.0,100.0,0,0,0,0,0.0,0.0,0.0,0
100.0,0.0,100.0,100.0,0,0,0,0,0.0,0.0,0.0,0
100.0,0.0,100.0,100.0,0,0,0,0,0.0,0.0,0.0,0
100.0,0.0,100.0,100.0,0,0,0,0,0.0,0.0,0.0,0
100.0,0.0,100.0,100.0,0,0,0,0,0.0,0.0,0.0,0
100.0,0.0,100.0,100.0,0,0,0,0,0.0,0.0,0.0,0
100.0,0.0,100.0,100.0,0,0,0,0,0.0,0.0,0.0,0
100.0,0.0,100.0,100.0,0,0,0,0,0.0,0.0,0.0,0
100.0,0.0,100.0,100.0,0,0,0,0,0.0,0.0,0.0,0
100.0,0.0,100.0,100.0,0,0,0,0,0.0,0.0,0.0,0
100.0,0.0,100.0,100.0,0,0,0,0,0.0,0.0,0.0,0
100.0,0.0,100.0,100.0,0,0,0,0,0.0,0.0,0.0,0
100.0,0.0,100.0,100.0,0,0,0,0,0.0,0.0,0.0,0
100.0,0.0,100.0,100.0,0,0,0,0,0.0,0.0,0.0,0
100.0,0.0,100.0,100.0,0,0,0,0,0.0,0.0,0.0,0
100.0,0.0,100.0,100.0,0,0,0,0,0.0,0.0,0.0,0
100.0,0.0,100.0,100.0,0,0,0,0,0.0,0.0,0.0,0
100.0,0.0,100.0,100.0,0,0,0,0,0.0,0.0,0.0,0
100.0,0.0,100.0,100.0,0,0,0,0,0.0,0.0,0.0,0
100.0,0.0,100.0,100.0,0,0,0,0,0.0,0.0,0.0,0
100.0,0.0,100.0,100.0,0,0,0,0,0.0,0.0,0.0,0
100.0,0.0,100.0,100.0,0,0,0,0,0.0,0.0,0.0,0
100.0,0.0,100.0,100.0,0,0,0,0,0.0,0.0,0.0,0
100.0,0.0,100.0,100.0,0,0,0,0,0.0,0.0,0.0,0
100.0,0.0,100.0,100.0,0,0,0,0,0.0,0.0,0.0,0
100.0,0.0,100.0,100.0,0,0,0,0,0.0,0.0,0.0,0
100.0,0.0,100.0,100.0,0,0,0,0,0.0,0.0,0.0,0
100.0,0.0,100.0,100.0,0,0,0,0,0.0,0.0,0.0,0
100.0,0.0,100.0,100.0,0,0,0,0,0.0,0.0,0.0,0
100.0,0.0,100.0,100.0,0,0,0,0,0.0,0.0,0.0,0
100.0,0.0,100.0,100.0,0,0,0,0,0.0,0.0,0.0,0
100.0,0.0,100.0,100.0,0,0,0,0,0.0,0.0,0.0,0
100.0,0.0,100.0,100.0,0,0,0,0,0.0,0.0,0.0,0
100.0,0.0,100.0,100.0,0,0,0,0,0.0,0.0,0.0,0
100.0,0.0,100.0,100.0,0,0,0,0,0.0,0.0,0.0,0
100.0,0.0,100.0,100.0,0,0,0,0,0.0,0.0,0.0,0
100.0,0.0,100.0,100.0,0,0,0,0,0.0,0.0,0.0,0
100.0,0.0,100.0,100.0,0,0,0,0,0.0,0.0,0.0,0
100.0,0.0,100.0,100.0,0,0,0,0,0.0,0.0,0.0,0
100.0,0.0,100.0,100.0,0,0,0,0,0.0,0.0,0.0,0
100.0,0.0,100.0,100.0,0,0,0,0,0.0,0.0,0.0,0
100.0,0.0,100.0,100.0,0,0,0,0,0.0,0.0,0.0,0
100.0,0.0,100.0,100.0,0,0,0,0,0.0,0.0,0.0,0
100.0,0.0,100.0,100.0,0,0,0,0,0.0,0.0,0.0,0
100.0,0.0,100.0,100.0,0,0,0,0,0.0,0.0,0.0,0
100.0,0.0,100.0,100.0,0,0,0,0,0.0,0.0,0.0,0
100.0,0.0,100.0,100.0,0,0,0,0,0.0,0.0,0.0,0
100.0,0.0,100.0,100.0,0,0,0,0,0.0,0.0,0.0,0
100.0,0.0,100.0,100.0,0,0,0,0,0.0,0.0,0.0,0
100.0,0.0,100.0,100.0,0,0,0,0,0.0,0.0,0.0,0
100.0,0.0,100.0,100.0,0,0,0,0,0.0,0.0,0.0,0
100.0,0.0,100.0,100.0,0,0,0,0,0.0,0.0,0.0,0
100.0,0.0,100.0,100.0,0,0,0,0,0.0,0.0,0.0,0
100.0,0.0,100.0,100.0,0,0,0,0,0.0,0.0,0.0,0
100.0,0.0,100.0,100.0,0,0,0,0,0.0,0.0,0.0,0
100.0,0.0,100.0,100.0,0,0,0,0,0.0,0.0,0.0,0
100.0,0.0,100.0,100.0,0,0,0,0,0.0,0.0,0.0,0
100.0,0.0,100.0,100.0,0,0,0,0,0.0,0.0,0.0,0
100.0,0.0,100.0,100.0,0,0,0,0,0.0,0.0,0.0,0
100.0,0.0,100.0,100.0,0,0,0,0,0.0,0.0,0.0,0
99.17,0.0,100.0,96.67,0,0,0,0,0.0,0.0,0.0,0
100.0,0.0,100.0,100.0,0,0,0,0,0.0,0.0,0.0,0
100.0,0.0,100.0,100.0,0,0,0,0,0.0,0.0,0.0,0
100.0,0.0,100.0,100.0,0,0,0,0,0.0,0.0,0.0,0
100.0,0.0,100.0,100.0,0,0,0,0,0.0,0.0,0.0,0
100.0,0.0,100.0,100.0,0,0,0,0,0.0,0.0,0.0,0
100.0,0.0,100.0,100.0,0,0,0,0,0.0,0.0,0.0,0
100.0,0.0,100.0,100.0,0,0,0,0,0.0,0.0,0.0,0
100.0,0.0,100.0,100.0,0,0,0,0,0.0,0.0,0.0,0
100.0,0.0,100.0,100.0,0,0,0,0,0.0,0.0,0.0,0
100.0,0.0,100.0,100.0,0,0,0,0,0.0,0.0,0.0,0
100.0,0.0,100.0,100.0,0,0,0,0,0.0,0.0,0.0,0
100.0,0.0,100.0,100.0,0,0,0,0,0.0,0.0,0.0,0
100.0,0.0,100.0,100.0,0,0,0,0,0.0,0.0,0.0,0
100.0,0.0,100.0,100.0,0,0,0,0,0.0,0.0,0.0,0
100.0,0.0,100.0,100.0,0,0,0,0,0.0,0.0,0.0,0
100.0,0.0,100.0,100.0,0,0,0,0,0.0,0.0,0.0,0
100.0,0.0,100.0,100.0,0,0,0,0,0.0,0.0,0.0,0
100.0,0.0,100.0,100.0,0,0,0,0,0.0,0.0,0.0,0
100.0,0.0,100.0,100.0,0,0,0,0,0.0,0.0,0.0,0
100.0,0.0,100.0,100.0,0,0,0,0,0.0,0.0,0.0,0
100.0,0.0,100.0,100.0,0,0,0,0,0.0,0.0,0.0,0
100.0,0.0,100.0,100.0,0,0,0,0,0.0,0.0,0.0,0
100.0,0.0,100.0,100.0,0,0,0,0,0.0,0.0,0.0,0
100.0,0.0,100.0,100.0,0,0,0,0,0.0,0.0,0.0,0
100.0,0.0,100.0,100.0,0,0,0,0,0.0,0.0,0.0,0
100.0,0.0,100.0,100.0,0,0,0,0,0.0,0.0,0.0,0
100.0,0.0,100.0,100.0,0,0,0,0,0.0,0.0,0.0,0
100.0,0.0,100.0,100.0,0,0,0,0,0.0,0.0,0.0,0
97.73,0.0,100.0,90.91,0,0,0,0,0.0,0.0,0.0,0
100.0,0.0,100.0,100.0,0,0,0,0,0.0,0.0,0.0,0
100.0,0.0,100.0,100.0,0,0,0,0,0.0,0.0,0.0,0
100.0,0.0,100.0,100.0,0,0,0,0,0.0,0.0,0.0,0
100.0,0.0,100.0,100.0,0,0,0,0,0.0,0.0,0.0,0
100.0,0.0,100.0,100.0,0,0,0,0,0.0,0.0,0.0,0
100.0,0.0,100.0,100.0,0,0,0,0,0.0,0.0,0.0,0
100.0,0.0,100.0,100.0,0,0,0,0,0.0,0.0,0.0,0
100.0,0.0,100.0,100.0,0,0,0,0,0.0,0.0,0.0,0
100.0,0.0,100.0,100.0,0,0,0,0,0.0,0.0,0.0,0
100.0,0.0,100.0,100.0,0,0,0,0,0.0,0.0,0.0,0
100.0,0.0,100.0,100.0,0,0,0,0,0.0,0.0,0.0,0
100.0,0.0,100.0,100.0,0,0,0,0,0.0,0.0,0.0,0
100.0,0.0,100.0,100.0,0,0,0,0,0.0,0.0,0.0,0
100.0,0.0,100.0,100.0,0,0,0,0,0.0,0.0,0.0,0
100.0,0.0,100.0,100.0,0,0,0,0,0.0,0.0,0.0,0
100.0,0.0,100.0,100.0,0,0,0,0,0.0,0.0,0.0,0
100.0,0.0,100.0,100.0,0,0,0,0,0.0,0.0,0.0,0
100.0,0.0,100.0,100.0,0,0,0,0,0.0,0.0,0.0,0
100.0,0.0,100.0,100.0,0,0,0,0,0.0,0.0,0.0,0
100.0,0.0,100.0,100.0,0,0,0,0,0.0,0.0,0.0,0
100.0,0.0,100.0,100.0,0,0,0,0,0.0,0.0,0.0,0
100.0,0.0,100.0,100.0,0,0,0,0,0.0,0.0,0.0,0
100.0,0.0,100.0,100.0,0,0,0,0,0.0,0.0,0.0,0
100.0,0.0,100.0,100.0,0,0,0,0,0.0,0.0,0.0,0
100.0,0.0,100.0,100.0,0,0,0,0,0.0,0.0,0.0,0
100.0,0.0,100.0,100.0,0,0,0,0,0.0,0.0,0.0,0
100.0,0.0,100.0,100.0,0,0,0,0,0.0,0.0,0.0,0
100.0,0.0,100.0,100.0,0,0,0,0,0.0,0.0,0.0,0
100.0,0.0,100.0,100.0,0,0,0,0,0.0,0.0,0.0,0
100.0,0.0,100.0,100.0,0,0,0,0,0.0,0.0,0.0,0
100.0,0.0,100.0,100.0,0,0,0,0,0.0,0.0,0.0,0
100.0,0.0,100.0,100.0,0,0,0,0,0.0,0.0,0.0,0
100.0,0.0,100.0,100.0,0,0,0,0,0.0,0.0,0.0,0
100.0,0.0,100.0,100.0,0,0,0,0,0.0,0.0,0.0,0
100.0,0.0,100.0,100.0,0,0,0,0,0.0,0.0,0.0,0
100.0,0.0,100.0,100.0,0,0,0,0,0.0,0.0,0.0,0
100.0,0.0,100.0,100.0,0,0,0,0,0.0,0.0,0.0,0
100.0,0.0,100.0,100.0,0,0,0,0,0.0,0.0,0.0,0
100.0,0.0,100.0,100.0,0,0,0,0,0.0,0.0,0.0,0
100.0,0.0,100.0,100.0,0,0,0,0,0.0,0.0,0.0,0
100.0,0.0,100.0,100.0,0,0,0,0,0.0,0.0,0.0,0
100.0,0.0,100.0,100.0,0,0,0,0,0.0,0.0,0.0,0
100.0,0.0,100.0,100.0,0,0,0,0,0.0,0.0,0.0,0
100.0,0.0,100.0,100.0,0,0,0,0,0.0,0.0,0.0,0
100.0,0.0,100.0,100.0,0,0,0,0,0.0,0.0,0.0,0
100.0,0.0,100.0,100.0,0,0,0,0,0.0,0.0,0.0,0
100.0,0.0,100.0,100.0,0,0,0,0,0.0,0.0,0.0,0
100.0,0.0,100.0,100.0,0,0,0,0,0.0,0.0,0.0,0
100.0,0.0,100.0,100.0,0,0,0,0,0.0,0.0,0.0,0
100.0,0.0,100.0,100.0,0,0,0,0,0.0,0.0,0.0,0
100.0,0.0,100.0,100.0,0,0,0,0,0.0,0.0,0.0,0
100.0,0.0,100.0,100.0,0,0,0,0,0.0,0.0,0.0,0
100.0,0.0,100.0,100.0,0,0,0,0,0.0,0.0,0.0,0
100.0,0.0,100.0,100.0,0,0,0,0,0.0,0.0,0.0,0
100.0,0.0,100.0,100.0,0,0,0,0,0.0,0.0,0.0,0
100.0,0.0,100.0,100.0,0,0,0,0,0.0,0.0,0.0,0
100.0,0.0,100.0,100.0,0,0,0,0,0.0,0.0,0.0,0
100.0,0.0,100.0,100.0,0,0,0,0,0.0,0.0,0.0,0
100.0,0.0,100.0,100.0,0,0,0,0,0.0,0.0,0.0,0
100.0,0.0,100.0,100.0,0,0,0,0,0.0,0.0,0.0,0
100.0,0.0,100.0,100.0,0,0,0,0,0.0,0.0,0.0,0
100.0,0.0,100.0,100.0,0,0,0,0,0.0,0.0,0.0,0
100.0,0.0,100.0,100.0,0,0,0,0,0.0,0.0,0.0,0
100.0,0.0,100.0,100.0,0,0,0,0,0.0,0.0,0.0,0
100.0,0.0,100.0,100.0,0,0,0,0,0.0,0.0,0.0,0
100.0,0.0,100.0,100.0,0,0,0,0,0.0,0.0,0.0,0
100.0,0.0,100.0,100.0,0,0,0,0,0.0,0.0,0.0,0
100.0,0.0,100.0,100.0,0,0,0,0,0.0,0.0,0.0,0
100.0,0.0,100.0,100.0,0,0,0,0,0.0,0.0,0.0,0
100.0,0.0,100.0,100.0,0,0,0,0,0.0,0.0,0.0,0
100.0,0.0,100.0,100.0,0,0,0,0,0.0,0.0,0.0,0
100.0,0.0,100.0,100.0,0,0,0,0,0.0,0.0,0.0,0
100.0,0.0,100.0,100.0,0,0,0,0,0.0,0.0,0.0,0
100.0,0.0,100.0,100.0,0,0,0,0,0.0,0.0,0.0,0
100.0,0.0,100.0,100.0,0,0,0,0,0.0,0.0,0.0,0
100.0,0.0,100.0,100.0,0,0,0,0,0.0,0.0,0.0,0
100.0,0.0,100.0,100.0,0,0,0,0,0.0,0.0,0.0,0
100.0,0.0,100.0,100.0,0,0,0,0,0.0,0.0,0.0,0
87.5,0.0,100.0,50.0,0,0,0,0,0.0,0.0,0.0,0
75.0,0.0,100.0,0.0,0,0,0,0,0.0,0.0,0.0,0
75.0,0.0,100.0,0.0,0,0,0,0,0.0,0.0,0.0,0
75.0,0.0,100.0,0.0,0,0,0,0,0.0,0.0,0.0,0
100.0,0.0,100.0,100.0,0,0,0,0,0.0,0.0,0.0,0
100.0,0.0,100.0,100.0,0,0,0,0,0.0,0.0,0.0,0
100.0,0.0,100.0,100.0,0,0,0,0,0.0,0.0,0.0,0
100.0,0.0,100.0,100.0,0,0,0,0,0.0,0.0,0.0,0
100.0,0.0,100.0,100.0,0,0,0,0,0.0,0.0,0.0,0
100.0,0.0,100.0,100.0,0,0,0,0,0.0,0.0,0.0,0
100.0,0.0,100.0,100.0,0,0,0,0,0.0,0.0,0.0,0
100.0,0.0,100.0,100.0,0,0,0,0,0.0,0.0,0.0,0
100.0,0.0,100.0,100.0,0,0,0,0,0.0,0.0,0.0,0
100.0,0.0,100.0,100.0,0,0,0,0,0.0,0.0,0.0,0
100.0,0.0,100.0,100.0,0,0,0,0,0.0,0.0,0.0,0
100.0,0.0,100.0,100.0,0,0,0,0,0.0,0.0,0.0,0
100.0,0.0,100.0,100.0,0,0,0,0,0.0,0.0,0.0,0
100.0,0.0,100.0,100.0,0,0,0,0,0.0,0.0,0.0,0
100.0,0.0,100.0,100.0,0,0,0,0,0.0,0.0,0.0,0
100.0,0.0,100.0,100.0,0,0,0,0,0.0,0.0,0.0,0
100.0,0.0,100.0,100.0,0,0,0,0,0.0,0.0,0.0,0
100.0,0.0,100.0,100.0,0,0,0,0,0.0,0.0,0.0,0
100.0,0.0,100.0,100.0,0,0,0,0,0.0,0.0,0.0,0
100.0,0.0,100.0,100.0,0,0,0,0,0.0,0.0,0.0,0
100.0,0.0,100.0,100.0,0,0,0,0,0.0,0.0,0.0,0
100.0,0.0,100.0,100.0,0,0,0,0,0.0,0.0,0.0,0
100.0,0.0,100.0,100.0,0,0,0,0,0.0,0.0,0.0,0
100.0,0.0,100.0,100.0,0,0,0,0,0.0,0.0,0.0,0
100.0,0.0,100.0,100.0,0,0,0,0,0.0,0.0,0.0,0
100.0,0.0,100.0,100.0,0,0,0,0,0.0,0.0,0.0,0
100.0,0.0,100.0,100.0,0,0,0,0,0.0,0.0,0.0,0
100.0,0.0,100.0,100.0,0,0,0,0,0.0,0.0,0.0,0
100.0,0.0,100.0,100.0,0,0,0,0,0.0,0.0,0.0,0
100.0,0.0,100.0,100.0,0,0,0,0,0.0,0.0,0.0,0
100.0,0.0,100.0,100.0,0,0,0,0,0.0,0.0,0.0,0
100.0,0.0,100.0,100.0,0,0,0,0,0.0,0.0,0.0,0
100.0,0.0,100.0,100.0,0,0,0,0,0.0,0.0,0.0,0
100.0,0.0,100.0,100.0,0,0,0,0,0.0,0.0,0.0,0
100.0,0.0,100.0,100.0,0,0,0,0,0.0,0.0,0.0,0
100.0,0.0,100.0,100.0,0,0,0,0,0.0,0.0,0.0,0
100.0,0.0,100.0,100.0,0,0,0,0,0.0,0.0,0.0,0
100.0,0.0,100.0,100.0,0,0,0,0,0.0,0.0,0.0,0
100.0,0.0,100.0,100.0,0,0,0,0,0.0,0.0,0.0,0
100.0,0.0,100.0,100.0,0,0,0,0,0.0,0.0,0.0,0
100.0,0.0,100.0,100.0,0,0,0,0,0.0,0.0,0.0,0
100.0,0.0,100.0,100.0,0,0,0,0,0.0,0.0,0.0,0
100.0,0.0,100.0,100.0,0,0,0,0,0.0,0.0,0.0,0
100.0,0.0,100.0,100.0,0,0,0,0,0.0,0.0,0.0,0
100.0,0.0,100.0,100.0,0,0,0,0,0.0,0.0,0.0,0
100.0,0.0,100.0,100.0,0,0,0,0,0.0,0.0,0.0,0
100.0,0.0,100.0,100.0,0,0,0,0,0.0,0.0,0.0,0
100.0,0.0,100.0,100.0,0,0,0,0,0.0,0.0,0.0,0
100.0,0.0,100.0,100.0,0,0,0,0,0.0,0.0,0.0,0
100.0,0.0,100.0,100.0,0,0,0,0,0.0,0.0,0.0,0
100.0,0.0,100.0,100.0,0,0,0,0,0.0,0.0,0.0,0
100.0,0.0,100.0,100.0,0,0,0,0,0.0,0.0,0.0,0
100.0,0.0,100.0,100.0,0,0,0,0,0.0,0.0,0.0,0
100.0,0.0,100.0,100.0,0,0,0,0,0.0,0.0,0.0,0
100.0,0.0,100.0,100.0,0,0,0,0,0.0,0.0,0.0,0
100.0,0.0,100.0,100.0,0,0,0,0,0.0,0.0,0.0,0
100.0,0.0,100.0,100.0,0,0,0,0,0.0,0.0,0.0,0
100.0,0.0,100.0,100.0,0,0,0,0,0.0,0.0,0.0,0
100.0,0.0,100.0,100.0,0,0,0,0,0.0,0.0,0.0,0
100.0,0.0,100.0,100.0,0,0,0,0,0.0,0.0,0.0,0
100.0,0.0,100.0,100.0,0,0,0,0,0.0,0.0,0.0,0
100.0,0.0,100.0,100.0,0,0,0,0,0.0,0.0,0.0,0
100.0,0.0,100.0,100.0,0,0,0,0,0.0,0.0,0.0,0
100.0,0.0,100.0,100.0,0,0,0,0,0.0,0.0,0.0,0
100.0,0.0,100.0,100.0,0,0,0,0,0.0,0.0,0.0,0
100.0,0.0,100.0,100.0,0,0,0,0,0.0,0.0,0.0,0
100.0,0.0,100.0,100.0,0,0,0,0,0.0,0.0,0.0,0
100.0,0.0,100.0,100.0,0,0,0,0,0.0,0.0,0.0,0
100.0,0.0,100.0,100.0,0,0,0,0,0.0,0.0,0.0,0
100.0,0.0,100.0,100.0,0,0,0,0,0.0,0.0,0.0,0
100.0,0.0,100.0,100.0,0,0,0,0,0.0,0.0,0.0,0
100.0,0.0,100.0,100.0,0,0,0,0,0.0,0.0,0.0,0
100.0,0.0,100.0,100.0,0,0,0,0,0.0,0.0,0.0,0
100.0,0.0,100.0,100.0,0,0,0,0,0.0,0.0,0.0,0
100.0,0.0,100.0,100.0,0,0,0,0,0.0,0.0,0.0,0
100.0,0.0,100.0,100.0,0,0,0,0,0.0,0.0,0.0,0
100.0,0.0,100.0,100.0,0,0,0,0,0.0,0.0,0.0,0
100.0,0.0,100.0,100.0,0,0,0,0,0.0,0.0,0.0,0
100.0,0.0,100.0,100.0,0,0,0,0,0.0,0.0,0.0,0
100.0,0.0,100.0,100.0,0,0,0,0,0.0,0.0,0.0,0
100.0,0.0,100.0,100.0,0,0,0,0,0.0,0.0,0.0,0
100.0,0.0,100.0,100.0,0,0,0,0,0.0,0.0,0.0,0
100.0,0.0,100.0,100.0,0,0,0,0,0.0,0.0,0.0,0
100.0,0.0,100.0,100.0,0,0,0,0,0.0,0.0,0.0,0
100.0,0.0,100.0,100.0,0,0,0,0,0.0,0.0,0.0,0
100.0,0.0,100.0,100.0,0,0,0,0,0.0,0.0,0.0,0
100.0,0.0,100.0,100.0,0,0,0,0,0.0,0.0,0.0,0
100.0,0.0,100.0,100.0,0,0,0,0,0.0,0.0,0.0,0
100.0,0.0,100.0,100.0,0,0,0,0,0.0,0.0,0.0,0
100.0,0.0,100.0,100.0,0,0,0,0,0.0,0.0,0.0,0
100.0,0.0,100.0,100.0,0,0,0,0,0.0,0.0,0.0,0
100.0,0.0,100.0,100.0,0,0,0,0,0.0,0.0,0.0,0
100.0,0.0,100.0,100.0,0,0,0,0,0.0,0.0,0.0,0
100.0,0.0,100.0,100.0,0,0,0,0,0.0,0.0,0.0,0
100.0,0.0,100.0,100.0,0,0,0,0,0.0,0.0,0.0,0
100.0,0.0,100.0,100.0,0,0,0,0,0.0,0.0,0.0,0
100.0,0.0,100.0,100.0,0,0,0,0,0.0,0.0,0.0,0
100.0,0.0,100.0,100.0,0,0,0,0,0.0,0.0,0.0,0
100.0,0.0,100.0,100.0,0,0,0,0,0.0,0.0,0.0,0
100.0,0.0,100.0,100.0,0,0,0,0,0.0,0.0,0.0,0
100.0,0.0,100.0,100.0,0,0,0,0,0.0,0.0,0.0,0
100.0,0.0,100.0,100.0,0,0,0,0,0.0,0.0,0.0,0
100.0,0.0,100.0,100.0,0,0,0,0,0.0,0.0,0.0,0
100.0,0.0,100.0,100.0,0,0,0,0,0.0,0.0,0.0,0
100.0,0.0,100.0,100.0,0,0,0,0,0.0,0.0,0.0,0
100.0,0.0,100.0,100.0,0,0,0,0,0.0,0.0,0.0,0
100.0,0.0,100.0,100.0,0,0,0,0,0.0,0.0,0.0,0
100.0,0.0,100.0,100.0,0,0,0,0,0.0,0.0,0.0,0
100.0,0.0,100.0,100.0,0,0,0,0,0.0,0.0,0.0,0
100.0,0.0,100.0,100.0,0,0,0,0,0.0,0.0,0.0,0
100.0,0.0,100.0,100.0,0,0,0,0,0.0,0.0,0.0,0
100.0,0.0,100.0,100.0,0,0,0,0,0.0,0.0,0.0,0
100.0,0.0,100.0,100.0,0,0,0,0,0.0,0.0,0.0,0
100.0,0.0,100.0,100.0,0,0,0,0,0.0,0.0,0.0,0
100.0,0.0,100.0,100.0,0,0,0,0,0.0,0.0,0.0,0
100.0,0.0,100.0,100.0,0,0,0,0,0.0,0.0,0.0,0
100.0,0.0,100.0,100.0,0,0,0,0,0.0,0.0,0.0,0
100.0,0.0,100.0,100.0,0,0,0,0,0.0,0.0,0.0,0
100.0,0.0,100.0,100.0,0,0,0,0,0.0,0.0,0.0,0
100.0,0.0,100.0,100.0,0,0,0,0,0.0,0.0,0.0,0
100.0,0.0,100.0,100.0,0,0,0,0,0.0,0.0,0.0,0
100.0,0.0,100.0,100.0,0,0,0,0,0.0,0.0,0.0,0
100.0,0.0,100.0,100.0,0,0,0,0,0.0,0.0,0.0,0
100.0,0.0,100.0,100.0,0,0,0,0,0.0,0.0,0.0,0
100.0,0.0,100.0,100.0,0,0,0,0,0.0,0.0,0.0,0
100.0,0.0,100.0,100.0,0,0,0,0,0.0,0.0,0.0,0
100.0,0.0,100.0,100.0,0,0,0,0,0.0,0.0,0.0,0
100.0,0.0,100.0,100.0,0,0,0,0,0.0,0.0,0.0,0
100.0,0.0,100.0,100.0,0,0,0,0,0.0,0.0,0.0,0
100.0,0.0,100.0,100.0,0,0,0,0,0.0,0.0,0.0,0
100.0,0.0,100.0,100.0,0,0,0,0,0.0,0.0,0.0,0
100.0,0.0,100.0,100.0,0,0,0,0,0.0,0.0,0.0,0
100.0,0.0,100.0,100.0,0,0,0,0,0.0,0.0,0.0,0
100.0,0.0,100.0,100.0,0,0,0,0,0.0,0.0,0.0,0
100.0,0.0,100.0,100.0,0,0,0,0,0.0,0.0,0.0,0
100.0,0.0,100.0,100.0,0,0,0,0,0.0,0.0,0.0,0
100.0,0.0,100.0,100.0,0,0,0,0,0.0,0.0,0.0,0
100.0,0.0,100.0,100.0,0,0,0,0,0.0,0.0,0.0,0
100.0,0.0,100.0,100.0,0,0,0,0,0.0,0.0,0.0,0
100.0,0.0,100.0,100.0,0,0,0,0,0.0,0.0,0.0,0
100.0,0.0,100.0,100.0,0,0,0,0,0.0,0.0,0.0,0
100.0,0.0,100.0,100.0,0,0,0,0,0.0,0.0,0.0,0
100.0,0.0,100.0,100.0,0,0,0,0,0.0,0.0,0.0,0
100.0,0.0,100.0,100.0,0,0,0,0,0.0,0.0,0.0,0
100.0,0.0,100.0,100.0,0,0,0,0,0.0,0.0,0.0,0
100.0,0.0,100.0,100.0,0,0,0,0,0.0,0.0,0.0,0
100.0,0.0,100.0,100.0,0,0,0,0,0.0,0.0,0.0,0
100.0,0.0,100.0,100.0,0,0,0,0,0.0,0.0,0.0,0
100.0,0.0,100.0,100.0,0,0,0,0,0.0,0.0,0.0,0
100.0,0.0,100.0,100.0,0,0,0,0,0.0,0.0,0.0,0
100.0,0.0,100.0,100.0,0,0,0,0,0.0,0.0,0.0,0
100.0,0.0,100.0,100.0,0,0,0,0,0.0,0.0,0.0,0
100.0,0.0,100.0,100.0,0,0,0,0,0.0,0.0,0.0,0
100.0,0.0,100.0,100.0,0,0,0,0,0.0,0.0,0.0,0
100.0,0.0,100.0,100.0,0,0,0,0,0.0,0.0,0.0,0
100.0,0.0,100.0,100.0,0,0,0,0,0.0,0.0,0.0,0
100.0,0.0,100.0,100.0,0,0,0,0,0.0,0.0,0.0,0
100.0,0.0,100.0,100.0,0,0,0,0,0.0,0.0,0.0,0
100.0,0.0,100.0,100.0,0,0,0,0,0.0,0.0,0.0,0
100.0,0.0,100.0,100.0,0,0,0,0,0.0,0.0,0.0,0
100.0,0.0,100.0,100.0,0,0,0,0,0.0,0.0,0.0,0
100.0,0.0,100.0,100.0,0,0,0,0,0.0,0.0,0.0,0
100.0,0.0,100.0,100.0,0,0,0,0,0.0,0.0,0.0,0
100.0,0.0,100.0,100.0,0,0,0,0,0.0,0.0,0.0,0
100.0,0.0,100.0,100.0,0,0,0,0,0.0,0.0,0.0,0
100.0,0.0,100.0,100.0,0,0,0,0,0.0,0.0,0.0,0
100.0,0.0,100.0,100.0,0,0,0,0,0.0,0.0,0.0,0
100.0,0.0,100.0,100.0,0,0,0,0,0.0,0.0,0.0,0
100.0,0.0,100.0,100.0,0,0,0,0,0.0,0.0,0.0,0
100.0,0.0,100.0,100.0,0,0,0,0,0.0,0.0,0.0,0
100.0,0.0,100.0,100.0,0,0,0,0,0.0,0.0,0.0,0
100.0,0.0,100.0,100.0,0,0,0,0,0.0,0.0,0.0,0
100.0,0.0,100.0,100.0,0,0,0,0,0.0,0.0,0.0,0
100.0,0.0,100.0,100.0,0,0,0,0,0.0,0.0,0.0,0
100.0,0.0,100.0,100.0,0,0,0,0,0.0,0.0,0.0,0
100.0,0.0,100.0,100.0,0,0,0,0,0.0,0.0,0.0,0
75.0,0.0,100.0,0.0,0,0,0,0,0.0,0.0,0.0,0
85.83,0.0,100.0,43.33,0,0,0,0,0.0,0.0,0.0,0
75.0,0.0,100.0,0.0,0,0,0,0,0.0,0.0,0.0,0
100.0,0.0,100.0,100.0,0,0,0,0,0.0,0.0,0.0,0
100.0,0.0,100.0,100.0,0,0,0,0,0.0,0.0,0.0,0
100.0,0.0,100.0,100.0,0,0,0,0,0.0,0.0,0.0,0
100.0,0.0,100.0,100.0,0,0,0,0,0.0,0.0,0.0,0
100.0,0.0,100.0,100.0,0,0,0,0,0.0,0.0,0.0,0
100.0,0.0,100.0,100.0,0,0,0,0,0.0,0.0,0.0,0
100.0,0.0,100.0,100.0,0,0,0,0,0.0,0.0,0.0,0
100.0,0.0,100.0,100.0,0,0,0,0,0.0,0.0,0.0,0
100.0,0.0,100.0,100.0,0,0,0,0,0.0,0.0,0.0,0
100.0,0.0,100.0,100.0,0,0,0,0,0.0,0.0,0.0,0
100.0,0.0,100.0,100.0,0,0,0,0,0.0,0.0,0.0,0
100.0,0.0,100.0,100.0,0,0,0,0,0.0,0.0,0.0,0
100.0,0.0,100.0,100.0,0,0,0,0,0.0,0.0,0.0,0
100.0,0.0,100.0,100.0,0,0,0,0,0.0,0.0,0.0,0
100.0,0.0,100.0,100.0,0,0,0,0,0.0,0.0,0.0,0
100.0,0.0,100.0,100.0,0,0,0,0,0.0,0.0,0.0,0
100.0,0.0,100.0,100.0,0,0,0,0,0.0,0.0,0.0,0
100.0,0.0,100.0,100.0,0,0,0,0,0.0,0.0,0.0,0
100.0,0.0,100.0,100.0,0,0,0,0,0.0,0.0,0.0,0
100.0,0.0,100.0,100.0,0,0,0,0,0.0,0.0,0.0,0
100.0,0.0,100.0,100.0,0,0,0,0,0.0,0.0,0.0,0
100.0,0.0,100.0,100.0,0,0,0,0,0.0,0.0,0.0,0
100.0,0.0,100.0,100.0,0,0,0,0,0.0,0.0,0.0,0
100.0,0.0,100.0,100.0,0,0,0,0,0.0,0.0,0.0,0
100.0,0.0,100.0,100.0,0,0,0,0,0.0,0.0,0.0,0
100.0,0.0,100.0,100.0,0,0,0,0,0.0,0.0,0.0,0
100.0,0.0,100.0,100.0,0,0,0,0,0.0,0.0,0.0,0
100.0,0.0,100.0,100.0,0,0,0,0,0.0,0.0,0.0,0
100.0,0.0,100.0,100.0,0,0,0,0,0.0,0.0,0.0,0
100.0,0.0,100.0,100.0,0,0,0,0,0.0,0.0,0.0,0
100.0,0.0,100.0,100.0,0,0,0,0,0.0,0.0,0.0,0
100.0,0.0,100.0,100.0,0,0,0,0,0.0,0.0,0.0,0
100.0,0.0,100.0,100.0,0,0,0,0,0.0,0.0,0.0,0
100.0,0.0,100.0,100.0,0,0,0,0,0.0,0.0,0.0,0
100.0,0.0,100.0,100.0,0,0,0,0,0.0,0.0,0.0,0
100.0,0.0,100.0,100.0,0,0,0,0,0.0,0.0,0.0,0
100.0,0.0,100.0,100.0,0,0,0,0,0.0,0.0,0.0,0
100.0,0.0,100.0,100.0,0,0,0,0,0.0,0.0,0.0,0
100.0,0.0,100.0,100.0,0,0,0,0,0.0,0.0,0.0,0
100.0,0.0,100.0,100.0,0,0,0,0,0.0,0.0,0.0,0
100.0,0.0,100.0,100.0,0,0,0,0,0.0,0.0,0.0,0
100.0,0.0,100.0,100.0,0,0,0,0,0.0,0.0,0.0,0
100.0,0.0,100.0,100.0,0,0,0,0,0.0,0.0,0.0,0
100.0,0.0,100.0,100.0,0,0,0,0,0.0,0.0,0.0,0
100.0,0.0,100.0,100.0,0,0,0,0,0.0,0.0,0.0,0
100.0,0.0,100.0,100.0,0,0,0,0,0.0,0.0,0.0,0
100.0,0.0,100.0,100.0,0,0,0,0,0.0,0.0,0.0,0
100.0,0.0,100.0,100.0,0,0,0,0,0.0,0.0,0.0,0
100.0,0.0,100.0,100.0,0,0,0,0,0.0,0.0,0.0,0
100.0,0.0,100.0,100.0,0,0,0,0,0.0,0.0,0.0,0
100.0,0.0,100.0,100.0,0,0,0,0,0.0,0.0,0.0,0
100.0,0.0,100.0,100.0,0,0,0,0,0.0,0.0,0.0,0
100.0,0.0,100.0,100.0,0,0,0,0,0.0,0.0,0.0,0
100.0,0.0,100.0,100.0,0,0,0,0,0.0,0.0,0.0,0
100.0,0.0,100.0,100.0,0,0,0,0,0.0,0.0,0.0,0
100.0,0.0,100.0,100.0,0,0,0,0,0.0,0.0,0.0,0
100.0,0.0,100.0,100.0,0,0,0,0,0.0,0.0,0.0,0
100.0,0.0,100.0,100.0,0,0,0,0,0.0,0.0,0.0,0
100.0,0.0,100.0,100.0,0,0,0,0,0.0,0.0,0.0,0
100.0,0.0,100.0,100.0,0,0,0,0,0.0,0.0,0.0,0
100.0,0.0,100.0,100.0,0,0,0,0,0.0,0.0,0.0,0
100.0,0.0,100.0,100.0,0,0,0,0,0.0,0.0,0.0,0
100.0,0.0,100.0,100.0,0,0,0,0,0.0,0.0,0.0,0
100.0,0.0,100.0,100.0,0,0,0,0,0.0,0.0,0.0,0
100.0,0.0,100.0,100.0,0,0,0,0,0.0,0.0,0.0,0
100.0,0.0,100.0,100.0,0,0,0,0,0.0,0.0,0.0,0
100.0,0.0,100.0,100.0,0,0,0,0,0.0,0.0,0.0,0
100.0,0.0,100.0,100.0,0,0,0,0,0.0,0.0,0.0,0
100.0,0.0,100.0,100.0,0,0,0,0,0.0,0.0,0.0,0
100.0,0.0,100.0,100.0,0,0,0,0,0.0,0.0,0.0,0
100.0,0.0,100.0,100.0,0,0,0,0,0.0,0.0,0.0,0
100.0,0.0,100.0,100.0,0,0,0,0,0.0,0.0,0.0,0
100.0,0.0,100.0,100.0,0,0,0,0,0.0,0.0,0.0,0
100.0,0.0,100.0,100.0,0,0,0,0,0.0,0.0,0.0,0
100.0,0.0,100.0,100.0,0,0,0,0,0.0,0.0,0.0,0
100.0,0.0,100.0,100.0,0,0,0,0,0.0,0.0,0.0,0
100.0,0.0,100.0,100.0,0,0,0,0,0.0,0.0,0.0,0
100.0,0.0,100.0,100.0,0,0,0,0,0.0,0.0,0.0,0
100.0,0.0,100.0,100.0,0,0,0,0,0.0,0.0,0.0,0
100.0,0.0,100.0,100.0,0,0,0,0,0.0,0.0,0.0,0
100.0,0.0,100.0,100.0,0,0,0,0,0.0,0.0,0.0,0
100.0,0.0,100.0,100.0,0,0,0,0,0.0,0.0,0.0,0
100.0,0.0,100.0,100.0,0,0,0,0,0.0,0.0,0.0,0
100.0,0.0,100.0,100.0,0,0,0,0,0.0,0.0,0.0,0
100.0,0.0,100.0,100.0,0,0,0,0,0.0,0.0,0.0,0
100.0,0.0,100.0,100.0,0,0,0,0,0.0,0.0,0.0,0
100.0,0.0,100.0,100.0,0,0,0,0,0.0,0.0,0.0,0
100.0,0.0,100.0,100.0,0,0,0,0,0.0,0.0,0.0,0
100.0,0.0,100.0,100.0,0,0,0,0,0.0,0.0,0.0,0
100.0,0.0,100.0,100.0,0,0,0,0,0.0,0.0,0.0,0
100.0,0.0,100.0,100.0,0,0,0,0,0.0,0.0,0.0,0
100.0,0.0,100.0,100.0,0,0,0,0,0.0,0.0,0.0,0
100.0,0.0,100.0,100.0,0,0,0,0,0.0,0.0,0.0,0
100.0,0.0,100.0,100.0,0,0,0,0,0.0,0.0,0.0,0
100.0,0.0,100.0,100.0,0,0,0,0,0.0,0.0,0.0,0
100.0,0.0,100.0,100.0,0,0,0,0,0.0,0.0,0.0,0
100.0,0.0,100.0,100.0,0,0,0,0,0.0,0.0,0.0,0
100.0,0.0,100.0,100.0,0,0,0,0,0.0,0.0,0.0,0
100.0,0.0,100.0,100.0,0,0,0,0,0.0,0.0,0.0,0
100.0,0.0,100.0,100.0,0,0,0,0,0.0,0.0,0.0,0
100.0,0.0,100.0,100.0,0,0,0,0,0.0,0.0,0.0,0
88.75,0.0,100.0,55.0,0,0,0,0,0.0,0.0,0.0,0
75.0,0.0,100.0,0.0,0,0,0,0,0.0,0.0,0.0,0
75.0,0.0,100.0,0.0,0,0,0,0,0.0,0.0,0.0,0
75.0,0.0,100.0,0.0,0,0,0,0,0.0,0.0,0.0,0
75.0,0.0,100.0,0.0,0,0,0,0,0.0,0.0,0.0,0
75.0,0.0,100.0,0.0,0,0,0,0,0.0,0.0,0.0,0
75.0,0.0,100.0,0.0,0,0,0,0,0.0,0.0,0.0,0
75.0,0.0,100.0,0.0,0,0,0,0,0.0,0.0,0.0,0
75.0,0.0,100.0,0.0,0,0,0,0,0.0,0.0,0.0,0
75.0,0.0,100.0,0.0,0,0,0,0,0.0,0.0,0.0,0
75.0,0.0,100.0,0.0,0,0,0,0,0.0,0.0,0.0,0
75.0,0.0,100.0,0.0,0,0,0,0,0.0,0.0,0.0,0
75.0,0.0,100.0,0.0,0,0,0,0,0.0,0.0,0.0,0
75.0,0.0,100.0,0.0,0,0,0,0,0.0,0.0,0.0,0
75.0,0.0,100.0,0.0,0,0,0,0,0.0,0.0,0.0,0
100.0,0.0,100.0,100.0,0,0,0,0,0.0,0.0,0.0,0
100.0,0.0,100.0,100.0,0,0,0,0,0.0,0.0,0.0,0
100.0,0.0,100.0,100.0,0,0,0,0,0.0,0.0,0.0,0
100.0,0.0,100.0,100.0,0,0,0,0,0.0,0.0,0.0,0
100.0,0.0,100.0,100.0,0,0,0,0,0.0,0.0,0.0,0
100.0,0.0,100.0,100.0,0,0,0,0,0.0,0.0,0.0,0
100.0,0.0,100.0,100.0,0,0,0,0,0.0,0.0,0.0,0
100.0,0.0,100.0,100.0,0,0,0,0,0.0,0.0,0.0,0
100.0,0.0,100.0,100.0,0,0,0,0,0.0,0.0,0.0,0
100.0,0.0,100.0,100.0,0,0,0,0,0.0,0.0,0.0,0
100.0,0.0,100.0,100.0,0,0,0,0,0.0,0.0,0.0,0
100.0,0.0,100.0,100.0,0,0,0,0,0.0,0.0,0.0,0
100.0,0.0,100.0,100.0,0,0,0,0,0.0,0.0,0.0,0
100.0,0.0,100.0,100.0,0,0,0,0,0.0,0.0,0.0,0
75.0,0.0,100.0,0.0,0,0,0,0,0.0,0.0,0.0,0
76.36,0.0,100.0,5.45,0,0,0,0,0.0,0.0,0.0,0
75.0,0.0,100.0,0.0,0,0,0,0,0.0,0.0,0.0,0
75.0,0.0,100.0,0.0,0,0,0,0,0.0,0.0,0.0,0
75.0,0.0,100.0,0.0,0,0,0,0,0.0,0.0,0.0,0
75.0,0.0,100.0,0.0,0,0,0,0,0.0,0.0,0.0,0
75.0,0.0,100.0,0.0,0,0,0,0,0.0,0.0,0.0,0
75.0,0.0,100.0,0.0,0,0,0,0,0.0,0.0,0.0,0
75.0,0.0,100.0,0.0,0,0,0,0,0.0,0.0,0.0,0
75.0,0.0,100.0,0.0,0,0,0,0,0.0,0.0,0.0,0
99.58,0.0,100.0,98.33,0,0,0,0,0.0,0.0,0.0,0
100.0,0.0,100.0,100.0,0,0,0,0,0.0,0.0,0.0,0
100.0,0.0,100.0,100.0,0,0,0,0,0.0,0.0,0.0,0
100.0,0.0,100.0,100.0,0,0,0,0,0.0,0.0,0.0,0
100.0,0.0,100.0,100.0,0,0,0,0,0.0,0.0,0.0,0
100.0,0.0,100.0,100.0,0,0,0,0,0.0,0.0,0.0,0
100.0,0.0,100.0,100.0,0,0,0,0,0.0,0.0,0.0,0
100.0,0.0,100.0,100.0,0,0,0,0,0.0,0.0,0.0,0
100.0,0.0,100.0,100.0,0,0,0,0,0.0,0.0,0.0,0
100.0,0.0,100.0,100.0,0,0,0,0,0.0,0.0,0.0,0
100.0,0.0,100.0,100.0,0,0,0,0,0.0,0.0,0.0,0
100.0,0.0,100.0,100.0,0,0,0,0,0.0,0.0,0.0,0
100.0,0.0,100.0,100.0,0,0,0,0,0.0,0.0,0.0,0
100.0,0.0,100.0,100.0,0,0,0,0,0.0,0.0,0.0,0
100.0,0.0,100.0,100.0,0,0,0,0,0.0,0.0,0.0,0
100.0,0.0,100.0,100.0,0,0,0,0,0.0,0.0,0.0,0
100.0,0.0,100.0,100.0,0,0,0,0,0.0,0.0,0.0,0
100.0,0.0,100.0,100.0,0,0,0,0,0.0,0.0,0.0,0
100.0,0.0,100.0,100.0,0,0,0,0,0.0,0.0,0.0,0
100.0,0.0,100.0,100.0,0,0,0,0,0.0,0.0,0.0,0
100.0,0.0,100.0,100.0,0,0,0,0,0.0,0.0,0.0,0
100.0,0.0,100.0,100.0,0,0,0,0,0.0,0.0,0.0,0
100.0,0.0,100.0,100.0,0,0,0,0,0.0,0.0,0.0,0
100.0,0.0,100.0,100.0,0,0,0,0,0.0,0.0,0.0,0
100.0,0.0,100.0,100.0,0,0,0,0,0.0,0.0,0.0,0
100.0,0.0,100.0,100.0,0,0,0,0,0.0,0.0,0.0,0
100.0,0.0,100.0,100.0,0,0,0,0,0.0,0.0,0.0,0
100.0,0.0,100.0,100.0,0,0,0,0,0.0,0.0,0.0,0
75.56,0.0,100.0,2.22,0,0,0,0,0.0,0.0,0.0,0
75.0,0.0,100.0,0.0,0,0,0,0,0.0,0.0,0.0,0
75.0,0.0,100.0,0.0,0,0,0,0,0.0,0.0,0.0,0
75.0,0.0,100.0,0.0,0,0,0,0,0.0,0.0,0.0,0
75.0,0.0,100.0,0.0,0,0,0,0,0.0,0.0,0.0,0
75.0,0.0,100.0,0.0,0,0,0,0,0.0,0.0,0.0,0
75.0,0.0,100.0,0.0,0,0,0,0,0.0,0.0,0.0,0
75.0,0.0,100.0,0.0,0,0,0,0,0.0,0.0,0.0,0
75.0,0.0,100.0,0.0,0,0,0,0,0.0,0.0,0.0,0
75.0,0.0,100.0,0.0,0,0,0,0,0.0,0.0,0.0,0
88.75,0.0,100.0,55.0,0,0,0,0,0.0,0.0,0.0,0
100.0,0.0,100.0,100.0,0,0,0,0,0.0,0.0,0.0,0
100.0,0.0,100.0,100.0,0,0,0,0,0.0,0.0,0.0,0
100.0,0.0,100.0,100.0,0,0,0,0,0.0,0.0,0.0,0
100.0,0.0,100.0,100.0,0,0,0,0,0.0,0.0,0.0,0
100.0,0.0,100.0,100.0,0,0,0,0,0.0,0.0,0.0,0
100.0,0.0,100.0,100.0,0,0,0,0,0.0,0.0,0.0,0
100.0,0.0,100.0,100.0,0,0,0,0,0.0,0.0,0.0,0
100.0,0.0,100.0,100.0,0,0,0,0,0.0,0.0,0.0,0
100.0,0.0,100.0,100.0,0,0,0,0,0.0,0.0,0.0,0
100.0,0.0,100.0,100.0,0,0,0,0,0.0,0.0,0.0,0
100.0,0.0,100.0,100.0,0,0,0,0,0.0,0.0,0.0,0
100.0,0.0,100.0,100.0,0,0,0,0,0.0,0.0,0.0,0
100.0,0.0,100.0,100.0,0,0,0,0,0.0,0.0,0.0,0
100.0,0.0,100.0,100.0,0,0,0,0,0.0,0.0,0.0,0
100.0,0.0,100.0,100.0,0,0,0,0,0.0,0.0,0.0,0
100.0,0.0,100.0,100.0,0,0,0,0,0.0,0.0,0.0,0
100.0,0.0,100.0,100.0,0,0,0,0,0.0,0.0,0.0,0
100.0,0.0,100.0,100.0,0,0,0,0,0.0,0.0,0.0,0
100.0,0.0,100.0,100.0,0,0,0,0,0.0,0.0,0.0,0
100.0,0.0,100.0,100.0,0,0,0,0,0.0,0.0,0.0,0
100.0,0.0,100.0,100.0,0,0,0,0,0.0,0.0,0.0,0
100.0,0.0,100.0,100.0,0,0,0,0,0.0,0.0,0.0,0
100.0,0.0,100.0,100.0,0,0,0,0,0.0,0.0,0.0,0
100.0,0.0,100.0,100.0,0,0,0,0,0.0,0.0,0.0,0
98.86,0.0,100.0,95.45,0,0,0,0,0.0,0.0,0.0,0
100.0,0.0,100.0,100.0,0,0,0,0,0.0,0.0,0.0,0
100.0,0.0,100.0,100.0,0,0,0,0,0.0,0.0,0.0,0
97.08,0.0,100.0,88.33,0,0,0,0,0.0,0.0,0.0,0
100.0,0.0,100.0,100.0,0,0,0,0,0.0,0.0,0.0,0
100.0,0.0,100.0,100.0,0,0,0,0,0.0,0.0,0.0,0
100.0,0.0,100.0,100.0,0,0,0,0,0.0,0.0,0.0,0
75.0,0.0,100.0,0.0,0,0,0,0,0.0,0.0,0.0,0
75.0,0.0,100.0,0.0,0,0,0,0,0.0,0.0,0.0,0
75.0,0.0,100.0,0.0,0,0,0,0,0.0,0.0,0.0,0
75.0,0.0,100.0,0.0,0,0,0,0,0.0,0.0,0.0,0
75.0,0.0,100.0,0.0,0,0,0,0,0.0,0.0,0.0,0
84.29,0.0,100.0,37.14,0,0,0,0,0.0,0.0,0.0,0
99.26,0.0,100.0,97.06,0,0,0,0,0.0,0.0,0.0,0
100.0,0.0,100.0,100.0,0,0,0,0,0.0,0.0,0.0,0
100.0,0.0,100.0,100.0,0,0,0,0,0.0,0.0,0.0,0
100.0,0.0,100.0,100.0,0,0,0,0,0.0,0.0,0.0,0
100.0,0.0,100.0,100.0,0,0,0,0,0.0,0.0,0.0,0
100.0,0.0,100.0,100.0,0,0,0,0,0.0,0.0,0.0,0
100.0,0.0,100.0,100.0,0,0,0,0,0.0,0.0,0.0,0
100.0,0.0,100.0,100.0,0,0,0,0,0.0,0.0,0.0,0
100.0,0.0,100.0,100.0,0,0,0,0,0.0,0.0,0.0,0
100.0,0.0,100.0,100.0,0,0,0,0,0.0,0.0,0.0,0
100.0,0.0,100.0,100.0,0,0,0,0,0.0,0.0,0.0,0
100.0,0.0,100.0,100.0,0,0,0,0,0.0,0.0,0.0,0
100.0,0.0,100.0,100.0,0,0,0,0,0.0,0.0,0.0,0
100.0,0.0,100.0,100.0,0,0,0,0,0.0,0.0,0.0,0
100.0,0.0,100.0,100.0,0,0,0,0,0.0,0.0,0.0,0
100.0,0.0,100.0,100.0,0,0,0,0,0.0,0.0,0.0,0
100.0,0.0,100.0,100.0,0,0,0,0,0.0,0.0,0.0,0
100.0,0.0,100.0,100.0,0,0,0,0,0.0,0.0,0.0,0
100.0,0.0,100.0,100.0,0,0,0,0,0.0,0.0,0.0,0
100.0,0.0,100.0,100.0,0,0,0,0,0.0,0.0,0.0,0
100.0,0.0,100.0,100.0,0,0,0,0,0.0,0.0,0.0,0
100.0,0.0,100.0,100.0,0,0,0,0,0.0,0.0,0.0,0
100.0,0.0,100.0,100.0,0,0,0,0,0.0,0.0,0.0,0
100.0,0.0,100.0,100.0,0,0,0,0,0.0,0.0,0.0,0
100.0,0.0,100.0,100.0,0,0,0,0,0.0,0.0,0.0,0
100.0,0.0,100.0,100.0,0,0,0,0,0.0,0.0,0.0,0
100.0,0.0,100.0,100.0,0,0,0,0,0.0,0.0,0.0,0
100.0,0.0,100.0,100.0,0,0,0,0,0.0,0.0,0.0,0
100.0,0.0,100.0,100.0,0,0,0,0,0.0,0.0,0.0,0
100.0,0.0,100.0,100.0,0,0,0,0,0.0,0.0,0.0,0
100.0,0.0,100.0,100.0,0,0,0,0,0.0,0.0,0.0,0
100.0,0.0,100.0,100.0,0,0,0,0,0.0,0.0,0.0,0
100.0,0.0,100.0,100.0,0,0,0,0,0.0,0.0,0.0,0
100.0,0.0,100.0,100.0,0,0,0,0,0.0,0.0,0.0,0
100.0,0.0,100.0,100.0,0,0,0,0,0.0,0.0,0.0,0
100.0,0.0,100.0,100.0,0,0,0,0,0.0,0.0,0.0,0
100.0,0.0,100.0,100.0,0,0,0,0,0.0,0.0,0.0,0
100.0,0.0,100.0,100.0,0,0,0,0,0.0,0.0,0.0,0
100.0,0.0,100.0,100.0,0,0,0,0,0.0,0.0,0.0,0
100.0,0.0,100.0,100.0,0,0,0,0,0.0,0.0,0.0,0
100.0,0.0,100.0,100.0,0,0,0,0,0.0,0.0,0.0,0
100.0,0.0,100.0,100.0,0,0,0,0,0.0,0.0,0.0,0
100.0,0.0,100.0,100.0,0,0,0,0,0.0,0.0,0.0,0
100.0,0.0,100.0,100.0,0,0,0,0,0.0,0.0,0.0,0
100.0,0.0,100.0,100.0,0,0,0,0,0.0,0.0,0.0,0
100.0,0.0,100.0,100.0,0,0,0,0,0.0,0.0,0.0,0
100.0,0.0,100.0,100.0,0,0,0,0,0.0,0.0,0.0,0
100.0,0.0,100.0,100.0,0,0,0,0,0.0,0.0,0.0,0
100.0,0.0,100.0,100.0,0,0,0,0,0.0,0.0,0.0,0
100.0,0.0,100.0,100.0,0,0,0,0,0.0,0.0,0.0,0
95.0,0.0,93.33,100.0,0,0,0,0,-6.670000000000002,0.0,0.0,0
65.0,0.0,53.33,100.0,0,0,0,0,-40.0,0.0,0.0,0
100.0,0.0,100.0,100.0,0,0,0,0,46.67,0.0,0.0,0
100.0,0.0,100.0,100.0,0,0,0,0,0.0,0.0,0.0,0
100.0,0.0,100.0,100.0,0,0,0,0,0.0,0.0,0.0,0
100.0,0.0,100.0,100.0,0,0,0,0,0.0,0.0,0.0,0
100.0,0.0,100.0,100.0,0,0,0,0,0.0,0.0,0.0,0
100.0,0.0,100.0,100.0,0,0,0,0,0.0,0.0,0.0,0
100.0,0.0,100.0,100.0,0,0,0,0,0.0,0.0,0.0,0
100.0,0.0,100.0,100.0,0,0,0,0,0.0,0.0,0.0,0
100.0,0.0,100.0,100.0,0,0,0,0,0.0,0.0,0.0,0
100.0,0.0,100.0,100.0,0,0,0,0,0.0,0.0,0.0,0
100.0,0.0,100.0,100.0,0,0,0,0,0.0,0.0,0.0,0
100.0,0.0,100.0,100.0,0,0,0,0,0.0,0.0,0.0,0
100.0,0.0,100.0,100.0,0,0,0,0,0.0,0.0,0.0,0
100.0,0.0,100.0,100.0,0,0,0,0,0.0,0.0,0.0,0
100.0,0.0,100.0,100.0,0,0,0,0,0.0,0.0,0.0,0
100.0,0.0,100.0,100.0,0,0,0,0,0.0,0.0,0.0,0
100.0,0.0,100.0,100.0,0,0,0,0,0.0,0.0,0.0,0
100.0,0.0,100.0,100.0,0,0,0,0,0.0,0.0,0.0,0
100.0,0.0,100.0,100.0,0,0,0,0,0.0,0.0,0.0,0
100.0,0.0,100.0,100.0,0,0,0,0,0.0,0.0,0.0,0
100.0,0.0,100.0,100.0,0,0,0,0,0.0,0.0,0.0,0
100.0,0.0,100.0,100.0,0,0,0,0,0.0,0.0,0.0,0
100.0,0.0,100.0,100.0,0,0,0,0,0.0,0.0,0.0,0
100.0,0.0,100.0,100.0,0,0,0,0,0.0,0.0,0.0,0
100.0,0.0,100.0,100.0,0,0,0,0,0.0,0.0,0.0,0
100.0,0.0,100.0,100.0,0,0,0,0,0.0,0.0,0.0,0
100.0,0.0,100.0,100.0,0,0,0,0,0.0,0.0,0.0,0
100.0,0.0,100.0,100.0,0,0,0,0,0.0,0.0,0.0,0
100.0,0.0,100.0,100.0,0,0,0,0,0.0,0.0,0.0,0
100.0,0.0,100.0,100.0,0,0,0,0,0.0,0.0,0.0,0
100.0,0.0,100.0,100.0,0,0,0,0,0.0,0.0,0.0,0
100.0,0.0,100.0,100.0,0,0,0,0,0.0,0.0,0.0,0
100.0,0.0,100.0,100.0,0,0,0,0,0.0,0.0,0.0,0
100.0,0.0,100.0,100.0,0,0,0,0,0.0,0.0,0.0,0
100.0,0.0,100.0,100.0,0,0,0,0,0.0,0.0,0.0,0
100.0,0.0,100.0,100.0,0,0,0,0,0.0,0.0,0.0,0
100.0,0.0,100.0,100.0,0,0,0,0,0.0,0.0,0.0,0
100.0,0.0,100.0,100.0,0,0,0,0,0.0,0.0,0.0,0
100.0,0.0,100.0,100.0,0,0,0,0,0.0,0.0,0.0,0
100.0,0.0,100.0,100.0,0,0,0,0,0.0,0.0,0.0,0
100.0,0.0,100.0,100.0,0,0,0,0,0.0,0.0,0.0,0
100.0,0.0,100.0,100.0,0,0,0,0,0.0,0.0,0.0,0
100.0,0.0,100.0,100.0,0,0,0,0,0.0,0.0,0.0,0
100.0,0.0,100.0,100.0,0,0,0,0,0.0,0.0,0.0,0
100.0,0.0,100.0,100.0,0,0,0,0,0.0,0.0,0.0,0
100.0,0.0,100.0,100.0,0,0,0,0,0.0,0.0,0.0,0
100.0,0.0,100.0,100.0,0,0,0,0,0.0,0.0,0.0,0
100.0,0.0,100.0,100.0,0,0,0,0,0.0,0.0,0.0,0
99.58,0.0,100.0,98.33,0,0,0,0,0.0,0.0,0.0,0
75.0,0.0,100.0,0.0,0,0,0,0,0.0,0.0,0.0,0
75.0,0.0,100.0,0.0,0,0,0,0,0.0,0.0,0.0,0
100.0,0.0,100.0,100.0,0,0,0,0,0.0,0.0,0.0,0
100.0,0.0,100.0,100.0,0,0,0,0,0.0,0.0,0.0,0
100.0,0.0,100.0,100.0,0,0,0,0,0.0,0.0,0.0,0
100.0,0.0,100.0,100.0,0,0,0,0,0.0,0.0,0.0,0
100.0,0.0,100.0,100.0,0,0,0,0,0.0,0.0,0.0,0
100.0,0.0,100.0,100.0,0,0,0,0,0.0,0.0,0.0,0
100.0,0.0,100.0,100.0,0,0,0,0,0.0,0.0,0.0,0
100.0,0.0,100.0,100.0,0,0,0,0,0.0,0.0,0.0,0
100.0,0.0,100.0,100.0,0,0,0,0,0.0,0.0,0.0,0
100.0,0.0,100.0,100.0,0,0,0,0,0.0,0.0,0.0,0
100.0,0.0,100.0,100.0,0,0,0,0,0.0,0.0,0.0,0
100.0,0.0,100.0,100.0,0,0,0,0,0.0,0.0,0.0,0
100.0,0.0,100.0,100.0,0,0,0,0,0.0,0.0,0.0,0
100.0,0.0,100.0,100.0,0,0,0,0,0.0,0.0,0.0,0
100.0,0.0,100.0,100.0,0,0,0,0,0.0,0.0,0.0,0
100.0,0.0,100.0,100.0,0,0,0,0,0.0,0.0,0.0,0
100.0,0.0,100.0,100.0,0,0,0,0,0.0,0.0,0.0,0
100.0,0.0,100.0,100.0,0,0,0,0,0.0,0.0,0.0,0
100.0,0.0,100.0,100.0,0,0,0,0,0.0,0.0,0.0,0
100.0,0.0,100.0,100.0,0,0,0,0,0.0,0.0,0.0,0
100.0,0.0,100.0,100.0,0,0,0,0,0.0,0.0,0.0,0
100.0,0.0,100.0,100.0,0,0,0,0,0.0,0.0,0.0,0
100.0,0.0,100.0,100.0,0,0,0,0,0.0,0.0,0.0,0
100.0,0.0,100.0,100.0,0,0,0,0,0.0,0.0,0.0,0
100.0,0.0,100.0,100.0,0,0,0,0,0.0,0.0,0.0,0
100.0,0.0,100.0,100.0,0,0,0,0,0.0,0.0,0.0,0
100.0,0.0,100.0,100.0,0,0,0,0,0.0,0.0,0.0,0
100.0,0.0,100.0,100.0,0,0,0,0,0.0,0.0,0.0,0
100.0,0.0,100.0,100.0,0,0,0,0,0.0,0.0,0.0,0
100.0,0.0,100.0,100.0,0,0,0,0,0.0,0.0,0.0,0
100.0,0.0,100.0,100.0,0,0,0,0,0.0,0.0,0.0,0
100.0,0.0,100.0,100.0,0,0,0,0,0.0,0.0,0.0,0
100.0,0.0,100.0,100.0,0,0,0,0,0.0,0.0,0.0,0
100.0,0.0,100.0,100.0,0,0,0,0,0.0,0.0,0.0,0
100.0,0.0,100.0,100.0,0,0,0,0,0.0,0.0,0.0,0
100.0,0.0,100.0,100.0,0,0,0,0,0.0,0.0,0.0,0
100.0,0.0,100.0,100.0,0,0,0,0,0.0,0.0,0.0,0
100.0,0.0,100.0,100.0,0,0,0,0,0.0,0.0,0.0,0
100.0,0.0,100.0,100.0,0,0,0,0,0.0,0.0,0.0,0
100.0,0.0,100.0,100.0,0,0,0,0,0.0,0.0,0.0,0
100.0,0.0,100.0,100.0,0,0,0,0,0.0,0.0,0.0,0
100.0,0.0,100.0,100.0,0,0,0,0,0.0,0.0,0.0,0
100.0,0.0,100.0,100.0,0,0,0,0,0.0,0.0,0.0,0
100.0,0.0,100.0,100.0,0,0,0,0,0.0,0.0,0.0,0
100.0,0.0,100.0,100.0,0,0,0,0,0.0,0.0,0.0,0
100.0,0.0,100.0,100.0,0,0,0,0,0.0,0.0,0.0,0
100.0,0.0,100.0,100.0,0,0,0,0,0.0,0.0,0.0,0
100.0,0.0,100.0,100.0,0,0,0,0,0.0,0.0,0.0,0
100.0,0.0,100.0,100.0,0,0,0,0,0.0,0.0,0.0,0
100.0,0.0,100.0,100.0,0,0,0,0,0.0,0.0,0.0,0
100.0,0.0,100.0,100.0,0,0,0,0,0.0,0.0,0.0,0
100.0,0.0,100.0,100.0,0,0,0,0,0.0,0.0,0.0,0
100.0,0.0,100.0,100.0,0,0,0,0,0.0,0.0,0.0,0
100.0,0.0,100.0,100.0,0,0,0,0,0.0,0.0,0.0,0
100.0,0.0,100.0,100.0,0,0,0,0,0.0,0.0,0.0,0
100.0,0.0,100.0,100.0,0,0,0,0,0.0,0.0,0.0,0
100.0,0.0,100.0,100.0,0,0,0,0,0.0,0.0,0.0,0
100.0,0.0,100.0,100.0,0,0,0,0,0.0,0.0,0.0,0
100.0,0.0,100.0,100.0,0,0,0,0,0.0,0.0,0.0,0
100.0,0.0,100.0,100.0,0,0,0,0,0.0,0.0,0.0,0
100.0,0.0,100.0,100.0,0,0,0,0,0.0,0.0,0.0,0
100.0,0.0,100.0,100.0,0,0,0,0,0.0,0.0,0.0,0
100.0,0.0,100.0,100.0,0,0,0,0,0.0,0.0,0.0,0
100.0,0.0,100.0,100.0,0,0,0,0,0.0,0.0,0.0,0
100.0,0.0,100.0,100.0,0,0,0,0,0.0,0.0,0.0,0
100.0,0.0,100.0,100.0,0,0,0,0,0.0,0.0,0.0,0
100.0,0.0,100.0,100.0,0,0,0,0,0.0,0.0,0.0,0
100.0,0.0,100.0,100.0,0,0,0,0,0.0,0.0,0.0,0
100.0,0.0,100.0,100.0,0,0,0,0,0.0,0.0,0.0,0
100.0,0.0,100.0,100.0,0,0,0,0,0.0,0.0,0.0,0
100.0,0.0,100.0,100.0,0,0,0,0,0.0,0.0,0.0,0
100.0,0.0,100.0,100.0,0,0,0,0,0.0,0.0,0.0,0
100.0,0.0,100.0,100.0,0,0,0,0,0.0,0.0,0.0,0
100.0,0.0,100.0,100.0,0,0,0,0,0.0,0.0,0.0,0
100.0,0.0,100.0,100.0,0,0,0,0,0.0,0.0,0.0,0
100.0,0.0,100.0,100.0,0,0,0,0,0.0,0.0,0.0,0
100.0,0.0,100.0,100.0,0,0,0,0,0.0,0.0,0.0,0
100.0,0.0,100.0,100.0,0,0,0,0,0.0,0.0,0.0,0
100.0,0.0,100.0,100.0,0,0,0,0,0.0,0.0,0.0,0
100.0,0.0,100.0,100.0,0,0,0,0,0.0,0.0,0.0,0
100.0,0.0,100.0,100.0,0,0,0,0,0.0,0.0,0.0,0
100.0,0.0,100.0,100.0,0,0,0,0,0.0,0.0,0.0,0
100.0,0.0,100.0,100.0,0,0,0,0,0.0,0.0,0.0,0
100.0,0.0,100.0,100.0,0,0,0,0,0.0,0.0,0.0,0
100.0,0.0,100.0,100.0,0,0,0,0,0.0,0.0,0.0,0
100.0,0.0,100.0,100.0,0,0,0,0,0.0,0.0,0.0,0
100.0,0.0,100.0,100.0,0,0,0,0,0.0,0.0,0.0,0
100.0,0.0,100.0,100.0,0,0,0,0,0.0,0.0,0.0,0
100.0,0.0,100.0,100.0,0,0,0,0,0.0,0.0,0.0,0
100.0,0.0,100.0,100.0,0,0,0,0,0.0,0.0,0.0,0
100.0,0.0,100.0,100.0,0,0,0,0,0.0,0.0,0.0,0
100.0,0.0,100.0,100.0,0,0,0,0,0.0,0.0,0.0,0
100.0,0.0,100.0,100.0,0,0,0,0,0.0,0.0,0.0,0
100.0,0.0,100.0,100.0,0,0,0,0,0.0,0.0,0.0,0
100.0,0.0,100.0,100.0,0,0,0,0,0.0,0.0,0.0,0
100.0,0.0,100.0,100.0,0,0,0,0,0.0,0.0,0.0,0
100.0,0.0,100.0,100.0,0,0,0,0,0.0,0.0,0.0,0
100.0,0.0,100.0,100.0,0,0,0,0,0.0,0.0,0.0,0
100.0,0.0,100.0,100.0,0,0,0,0,0.0,0.0,0.0,0
100.0,0.0,100.0,100.0,0,0,0,0,0.0,0.0,0.0,0
100.0,0.0,100.0,100.0,0,0,0,0,0.0,0.0,0.0,0
100.0,0.0,100.0,100.0,0,0,0,0,0.0,0.0,0.0,0
100.0,0.0,100.0,100.0,0,0,0,0,0.0,0.0,0.0,0
100.0,0.0,100.0,100.0,0,0,0,0,0.0,0.0,0.0,0
100.0,0.0,100.0,100.0,0,0,0,0,0.0,0.0,0.0,0
100.0,0.0,100.0,100.0,0,0,0,0,0.0,0.0,0.0,0
100.0,0.0,100.0,100.0,0,0,0,0,0.0,0.0,0.0,0
100.0,0.0,100.0,100.0,0,0,0,0,0.0,0.0,0.0,0
100.0,0.0,100.0,100.0,0,0,0,0,0.0,0.0,0.0,0
100.0,0.0,100.0,100.0,0,0,0,0,0.0,0.0,0.0,0
100.0,0.0,100.0,100.0,0,0,0,0,0.0,0.0,0.0,0
100.0,0.0,100.0,100.0,0,0,0,0,0.0,0.0,0.0,0
100.0,0.0,100.0,100.0,0,0,0,0,0.0,0.0,0.0,0
100.0,0.0,100.0,100.0,0,0,0,0,0.0,0.0,0.0,0
100.0,0.0,100.0,100.0,0,0,0,0,0.0,0.0,0.0,0
100.0,0.0,100.0,100.0,0,0,0,0,0.0,0.0,0.0,0
100.0,0.0,100.0,100.0,0,0,0,0,0.0,0.0,0.0,0
100.0,0.0,100.0,100.0,0,0,0,0,0.0,0.0,0.0,0
100.0,0.0,100.0,100.0,0,0,0,0,0.0,0.0,0.0,0
100.0,0.0,100.0,100.0,0,0,0,0,0.0,0.0,0.0,0
100.0,0.0,100.0,100.0,0,0,0,0,0.0,0.0,0.0,0
100.0,0.0,100.0,100.0,0,0,0,0,0.0,0.0,0.0,0
100.0,0.0,100.0,100.0,0,0,0,0,0.0,0.0,0.0,0
100.0,0.0,100.0,100.0,0,0,0,0,0.0,0.0,0.0,0
100.0,0.0,100.0,100.0,0,0,0,0,0.0,0.0,0.0,0
100.0,0.0,100.0,100.0,0,0,0,0,0.0,0.0,0.0,0
100.0,0.0,100.0,100.0,0,0,0,0,0.0,0.0,0.0,0
100.0,0.0,100.0,100.0,0,0,0,0,0.0,0.0,0.0,0
100.0,0.0,100.0,100.0,0,0,0,0,0.0,0.0,0.0,0
100.0,0.0,100.0,100.0,0,0,0,0,0.0,0.0,0.0,0
100.0,0.0,100.0,100.0,0,0,0,0,0.0,0.0,0.0,0
100.0,0.0,100.0,100.0,0,0,0,0,0.0,0.0,0.0,0
100.0,0.0,100.0,100.0,0,0,0,0,0.0,0.0,0.0,0
100.0,0.0,100.0,100.0,0,0,0,0,0.0,0.0,0.0,0
100.0,0.0,100.0,100.0,0,0,0,0,0.0,0.0,0.0,0
100.0,0.0,100.0,100.0,0,0,0,0,0.0,0.0,0.0,0
100.0,0.0,100.0,100.0,0,0,0,0,0.0,0.0,0.0,0
100.0,0.0,100.0,100.0,0,0,0,0,0.0,0.0,0.0,0
100.0,0.0,100.0,100.0,0,0,0,0,0.0,0.0,0.0,0
100.0,0.0,100.0,100.0,0,0,0,0,0.0,0.0,0.0,0
100.0,0.0,100.0,100.0,0,0,0,0,0.0,0.0,0.0,0
100.0,0.0,100.0,100.0,0,0,0,0,0.0,0.0,0.0,0
100.0,0.0,100.0,100.0,0,0,0,0,0.0,0.0,0.0,0
100.0,0.0,100.0,100.0,0,0,0,0,0.0,0.0,0.0,0
100.0,0.0,100.0,100.0,0,0,0,0,0.0,0.0,0.0,0
100.0,0.0,100.0,100.0,0,0,0,0,0.0,0.0,0.0,0
100.0,0.0,100.0,100.0,0,0,0,0,0.0,0.0,0.0,0
100.0,0.0,100.0,100.0,0,0,0,0,0.0,0.0,0.0,0
100.0,0.0,100.0,100.0,0,0,0,0,0.0,0.0,0.0,0
100.0,0.0,100.0,100.0,0,0,0,0,0.0,0.0,0.0,0
100.0,0.0,100.0,100.0,0,0,0,0,0.0,0.0,0.0,0
100.0,0.0,100.0,100.0,0,0,0,0,0.0,0.0,0.0,0
100.0,0.0,100.0,100.0,0,0,0,0,0.0,0.0,0.0,0
100.0,0.0,100.0,100.0,0,0,0,0,0.0,0.0,0.0,0
100.0,0.0,100.0,100.0,0,0,0,0,0.0,0.0,0.0,0
100.0,0.0,100.0,100.0,0,0,0,0,0.0,0.0,0.0,0
100.0,0.0,100.0,100.0,0,0,0,0,0.0,0.0,0.0,0
100.0,0.0,100.0,100.0,0,0,0,0,0.0,0.0,0.0,0
100.0,0.0,100.0,100.0,0,0,0,0,0.0,0.0,0.0,0
100.0,0.0,100.0,100.0,0,0,0,0,0.0,0.0,0.0,0
100.0,0.0,100.0,100.0,0,0,0,0,0.0,0.0,0.0,0
100.0,0.0,100.0,100.0,0,0,0,0,0.0,0.0,0.0,0
100.0,0.0,100.0,100.0,0,0,0,0,0.0,0.0,0.0,0
100.0,0.0,100.0,100.0,0,0,0,0,0.0,0.0,0.0,0
100.0,0.0,100.0,100.0,0,0,0,0,0.0,0.0,0.0,0
100.0,0.0,100.0,100.0,0,0,0,0,0.0,0.0,0.0,0
100.0,0.0,100.0,100.0,0,0,0,0,0.0,0.0,0.0,0
100.0,0.0,100.0,100.0,0,0,0,0,0.0,0.0,0.0,0
100.0,0.0,100.0,100.0,0,0,0,0,0.0,0.0,0.0,0
100.0,0.0,100.0,100.0,0,0,0,0,0.0,0.0,0.0,0
100.0,0.0,100.0,100.0,0,0,0,0,0.0,0.0,0.0,0
100.0,0.0,100.0,100.0,0,0,0,0,0.0,0.0,0.0,0
100.0,0.0,100.0,100.0,0,0,0,0,0.0,0.0,0.0,0
100.0,0.0,100.0,100.0,0,0,0,0,0.0,0.0,0.0,0
100.0,0.0,100.0,100.0,0,0,0,0,0.0,0.0,0.0,0
100.0,0.0,100.0,100.0,0,0,0,0,0.0,0.0,0.0,0
100.0,0.0,100.0,100.0,0,0,0,0,0.0,0.0,0.0,0
100.0,0.0,100.0,100.0,0,0,0,0,0.0,0.0,0.0,0
100.0,0.0,100.0,100.0,0,0,0,0,0.0,0.0,0.0,0
100.0,0.0,100.0,100.0,0,0,0,0,0.0,0.0,0.0,0
100.0,0.0,100.0,100.0,0,0,0,0,0.0,0.0,0.0,0
100.0,0.0,100.0,100.0,0,0,0,0,0.0,0.0,0.0,0
100.0,0.0,100.0,100.0,0,0,0,0,0.0,0.0,0.0,0
100.0,0.0,100.0,100.0,0,0,0,0,0.0,0.0,0.0,0
100.0,0.0,100.0,100.0,0,0,0,0,0.0,0.0,0.0,0
100.0,0.0,100.0,100.0,0,0,0,0,0.0,0.0,0.0,0
100.0,0.0,100.0,100.0,0,0,0,0,0.0,0.0,0.0,0
100.0,0.0,100.0,100.0,0,0,0,0,0.0,0.0,0.0,0
100.0,0.0,100.0,100.0,0,0,0,0,0.0,0.0,0.0,0
100.0,0.0,100.0,100.0,0,0,0,0,0.0,0.0,0.0,0
100.0,0.0,100.0,100.0,0,0,0,0,0.0,0.0,0.0,0
100.0,0.0,100.0,100.0,0,0,0,0,0.0,0.0,0.0,0
100.0,0.0,100.0,100.0,0,0,0,0,0.0,0.0,0.0,0
100.0,0.0,100.0,100.0,0,0,0,0,0.0,0.0,0.0,0
100.0,0.0,100.0,100.0,0,0,0,0,0.0,0.0,0.0,0
100.0,0.0,100.0,100.0,0,0,0,0,0.0,0.0,0.0,0
100.0,0.0,100.0,100.0,0,0,0,0,0.0,0.0,0.0,0
100.0,0.0,100.0,100.0,0,0,0,0,0.0,0.0,0.0,0
100.0,0.0,100.0,100.0,0,0,0,0,0.0,0.0,0.0,0
100.0,0.0,100.0,100.0,0,0,0,0,0.0,0.0,0.0,0
100.0,0.0,100.0,100.0,0,0,0,0,0.0,0.0,0.0,0
100.0,0.0,100.0,100.0,0,0,0,0,0.0,0.0,0.0,0
100.0,0.0,100.0,100.0,0,0,0,0,0.0,0.0,0.0,0
100.0,0.0,100.0,100.0,0,0,0,0,0.0,0.0,0.0,0
100.0,0.0,100.0,100.0,0,0,0,0,0.0,0.0,0.0,0
100.0,0.0,100.0,100.0,0,0,0,0,0.0,0.0,0.0,0
100.0,0.0,100.0,100.0,0,0,0,0,0.0,0.0,0.0,0
100.0,0.0,100.0,100.0,0,0,0,0,0.0,0.0,0.0,0
100.0,0.0,100.0,100.0,0,0,0,0,0.0,0.0,0.0,0
100.0,0.0,100.0,100.0,0,0,0,0,0.0,0.0,0.0,0
100.0,0.0,100.0,100.0,0,0,0,0,0.0,0.0,0.0,0
100.0,0.0,100.0,100.0,0,0,0,0,0.0,0.0,0.0,0
100.0,0.0,100.0,100.0,0,0,0,0,0.0,0.0,0.0,0
100.0,0.0,100.0,100.0,0,0,0,0,0.0,0.0,0.0,0
100.0,0.0,100.0,100.0,0,0,0,0,0.0,0.0,0.0,0
100.0,0.0,100.0,100.0,0,0,0,0,0.0,0.0,0.0,0
100.0,0.0,100.0,100.0,0,0,0,0,0.0,0.0,0.0,0
100.0,0.0,100.0,100.0,0,0,0,0,0.0,0.0,0.0,0
100.0,0.0,100.0,100.0,0,0,0,0,0.0,0.0,0.0,0
100.0,0.0,100.0,100.0,0,0,0,0,0.0,0.0,0.0,0
100.0,0.0,100.0,100.0,0,0,0,0,0.0,0.0,0.0,0
100.0,0.0,100.0,100.0,0,0,0,0,0.0,0.0,0.0,0
100.0,0.0,100.0,100.0,0,0,0,0,0.0,0.0,0.0,0
100.0,0.0,100.0,100.0,0,0,0,0,0.0,0.0,0.0,0
100.0,0.0,100.0,100.0,0,0,0,0,0.0,0.0,0.0,0
100.0,0.0,100.0,100.0,0,0,0,0,0.0,0.0,0.0,0
100.0,0.0,100.0,100.0,0,0,0,0,0.0,0.0,0.0,0
100.0,0.0,100.0,100.0,0,0,0,0,0.0,0.0,0.0,0
100.0,0.0,100.0,100.0,0,0,0,0,0.0,0.0,0.0,0
100.0,0.0,100.0,100.0,0,0,0,0,0.0,0.0,0.0,0
100.0,0.0,100.0,100.0,0,0,0,0,0.0,0.0,0.0,0
100.0,0.0,100.0,100.0,0,0,0,0,0.0,0.0,0.0,0
100.0,0.0,100.0,100.0,0,0,0,0,0.0,0.0,0.0,0
100.0,0.0,100.0,100.0,0,0,0,0,0.0,0.0,0.0,0
100.0,0.0,100.0,100.0,0,0,0,0,0.0,0.0,0.0,0
100.0,0.0,100.0,100.0,0,0,0,0,0.0,0.0,0.0,0
100.0,0.0,100.0,100.0,0,0,0,0,0.0,0.0,0.0,0
100.0,0.0,100.0,100.0,0,0,0,0,0.0,0.0,0.0,0
100.0,0.0,100.0,100.0,0,0,0,0,0.0,0.0,0.0,0
100.0,0.0,100.0,100.0,0,0,0,0,0.0,0.0,0.0,0
100.0,0.0,100.0,100.0,0,0,0,0,0.0,0.0,0.0,0
100.0,0.0,100.0,100.0,0,0,0,0,0.0,0.0,0.0,0
100.0,0.0,100.0,100.0,0,0,0,0,0.0,0.0,0.0,0
100.0,0.0,100.0,100.0,0,0,0,0,0.0,0.0,0.0,0
100.0,0.0,100.0,100.0,0,0,0,0,0.0,0.0,0.0,0
100.0,0.0,100.0,100.0,0,0,0,0,0.0,0.0,0.0,0
100.0,0.0,100.0,100.0,0,0,0,0,0.0,0.0,0.0,0
100.0,0.0,100.0,100.0,0,0,0,0,0.0,0.0,0.0,0
100.0,0.0,100.0,100.0,0,0,0,0,0.0,0.0,0.0,0
100.0,0.0,100.0,100.0,0,0,0,0,0.0,0.0,0.0,0
100.0,0.0,100.0,100.0,0,0,0,0,0.0,0.0,0.0,0
100.0,0.0,100.0,100.0,0,0,0,0,0.0,0.0,0.0,0
100.0,0.0,100.0,100.0,0,0,0,0,0.0,0.0,0.0,0
100.0,0.0,100.0,100.0,0,0,0,0,0.0,0.0,0.0,0
100.0,0.0,100.0,100.0,0,0,0,0,0.0,0.0,0.0,0
100.0,0.0,100.0,100.0,0,0,0,0,0.0,0.0,0.0,0
100.0,0.0,100.0,100.0,0,0,0,0,0.0,0.0,0.0,0
100.0,0.0,100.0,100.0,0,0,0,0,0.0,0.0,0.0,0
100.0,0.0,100.0,100.0,0,0,0,0,0.0,0.0,0.0,0
100.0,0.0,100.0,100.0,0,0,0,0,0.0,0.0,0.0,0
100.0,0.0,100.0,100.0,0,0,0,0,0.0,0.0,0.0,0
100.0,0.0,100.0,100.0,0,0,0,0,0.0,0.0,0.0,0
100.0,0.0,100.0,100.0,0,0,0,0,0.0,0.0,0.0,0
100.0,0.0,100.0,100.0,0,0,0,0,0.0,0.0,0.0,0
100.0,0.0,100.0,100.0,0,0,0,0,0.0,0.0,0.0,0
100.0,0.0,100.0,100.0,0,0,0,0,0.0,0.0,0.0,0
100.0,0.0,100.0,100.0,0,0,0,0,0.0,0.0,0.0,0
100.0,0.0,100.0,100.0,0,0,0,0,0.0,0.0,0.0,0
100.0,0.0,100.0,100.0,0,0,0,0,0.0,0.0,0.0,0
100.0,0.0,100.0,100.0,0,0,0,0,0.0,0.0,0.0,0
100.0,0.0,100.0,100.0,0,0,0,0,0.0,0.0,0.0,0
100.0,0.0,100.0,100.0,0,0,0,0,0.0,0.0,0.0,0
100.0,0.0,100.0,100.0,0,0,0,0,0.0,0.0,0.0,0
100.0,0.0,100.0,100.0,0,0,0,0,0.0,0.0,0.0,0
100.0,0.0,100.0,100.0,0,0,0,0,0.0,0.0,0.0,0
100.0,0.0,100.0,100.0,0,0,0,0,0.0,0.0,0.0,0
100.0,0.0,100.0,100.0,0,0,0,0,0.0,0.0,0.0,0
100.0,0.0,100.0,100.0,0,0,0,0,0.0,0.0,0.0,0
100.0,0.0,100.0,100.0,0,0,0,0,0.0,0.0,0.0,0
100.0,0.0,100.0,100.0,0,0,0,0,0.0,0.0,0.0,0
100.0,0.0,100.0,100.0,0,0,0,0,0.0,0.0,0.0,0
100.0,0.0,100.0,100.0,0,0,0,0,0.0,0.0,0.0,0
100.0,0.0,100.0,100.0,0,0,0,0,0.0,0.0,0.0,0
100.0,0.0,100.0,100.0,0,0,0,0,0.0,0.0,0.0,0
100.0,0.0,100.0,100.0,0,0,0,0,0.0,0.0,0.0,0
100.0,0.0,100.0,100.0,0,0,0,0,0.0,0.0,0.0,0
100.0,0.0,100.0,100.0,0,0,0,0,0.0,0.0,0.0,0
100.0,0.0,100.0,100.0,0,0,0,0,0.0,0.0,0.0,0
100.0,0.0,100.0,100.0,0,0,0,0,0.0,0.0,0.0,0
100.0,0.0,100.0,100.0,0,0,0,0,0.0,0.0,0.0,0
100.0,0.0,100.0,100.0,0,0,0,0,0.0,0.0,0.0,0
100.0,0.0,100.0,100.0,0,0,0,0,0.0,0.0,0.0,0
100.0,0.0,100.0,100.0,0,0,0,0,0.0,0.0,0.0,0
100.0,0.0,100.0,100.0,0,0,0,0,0.0,0.0,0.0,0
100.0,0.0,100.0,100.0,0,0,0,0,0.0,0.0,0.0,0
100.0,0.0,100.0,100.0,0,0,0,0,0.0,0.0,0.0,0
100.0,0.0,100.0,100.0,0,0,0,0,0.0,0.0,0.0,0
100.0,0.0,100.0,100.0,0,0,0,0,0.0,0.0,0.0,0
100.0,0.0,100.0,100.0,0,0,0,0,0.0,0.0,0.0,0
100.0,0.0,100.0,100.0,0,0,0,0,0.0,0.0,0.0,0
100.0,0.0,100.0,100.0,0,0,0,0,0.0,0.0,0.0,0
100.0,0.0,100.0,100.0,0,0,0,0,0.0,0.0,0.0,0
100.0,0.0,100.0,100.0,0,0,0,0,0.0,0.0,0.0,0
100.0,0.0,100.0,100.0,0,0,0,0,0.0,0.0,0.0,0
100.0,0.0,100.0,100.0,0,0,0,0,0.0,0.0,0.0,0
100.0,0.0,100.0,100.0,0,0,0,0,0.0,0.0,0.0,0
100.0,0.0,100.0,100.0,0,0,0,0,0.0,0.0,0.0,0
100.0,0.0,100.0,100.0,0,0,0,0,0.0,0.0,0.0,0
100.0,0.0,100.0,100.0,0,0,0,0,0.0,0.0,0.0,0
77.0,0.0,100.0,8.0,0,0,0,0,0.0,0.0,0.0,0
75.0,0.0,100.0,0.0,0,0,0,0,0.0,0.0,0.0,0
75.0,0.0,100.0,0.0,0,0,0,0,0.0,0.0,0.0,0
75.0,0.0,100.0,0.0,0,0,0,0,0.0,0.0,0.0,0
75.0,0.0,100.0,0.0,0,0,0,0,0.0,0.0,0.0,0
75.0,0.0,100.0,0.0,0,0,0,0,0.0,0.0,0.0,0
75.0,0.0,100.0,0.0,0,0,0,0,0.0,0.0,0.0,0
75.0,0.0,100.0,0.0,0,0,0,0,0.0,0.0,0.0,0
100.0,0.0,100.0,100.0,0,0,0,0,0.0,0.0,0.0,0
100.0,0.0,100.0,100.0,0,0,0,0,0.0,0.0,0.0,0
100.0,0.0,100.0,100.0,0,0,0,0,0.0,0.0,0.0,0
100.0,0.0,100.0,100.0,0,0,0,0,0.0,0.0,0.0,0
100.0,0.0,100.0,100.0,0,0,0,0,0.0,0.0,0.0,0
100.0,0.0,100.0,100.0,0,0,0,0,0.0,0.0,0.0,0
100.0,0.0,100.0,100.0,0,0,0,0,0.0,0.0,0.0,0
100.0,0.0,100.0,100.0,0,0,0,0,0.0,0.0,0.0,0
100.0,0.0,100.0,100.0,0,0,0,0,0.0,0.0,0.0,0
100.0,0.0,100.0,100.0,0,0,0,0,0.0,0.0,0.0,0
100.0,0.0,100.0,100.0,0,0,0,0,0.0,0.0,0.0,0
100.0,0.0,100.0,100.0,0,0,0,0,0.0,0.0,0.0,0
100.0,0.0,100.0,100.0,0,0,0,0,0.0,0.0,0.0,0
100.0,0.0,100.0,100.0,0,0,0,0,0.0,0.0,0.0,0
100.0,0.0,100.0,100.0,0,0,0,0,0.0,0.0,0.0,0
100.0,0.0,100.0,100.0,0,0,0,0,0.0,0.0,0.0,0
100.0,0.0,100.0,100.0,0,0,0,0,0.0,0.0,0.0,0
100.0,0.0,100.0,100.0,0,0,0,0,0.0,0.0,0.0,0
100.0,0.0,100.0,100.0,0,0,0,0,0.0,0.0,0.0,0
100.0,0.0,100.0,100.0,0,0,0,0,0.0,0.0,0.0,0
100.0,0.0,100.0,100.0,0,0,0,0,0.0,0.0,0.0,0
100.0,0.0,100.0,100.0,0,0,0,0,0.0,0.0,0.0,0
100.0,0.0,100.0,100.0,0,0,0,0,0.0,0.0,0.0,0
100.0,0.0,100.0,100.0,0,0,0,0,0.0,0.0,0.0,0
100.0,0.0,100.0,100.0,0,0,0,0,0.0,0.0,0.0,0
100.0,0.0,100.0,100.0,0,0,0,0,0.0,0.0,0.0,0
100.0,0.0,100.0,100.0,0,0,0,0,0.0,0.0,0.0,0
100.0,0.0,100.0,100.0,0,0,0,0,0.0,0.0,0.0,0
100.0,0.0,100.0,100.0,0,0,0,0,0.0,0.0,0.0,0
100.0,0.0,100.0,100.0,0,0,0,0,0.0,0.0,0.0,0
100.0,0.0,100.0,100.0,0,0,0,0,0.0,0.0,0.0,0
100.0,0.0,100.0,100.0,0,0,0,0,0.0,0.0,0.0,0
100.0,0.0,100.0,100.0,0,0,0,0,0.0,0.0,0.0,0
100.0,0.0,100.0,100.0,0,0,0,0,0.0,0.0,0.0,0
100.0,0.0,100.0,100.0,0,0,0,0,0.0,0.0,0.0,0
100.0,0.0,100.0,100.0,0,0,0,0,0.0,0.0,0.0,0
100.0,0.0,100.0,100.0,0,0,0,0,0.0,0.0,0.0,0
100.0,0.0,100.0,100.0,0,0,0,0,0.0,0.0,0.0,0
100.0,0.0,100.0,100.0,0,0,0,0,0.0,0.0,0.0,0
100.0,0.0,100.0,100.0,0,0,0,0,0.0,0.0,0.0,0
100.0,0.0,100.0,100.0,0,0,0,0,0.0,0.0,0.0,0
100.0,0.0,100.0,100.0,0,0,0,0,0.0,0.0,0.0,0
100.0,0.0,100.0,100.0,0,0,0,0,0.0,0.0,0.0,0
100.0,0.0,100.0,100.0,0,0,0,0,0.0,0.0,0.0,0
100.0,0.0,100.0,100.0,0,0,0,0,0.0,0.0,0.0,0
100.0,0.0,100.0,100.0,0,0,0,0,0.0,0.0,0.0,0
100.0,0.0,100.0,100.0,0,0,0,0,0.0,0.0,0.0,0
100.0,0.0,100.0,100.0,0,0,0,0,0.0,0.0,0.0,0
100.0,0.0,100.0,100.0,0,0,0,0,0.0,0.0,0.0,0
100.0,0.0,100.0,100.0,0,0,0,0,0.0,0.0,0.0,0
100.0,0.0,100.0,100.0,0,0,0,0,0.0,0.0,0.0,0
100.0,0.0,100.0,100.0,0,0,0,0,0.0,0.0,0.0,0
100.0,0.0,100.0,100.0,0,0,0,0,0.0,0.0,0.0,0
100.0,0.0,100.0,100.0,0,0,0,0,0.0,0.0,0.0,0
100.0,0.0,100.0,100.0,0,0,0,0,0.0,0.0,0.0,0
100.0,0.0,100.0,100.0,0,0,0,0,0.0,0.0,0.0,0
100.0,0.0,100.0,100.0,0,0,0,0,0.0,0.0,0.0,0
100.0,0.0,100.0,100.0,0,0,0,0,0.0,0.0,0.0,0
100.0,0.0,100.0,100.0,0,0,0,0,0.0,0.0,0.0,0
100.0,0.0,100.0,100.0,0,0,0,0,0.0,0.0,0.0,0
100.0,0.0,100.0,100.0,0,0,0,0,0.0,0.0,0.0,0
100.0,0.0,100.0,100.0,0,0,0,0,0.0,0.0,0.0,0
100.0,0.0,100.0,100.0,0,0,0,0,0.0,0.0,0.0,0
100.0,0.0,100.0,100.0,0,0,0,0,0.0,0.0,0.0,0
100.0,0.0,100.0,100.0,0,0,0,0,0.0,0.0,0.0,0
100.0,0.0,100.0,100.0,0,0,0,0,0.0,0.0,0.0,0
100.0,0.0,100.0,100.0,0,0,0,0,0.0,0.0,0.0,0
100.0,0.0,100.0,100.0,0,0,0,0,0.0,0.0,0.0,0
100.0,0.0,100.0,100.0,0,0,0,0,0.0,0.0,0.0,0
100.0,0.0,100.0,100.0,0,0,0,0,0.0,0.0,0.0,0
100.0,0.0,100.0,100.0,0,0,0,0,0.0,0.0,0.0,0
100.0,0.0,100.0,100.0,0,0,0,0,0.0,0.0,0.0,0
100.0,0.0,100.0,100.0,0,0,0,0,0.0,0.0,0.0,0
100.0,0.0,100.0,100.0,0,0,0,0,0.0,0.0,0.0,0
100.0,0.0,100.0,100.0,0,0,0,0,0.0,0.0,0.0,0
100.0,0.0,100.0,100.0,0,0,0,0,0.0,0.0,0.0,0
100.0,0.0,100.0,100.0,0,0,0,0,0.0,0.0,0.0,0
100.0,0.0,100.0,100.0,0,0,0,0,0.0,0.0,0.0,0
100.0,0.0,100.0,100.0,0,0,0,0,0.0,0.0,0.0,0
100.0,0.0,100.0,100.0,0,0,0,0,0.0,0.0,0.0,0
100.0,0.0,100.0,100.0,0,0,0,0,0.0,0.0,0.0,0
100.0,0.0,100.0,100.0,0,0,0,0,0.0,0.0,0.0,0
100.0,0.0,100.0,100.0,0,0,0,0,0.0,0.0,0.0,0
100.0,0.0,100.0,100.0,0,0,0,0,0.0,0.0,0.0,0
100.0,0.0,100.0,100.0,0,0,0,0,0.0,0.0,0.0,0
100.0,0.0,100.0,100.0,0,0,0,0,0.0,0.0,0.0,0
100.0,0.0,100.0,100.0,0,0,0,0,0.0,0.0,0.0,0
100.0,0.0,100.0,100.0,0,0,0,0,0.0,0.0,0.0,0
100.0,0.0,100.0,100.0,0,0,0,0,0.0,0.0,0.0,0
100.0,0.0,100.0,100.0,0,0,0,0,0.0,0.0,0.0,0
94.12,0.0,94.12,94.12,0,0,0,0,-5.8799999999999955,0.0,0.0,0
100.0,0.0,100.0,100.0,0,0,0,0,5.8799999999999955,0.0,0.0,0
100.0,0.0,100.0,100.0,0,0,0,0,0.0,0.0,0.0,0
100.0,0.0,100.0,100.0,0,0,0,0,0.0,0.0,0.0,0
100.0,0.0,100.0,100.0,0,0,0,0,0.0,0.0,0.0,0
100.0,0.0,100.0,100.0,0,0,0,0,0.0,0.0,0.0,0
100.0,0.0,100.0,100.0,0,0,0,0,0.0,0.0,0.0,0
100.0,0.0,100.0,100.0,0,0,0,0,0.0,0.0,0.0,0
100.0,0.0,100.0,100.0,0,0,0,0,0.0,0.0,0.0,0
100.0,0.0,100.0,100.0,0,0,0,0,0.0,0.0,0.0,0
100.0,0.0,100.0,100.0,0,0,0,0,0.0,0.0,0.0,0
100.0,0.0,100.0,100.0,0,0,0,0,0.0,0.0,0.0,0
100.0,0.0,100.0,100.0,0,0,0,0,0.0,0.0,0.0,0
100.0,0.0,100.0,100.0,0,0,0,0,0.0,0.0,0.0,0
100.0,0.0,100.0,100.0,0,0,0,0,0.0,0.0,0.0,0
100.0,0.0,100.0,100.0,0,0,0,0,0.0,0.0,0.0,0
100.0,0.0,100.0,100.0,0,0,0,0,0.0,0.0,0.0,0
100.0,0.0,100.0,100.0,0,0,0,0,0.0,0.0,0.0,0
100.0,0.0,100.0,100.0,0,0,0,0,0.0,0.0,0.0,0
100.0,0.0,100.0,100.0,0,0,0,0,0.0,0.0,0.0,0
100.0,0.0,100.0,100.0,0,0,0,0,0.0,0.0,0.0,0
100.0,0.0,100.0,100.0,0,0,0,0,0.0,0.0,0.0,0
100.0,0.0,100.0,100.0,0,0,0,0,0.0,0.0,0.0,0
100.0,0.0,100.0,100.0,0,0,0,0,0.0,0.0,0.0,0
100.0,0.0,100.0,100.0,0,0,0,0,0.0,0.0,0.0,0
100.0,0.0,100.0,100.0,0,0,0,0,0.0,0.0,0.0,0
100.0,0.0,100.0,100.0,0,0,0,0,0.0,0.0,0.0,0
100.0,0.0,100.0,100.0,0,0,0,0,0.0,0.0,0.0,0
100.0,0.0,100.0,100.0,0,0,0,0,0.0,0.0,0.0,0
100.0,0.0,100.0,100.0,0,0,0,0,0.0,0.0,0.0,0
100.0,0.0,100.0,100.0,0,0,0,0,0.0,0.0,0.0,0
100.0,0.0,100.0,100.0,0,0,0,0,0.0,0.0,0.0,0
100.0,0.0,100.0,100.0,0,0,0,0,0.0,0.0,0.0,0
100.0,0.0,100.0,100.0,0,0,0,0,0.0,0.0,0.0,0
100.0,0.0,100.0,100.0,0,0,0,0,0.0,0.0,0.0,0
100.0,0.0,100.0,100.0,0,0,0,0,0.0,0.0,0.0,0
100.0,0.0,100.0,100.0,0,0,0,0,0.0,0.0,0.0,0
100.0,0.0,100.0,100.0,0,0,0,0,0.0,0.0,0.0,0
100.0,0.0,100.0,100.0,0,0,0,0,0.0,0.0,0.0,0
100.0,0.0,100.0,100.0,0,0,0,0,0.0,0.0,0.0,0
100.0,0.0,100.0,100.0,0,0,0,0,0.0,0.0,0.0,0
100.0,0.0,100.0,100.0,0,0,0,0,0.0,0.0,0.0,0
100.0,0.0,100.0,100.0,0,0,0,0,0.0,0.0,0.0,0
100.0,0.0,100.0,100.0,0,0,0,0,0.0,0.0,0.0,0
100.0,0.0,100.0,100.0,0,0,0,0,0.0,0.0,0.0,0
100.0,0.0,100.0,100.0,0,0,0,0,0.0,0.0,0.0,0
100.0,0.0,100.0,100.0,0,0,0,0,0.0,0.0,0.0,0
100.0,0.0,100.0,100.0,0,0,0,0,0.0,0.0,0.0,0
100.0,0.0,100.0,100.0,0,0,0,0,0.0,0.0,0.0,0
100.0,0.0,100.0,100.0,0,0,0,0,0.0,0.0,0.0,0
100.0,0.0,100.0,100.0,0,0,0,0,0.0,0.0,0.0,0
100.0,0.0,100.0,100.0,0,0,0,0,0.0,0.0,0.0,0
100.0,0.0,100.0,100.0,0,0,0,0,0.0,0.0,0.0,0
100.0,0.0,100.0,100.0,0,0,0,0,0.0,0.0,0.0,0
100.0,0.0,100.0,100.0,0,0,0,0,0.0,0.0,0.0,0
100.0,0.0,100.0,100.0,0,0,0,0,0.0,0.0,0.0,0
100.0,0.0,100.0,100.0,0,0,0,0,0.0,0.0,0.0,0
100.0,0.0,100.0,100.0,0,0,0,0,0.0,0.0,0.0,0
100.0,0.0,100.0,100.0,0,0,0,0,0.0,0.0,0.0,0
100.0,0.0,100.0,100.0,0,0,0,0,0.0,0.0,0.0,0
100.0,0.0,100.0,100.0,0,0,0,0,0.0,0.0,0.0,0
100.0,0.0,100.0,100.0,0,0,0,0,0.0,0.0,0.0,0
100.0,0.0,100.0,100.0,0,0,0,0,0.0,0.0,0.0,0
100.0,0.0,100.0,100.0,0,0,0,0,0.0,0.0,0.0,0
100.0,0.0,100.0,100.0,0,0,0,0,0.0,0.0,0.0,0
100.0,0.0,100.0,100.0,0,0,0,0,0.0,0.0,0.0,0
100.0,0.0,100.0,100.0,0,0,0,0,0.0,0.0,0.0,0
100.0,0.0,100.0,100.0,0,0,0,0,0.0,0.0,0.0,0
100.0,0.0,100.0,100.0,0,0,0,0,0.0,0.0,0.0,0
100.0,0.0,100.0,100.0,0,0,0,0,0.0,0.0,0.0,0
100.0,0.0,100.0,100.0,0,0,0,0,0.0,0.0,0.0,0
100.0,0.0,100.0,100.0,0,0,0,0,0.0,0.0,0.0,0
100.0,0.0,100.0,100.0,0,0,0,0,0.0,0.0,0.0,0
100.0,0.0,100.0,100.0,0,0,0,0,0.0,0.0,0.0,0
100.0,0.0,100.0,100.0,0,0,0,0,0.0,0.0,0.0,0
100.0,0.0,100.0,100.0,0,0,0,0,0.0,0.0,0.0,0
100.0,0.0,100.0,100.0,0,0,0,0,0.0,0.0,0.0,0
100.0,0.0,100.0,100.0,0,0,0,0,0.0,0.0,0.0,0
100.0,0.0,100.0,100.0,0,0,0,0,0.0,0.0,0.0,0
100.0,0.0,100.0,100.0,0,0,0,0,0.0,0.0,0.0,0
100.0,0.0,100.0,100.0,0,0,0,0,0.0,0.0,0.0,0
100.0,0.0,100.0,100.0,0,0,0,0,0.0,0.0,0.0,0
100.0,0.0,100.0,100.0,0,0,0,0,0.0,0.0,0.0,0
100.0,0.0,100.0,100.0,0,0,0,0,0.0,0.0,0.0,0
100.0,0.0,100.0,100.0,0,0,0,0,0.0,0.0,0.0,0
100.0,0.0,100.0,100.0,0,0,0,0,0.0,0.0,0.0,0
100.0,0.0,100.0,100.0,0,0,0,0,0.0,0.0,0.0,0
100.0,0.0,100.0,100.0,0,0,0,0,0.0,0.0,0.0,0
100.0,0.0,100.0,100.0,0,0,0,0,0.0,0.0,0.0,0
100.0,0.0,100.0,100.0,0,0,0,0,0.0,0.0,0.0,0
100.0,0.0,100.0,100.0,0,0,0,0,0.0,0.0,0.0,0
100.0,0.0,100.0,100.0,0,0,0,0,0.0,0.0,0.0,0
100.0,0.0,100.0,100.0,0,0,0,0,0.0,0.0,0.0,0
100.0,0.0,100.0,100.0,0,0,0,0,0.0,0.0,0.0,0
100.0,0.0,100.0,100.0,0,0,0,0,0.0,0.0,0.0,0
100.0,0.0,100.0,100.0,0,0,0,0,0.0,0.0,0.0,0
100.0,0.0,100.0,100.0,0,0,0,0,0.0,0.0,0.0,0
100.0,0.0,100.0,100.0,0,0,0,0,0.0,0.0,0.0,0
100.0,0.0,100.0,100.0,0,0,0,0,0.0,0.0,0.0,0
100.0,0.0,100.0,100.0,0,0,0,0,0.0,0.0,0.0,0
100.0,0.0,100.0,100.0,0,0,0,0,0.0,0.0,0.0,0
100.0,0.0,100.0,100.0,0,0,0,0,0.0,0.0,0.0,0
100.0,0.0,100.0,100.0,0,0,0,0,0.0,0.0,0.0,0
100.0,0.0,100.0,100.0,0,0,0,0,0.0,0.0,0.0,0
100.0,0.0,100.0,100.0,0,0,0,0,0.0,0.0,0.0,0
100.0,0.0,100.0,100.0,0,0,0,0,0.0,0.0,0.0,0
100.0,0.0,100.0,100.0,0,0,0,0,0.0,0.0,0.0,0
100.0,0.0,100.0,100.0,0,0,0,0,0.0,0.0,0.0,0
100.0,0.0,100.0,100.0,0,0,0,0,0.0,0.0,0.0,0
100.0,0.0,100.0,100.0,0,0,0,0,0.0,0.0,0.0,0
100.0,0.0,100.0,100.0,0,0,0,0,0.0,0.0,0.0,0
100.0,0.0,100.0,100.0,0,0,0,0,0.0,0.0,0.0,0
100.0,0.0,100.0,100.0,0,0,0,0,0.0,0.0,0.0,0
100.0,0.0,100.0,100.0,0,0,0,0,0.0,0.0,0.0,0
100.0,0.0,100.0,100.0,0,0,0,0,0.0,0.0,0.0,0
100.0,0.0,100.0,100.0,0,0,0,0,0.0,0.0,0.0,0
100.0,0.0,100.0,100.0,0,0,0,0,0.0,0.0,0.0,0
100.0,0.0,100.0,100.0,0,0,0,0,0.0,0.0,0.0,0
100.0,0.0,100.0,100.0,0,0,0,0,0.0,0.0,0.0,0
99.58,0.0,100.0,98.33,0,0,0,0,0.0,0.0,0.0,0
100.0,0.0,100.0,100.0,0,0,0,0,0.0,0.0,0.0,0
100.0,0.0,100.0,100.0,0,0,0,0,0.0,0.0,0.0,0
100.0,0.0,100.0,100.0,0,0,0,0,0.0,0.0,0.0,0
100.0,0.0,100.0,100.0,0,0,0,0,0.0,0.0,0.0,0
100.0,0.0,100.0,100.0,0,0,0,0,0.0,0.0,0.0,0
100.0,0.0,100.0,100.0,0,0,0,0,0.0,0.0,0.0,0
100.0,0.0,100.0,100.0,0,0,0,0,0.0,0.0,0.0,0
100.0,0.0,100.0,100.0,0,0,0,0,0.0,0.0,0.0,0
100.0,0.0,100.0,100.0,0,0,0,0,0.0,0.0,0.0,0
100.0,0.0,100.0,100.0,0,0,0,0,0.0,0.0,0.0,0
100.0,0.0,100.0,100.0,0,0,0,0,0.0,0.0,0.0,0
100.0,0.0,100.0,100.0,0,0,0,0,0.0,0.0,0.0,0
88.33,0.0,100.0,53.33,0,0,0,0,0.0,0.0,0.0,0
75.0,0.0,100.0,0.0,0,0,0,0,0.0,0.0,0.0,0
75.0,0.0,100.0,0.0,0,0,0,0,0.0,0.0,0.0,0
75.0,0.0,100.0,0.0,0,0,0,0,0.0,0.0,0.0,0
75.0,0.0,100.0,0.0,0,0,0,0,0.0,0.0,0.0,0
75.0,0.0,100.0,0.0,0,0,0,0,0.0,0.0,0.0,0
75.0,0.0,100.0,0.0,0,0,0,0,0.0,0.0,0.0,0
75.0,0.0,100.0,0.0,0,0,0,0,0.0,0.0,0.0,0
75.0,0.0,100.0,0.0,0,0,0,0,0.0,0.0,0.0,0
75.0,0.0,100.0,0.0,0,0,0,0,0.0,0.0,0.0,0
80.0,0.0,100.0,20.0,0,0,0,0,0.0,0.0,0.0,0
100.0,0.0,100.0,100.0,0,0,0,0,0.0,0.0,0.0,0
95.0,0.0,100.0,80.0,0,0,0,0,0.0,0.0,0.0,0
75.0,0.0,100.0,0.0,0,0,0,0,0.0,0.0,0.0,0
75.0,0.0,100.0,0.0,0,0,0,0,0.0,0.0,0.0,0
75.0,0.0,100.0,0.0,0,0,0,0,0.0,0.0,0.0,0
75.0,0.0,100.0,0.0,0,0,0,0,0.0,0.0,0.0,0
75.0,0.0,100.0,0.0,0,0,0,0,0.0,0.0,0.0,0
91.25,0.0,100.0,65.0,0,0,0,0,0.0,0.0,0.0,0
100.0,0.0,100.0,100.0,0,0,0,0,0.0,0.0,0.0,0
100.0,0.0,100.0,100.0,0,0,0,0,0.0,0.0,0.0,0
75.0,0.0,100.0,0.0,0,0,0,0,0.0,0.0,0.0,0
75.0,0.0,100.0,0.0,0,0,0,0,0.0,0.0,0.0,0
75.0,0.0,100.0,0.0,0,0,0,0,0.0,0.0,0.0,0
75.0,0.0,100.0,0.0,0,0,0,0,0.0,0.0,0.0,0
75.0,0.0,100.0,0.0,0,0,0,0,0.0,0.0,0.0,0
75.0,0.0,100.0,0.0,0,0,0,0,0.0,0.0,0.0,0
75.0,0.0,100.0,0.0,0,0,0,0,0.0,0.0,0.0,0
75.0,0.0,100.0,0.0,0,0,0,0,0.0,0.0,0.0,0
81.25,0.0,100.0,25.0,0,0,0,0,0.0,0.0,0.0,0
100.0,0.0,100.0,100.0,0,0,0,0,0.0,0.0,0.0,0
100.0,0.0,100.0,100.0,0,0,0,0,0.0,0.0,0.0,0
100.0,0.0,100.0,100.0,0,0,0,0,0.0,0.0,0.0,0
100.0,0.0,100.0,100.0,0,0,0,0,0.0,0.0,0.0,0
100.0,0.0,100.0,100.0,0,0,0,0,0.0,0.0,0.0,0
100.0,0.0,100.0,100.0,0,0,0,0,0.0,0.0,0.0,0
100.0,0.0,100.0,100.0,0,0,0,0,0.0,0.0,0.0,0
100.0,0.0,100.0,100.0,0,0,0,0,0.0,0.0,0.0,0
100.0,0.0,100.0,100.0,0,0,0,0,0.0,0.0,0.0,0
100.0,0.0,100.0,100.0,0,0,0,0,0.0,0.0,0.0,0
100.0,0.0,100.0,100.0,0,0,0,0,0.0,0.0,0.0,0
100.0,0.0,100.0,100.0,0,0,0,0,0.0,0.0,0.0,0
100.0,0.0,100.0,100.0,0,0,0,0,0.0,0.0,0.0,0
75.0,0.0,100.0,0.0,0,0,0,0,0.0,0.0,0.0,0
75.0,0.0,100.0,0.0,0,0,0,0,0.0,0.0,0.0,0
75.0,0.0,100.0,0.0,0,0,0,0,0.0,0.0,0.0,0
75.0,0.0,100.0,0.0,0,0,0,0,0.0,0.0,0.0,0
75.0,0.0,100.0,0.0,0,0,0,0,0.0,0.0,0.0,0
75.0,0.0,100.0,0.0,0,0,0,0,0.0,0.0,0.0,0
75.0,0.0,100.0,0.0,0,0,0,0,0.0,0.0,0.0,0
75.0,0.0,100.0,0.0,0,0,0,0,0.0,0.0,0.0,0
90.42,0.0,100.0,61.67,0,0,0,0,0.0,0.0,0.0,0
97.34,0.0,100.0,89.36,0,0,0,0,0.0,0.0,0.0,0
91.33,0.0,100.0,65.31,0,0,0,0,0.0,0.0,0.0,0
100.0,0.0,100.0,100.0,0,0,0,0,0.0,0.0,0.0,0
100.0,0.0,100.0,100.0,0,0,0,0,0.0,0.0,0.0,0
100.0,0.0,100.0,100.0,0,0,0,0,0.0,0.0,0.0,0
100.0,0.0,100.0,100.0,0,0,0,0,0.0,0.0,0.0,0
100.0,0.0,100.0,100.0,0,0,0,0,0.0,0.0,0.0,0
100.0,0.0,100.0,100.0,0,0,0,0,0.0,0.0,0.0,0
100.0,0.0,100.0,100.0,0,0,0,0,0.0,0.0,0.0,0
100.0,0.0,100.0,100.0,0,0,0,0,0.0,0.0,0.0,0
100.0,0.0,100.0,100.0,0,0,0,0,0.0,0.0,0.0,0
100.0,0.0,100.0,100.0,0,0,0,0,0.0,0.0,0.0,0
90.91,0.0,90.91,90.91,0,0,0,0,-9.090000000000003,0.0,0.0,0
100.0,0.0,100.0,100.0,0,0,0,0,9.090000000000003,0.0,0.0,0
100.0,0.0,100.0,100.0,0,0,0,0,0.0,0.0,0.0,0
100.0,0.0,100.0,100.0,0,0,0,0,0.0,0.0,0.0,0
100.0,0.0,100.0,100.0,0,0,0,0,0.0,0.0,0.0,0
100.0,0.0,100.0,100.0,0,0,0,0,0.0,0.0,0.0,0
100.0,0.0,100.0,100.0,0,0,0,0,0.0,0.0,0.0,0
100.0,0.0,100.0,100.0,0,0,0,0,0.0,0.0,0.0,0
100.0,0.0,100.0,100.0,0,0,0,0,0.0,0.0,0.0,0
100.0,0.0,100.0,100.0,0,0,0,0,0.0,0.0,0.0,0
100.0,0.0,100.0,100.0,0,0,0,0,0.0,0.0,0.0,0
100.0,0.0,100.0,100.0,0,0,0,0,0.0,0.0,0.0,0
100.0,0.0,100.0,100.0,0,0,0,0,0.0,0.0,0.0,0
100.0,0.0,100.0,100.0,0,0,0,0,0.0,0.0,0.0,0
100.0,0.0,100.0,100.0,0,0,0,0,0.0,0.0,0.0,0
100.0,0.0,100.0,100.0,0,0,0,0,0.0,0.0,0.0,0
100.0,0.0,100.0,100.0,0,0,0,0,0.0,0.0,0.0,0
100.0,0.0,100.0,100.0,0,0,0,0,0.0,0.0,0.0,0
100.0,0.0,100.0,100.0,0,0,0,0,0.0,0.0,0.0,0
100.0,0.0,100.0,100.0,0,0,0,0,0.0,0.0,0.0,0
100.0,0.0,100.0,100.0,0,0,0,0,0.0,0.0,0.0,0
100.0,0.0,100.0,100.0,0,0,0,0,0.0,0.0,0.0,0
100.0,0.0,100.0,100.0,0,0,0,0,0.0,0.0,0.0,0
100.0,0.0,100.0,100.0,0,0,0,0,0.0,0.0,0.0,0
100.0,0.0,100.0,100.0,0,0,0,0,0.0,0.0,0.0,0
100.0,0.0,100.0,100.0,0,0,0,0,0.0,0.0,0.0,0
100.0,0.0,100.0,100.0,0,0,0,0,0.0,0.0,0.0,0
100.0,0.0,100.0,100.0,0,0,0,0,0.0,0.0,0.0,0
100.0,0.0,100.0,100.0,0,0,0,0,0.0,0.0,0.0,0
100.0,0.0,100.0,100.0,0,0,0,0,0.0,0.0,0.0,0
100.0,0.0,100.0,100.0,0,0,0,0,0.0,0.0,0.0,0
100.0,0.0,100.0,100.0,0,0,0,0,0.0,0.0,0.0,0
100.0,0.0,100.0,100.0,0,0,0,0,0.0,0.0,0.0,0
100.0,0.0,100.0,100.0,0,0,0,0,0.0,0.0,0.0,0
91.0,0.0,100.0,64.0,0,0,0,0,0.0,0.0,0.0,0
100.0,0.0,100.0,100.0,0,0,0,0,0.0,0.0,0.0,0
100.0,0.0,100.0,100.0,0,0,0,0,0.0,0.0,0.0,0
100.0,0.0,100.0,100.0,0,0,0,0,0.0,0.0,0.0,0
87.79,0.0,100.0,51.16,0,0,0,0,0.0,0.0,0.0,0
75.0,0.0,100.0,0.0,0,0,0,0,0.0,0.0,0.0,0
75.83,0.0,100.0,3.33,0,0,0,0,0.0,0.0,0.0,0
75.0,0.0,100.0,0.0,0,0,0,0,0.0,0.0,0.0,0
75.0,0.0,100.0,0.0,0,0,0,0,0.0,0.0,0.0,0
85.83,0.0,100.0,43.33,0,0,0,0,0.0,0.0,0.0,0
100.0,0.0,100.0,100.0,0,0,0,0,0.0,0.0,0.0,0
100.0,0.0,100.0,100.0,0,0,0,0,0.0,0.0,0.0,0
100.0,0.0,100.0,100.0,0,0,0,0,0.0,0.0,0.0,0
100.0,0.0,100.0,100.0,0,0,0,0,0.0,0.0,0.0,0
75.0,0.0,100.0,0.0,0,0,0,0,0.0,0.0,0.0,0
100.0,0.0,100.0,100.0,0,0,0,0,0.0,0.0,0.0,0
100.0,0.0,100.0,100.0,0,0,0,0,0.0,0.0,0.0,0
100.0,0.0,100.0,100.0,0,0,0,0,0.0,0.0,0.0,0
100.0,0.0,100.0,100.0,0,0,0,0,0.0,0.0,0.0,0
100.0,0.0,100.0,100.0,0,0,0,0,0.0,0.0,0.0,0
100.0,0.0,100.0,100.0,0,0,0,0,0.0,0.0,0.0,0
100.0,0.0,100.0,100.0,0,0,0,0,0.0,0.0,0.0,0
100.0,0.0,100.0,100.0,0,0,0,0,0.0,0.0,0.0,0
100.0,0.0,100.0,100.0,0,0,0,0,0.0,0.0,0.0,0
100.0,0.0,100.0,100.0,0,0,0,0,0.0,0.0,0.0,0
100.0,0.0,100.0,100.0,0,0,0,0,0.0,0.0,0.0,0
100.0,0.0,100.0,100.0,0,0,0,0,0.0,0.0,0.0,0
100.0,0.0,100.0,100.0,0,0,0,0,0.0,0.0,0.0,0
100.0,0.0,100.0,100.0,0,0,0,0,0.0,0.0,0.0,0
100.0,0.0,100.0,100.0,0,0,0,0,0.0,0.0,0.0,0
100.0,0.0,100.0,100.0,0,0,0,0,0.0,0.0,0.0,0
100.0,0.0,100.0,100.0,0,0,0,0,0.0,0.0,0.0,0
100.0,0.0,100.0,100.0,0,0,0,0,0.0,0.0,0.0,0
100.0,0.0,100.0,100.0,0,0,0,0,0.0,0.0,0.0,0
100.0,0.0,100.0,100.0,0,0,0,0,0.0,0.0,0.0,0
100.0,0.0,100.0,100.0,0,0,0,0,0.0,0.0,0.0,0
100.0,0.0,100.0,100.0,0,0,0,0,0.0,0.0,0.0,0
100.0,0.0,100.0,100.0,0,0,0,0,0.0,0.0,0.0,0
100.0,0.0,100.0,100.0,0,0,0,0,0.0,0.0,0.0,0
100.0,0.0,100.0,100.0,0,0,0,0,0.0,0.0,0.0,0
100.0,0.0,100.0,100.0,0,0,0,0,0.0,0.0,0.0,0
100.0,0.0,100.0,100.0,0,0,0,0,0.0,0.0,0.0,0
100.0,0.0,100.0,100.0,0,0,0,0,0.0,0.0,0.0,0
97.0,4.62,71.55,65.0,0,0,0,0,-28.450000000000003,0.0,0.0,0
